player_name,team,pos,target_share,carry_share,catch_rate,ypc,yac_per_rec,cpoe,sack_rate,scramble_rate,adot,avg_air_yards_per_att,deep_target_rate,elusiveness,broken_tackle_rate,avg_time_to_throw_sec,avg_separation_yds
Carson Beck,ARI,QB,0,0,0,0,0,0,0,0,0,0,0,0,0,0,0
Gardner Minshew,ARI,QB,0.0,0.0667,,,,-14.6206,0.0,0.0,,5.6,,,,2.752,
Jacoby Brissett,ARI,QB,0.0,0.1488,,,,-3.6032,0.0703,0.0,,7.7609,,,,2.9519,
Kedon Slovis,ARI,QB,0.0,,,,,-31.8118,0.0,0.0,,1.5,,,,,
Bam Knight,ARI,RB,0.0734,0.3891,0.7556,2.6834,7.9815,,,,1.1093,,0.0,1.589,0.3426,,
Corey Kiner,ARI,RB,0.0789,0.1583,0.6667,4.2917,3.0,,,,3.6667,,0.0,-1.201,0.0,,
James Conner,ARI,RB,0.0891,0.4299,0.9167,2.9285,11.0,,,,-0.75,,0.0833,2.3454,0.4444,,3.2
Jeremiyah Love,ARI,RB,0,0,0,0,0,0,0,0,0,0,0,0,0,0,0
Trey Benson,ARI,RB,0.1194,0.3167,0.8542,5.4667,5.9083,,,,-1.6667,,0.0,-1.6901,0.1125,,3.2
Tyler Allgeier,ARI,RB,0.0493,0.2871,0.9,3.6373,7.3,,,,-1.8,,0.0,-1.0208,0.15,,3.2
Bryson Green,ARI,WR,,,,,,,,,,,,,,,
Devin Duvernay,ARI,WR,0.043,0.0131,0.4444,5.63,0.0,,,,14.3333,,0.4444,-4.0777,0.0,,3.454
Ihmir Smith-Marsette,ARI,WR,0.0113,0.0099,0.7,8.111,5.0,,,,8.25,,0.2,-1.2949,0.2308,,2.8
Jalen Brooks,ARI,WR,0.0668,0.0,0.5,4.0,5.0,,,,11.3333,,0.1667,0.7172,0.25,,1.953
Kendrick Bourne,ARI,WR,0.0975,0.0115,0.6713,8.952,3.2472,,,,12.2622,,0.2004,-1.2469,0.0861,,2.4582
Marvin Harrison,ARI,WR,0.158,0.0,0.549,4.0,2.8489,,,,13.7603,,0.2561,-1.749,0.0584,,2.5369
Michael Wilson,ARI,WR,0.1681,0.0022,0.585,7.0,3.5686,,,,12.1857,,0.1885,-0.9547,0.097,,2.2738
Simi Fehoko,ARI,WR,0.0121,0.0,0.4545,4.0,3.3,,,,13.864,,0.2273,-1.1691,0.1,,1.74
Tejhaun Palmer,ARI,WR,,,,,,,,,,,,,,,
Xavier Weaver,ARI,WR,0.0475,,0.4444,,2.5,,,,14.5833,,0.3333,-1.3362,0.125,,
Elijah Higgins,ARI,TE,0.0655,0.0,0.7917,4.0,6.034,,,,3.7028,,0.0,0.0301,0.1718,,5.2479
Rivaldo Fairweather,ARI,TE,,,,,,,,,,,,,,,
Teagan Quitoriano,ARI,TE,,,,,,,,,,,,,,,
Tip Reiman,ARI,TE,0.0471,,0.5556,,3.0,,,,6.0,,0.0,-1.5281,0.0,,
Trey McBride,ARI,TE,0.2419,0.0022,0.7346,2.0,4.5963,,,,6.6735,,0.0521,-0.3151,0.1641,,3.0267
Michael Penix,ATL,QB,0.0,0.0849,,,,-2.5223,0.0427,0.0,,8.3459,,,,2.7943,
Trevor Siemian,ATL,QB,0.0,,,,,-6.5596,0.0465,0.0,,6.322,,,,2.732,
Tua Tagovailoa,ATL,QB,0.0,0.072,,,,1.3645,0.0643,0.0,,6.8499,,,,2.6572,
Bijan Robinson,ATL,RB,0.1819,0.6297,0.8173,4.8418,10.6267,,,,0.4436,,0.0166,2.9318,0.3032,,3.2
Brian Robinson,ATL,RB,0.041,0.2172,0.625,4.8415,5.1667,,,,-0.2917,,0.0,-2.744,0.0,,3.2
Nate Carter,ATL,RB,,0.2147,,6.7857,,,,,,,,,,,
Tyler Goodson,ATL,RB,0.0328,0.0802,0.75,2.8,5.0,,,,-1.0,,0.0,-2.5419,0.0,,3.2
Casey Washington,ATL,WR,0.0781,,0.4667,,2.3333,,,,18.8,,0.2333,-1.8233,0.25,,1.5664
Chris Blair,ATL,WR,,,,,,,,,,,,,,,
Drake London,ATL,WR,0.2744,0.0021,0.5996,-3.0,3.0131,,,,11.3588,,0.1692,-1.1462,0.1443,,2.7843
Dylan Drummond,ATL,WR,0.0972,,0.4833,,1.5556,,,,,,0.0833,-3.6851,0.0,,1.9714
Jahan Dotson,ATL,WR,0.0762,0.0026,0.4792,2.0,3.4697,,,,14.503,,0.2946,-1.5738,0.0,,2.5645
Olamide Zaccheaus,ATL,WR,0.1335,0.0347,0.5886,6.25,3.1533,,,,7.1869,,0.0751,-1.3831,0.1372,,3.0087
Austin Hooper,ATL,TE,0.0624,0.0,0.8397,4.0,5.1111,,,,7.8782,,0.0769,0.8486,0.25,,2.891
Charlie Woerner,ATL,TE,0.0451,0.0,0.8333,4.0,4.2,,,,0.6667,,0.0,-2.5417,0.2667,,3.0
Joshua Simon,ATL,TE,,,,,,,,,,,,,,,
Kyle Pitts,ATL,TE,0.2058,0.0019,0.7213,-4.0,4.2574,,,,7.4479,,0.0678,-0.6813,0.237,,3.3508
Lamar Jackson,BAL,QB,0.0,0.1758,,,,2.906,0.0924,0.0,,9.0267,,,,2.9873,
Skylar Thompson,BAL,QB,0.0,,,,,-6.7122,0.0741,0.0,,8.251,,,,3.071,
Tyler Huntley,BAL,QB,0.0,0.1189,,,,14.3316,0.0969,0.0,,6.2607,,,,2.6456,
Derrick Henry,BAL,RB,0.0556,0.6204,0.6667,5.2121,10.2167,,,,0.5128,,0.0,4.1887,0.35,,3.2
Justice Hill,BAL,RB,0.1086,0.0898,0.7396,3.9167,8.9542,,,,-0.4062,,0.0,0.9533,0.2792,,3.2
Lucas Scott,BAL,RB,,,,,,,,,,,,,,,
Rasheen Ali,BAL,RB,0.0964,0.0721,0.8667,2.8125,9.7,,,,-0.5667,,0.0,1.317,0.3,,
Cornelius Johnson,BAL,WR,,,,,,,,,,,,,,,
Dayton Wade,BAL,WR,,,,,,,,,,,,,,,
Devontez Walker,BAL,WR,0.0569,,0.8,,3.125,,,,25.8,,0.7,,0.125,,
LaJohntay Wester,BAL,WR,,,,,,,,,,,,,,,
Rashod Bateman,BAL,WR,0.1089,0.0017,0.478,18.0,2.84,,,,12.3004,,0.1712,-1.4721,0.1,,2.3087
Xavier Guillory,BAL,WR,,,,,,,,,,,,,,,
Zay Flowers,BAL,WR,0.2637,0.042,0.7263,6.5625,5.414,,,,9.9021,,0.173,-0.2044,0.1708,,3.6459
Durham Smythe,BAL,TE,0.0422,0.0049,0.8333,1.0,3.75,,,,3.0,,0.0,-1.6336,0.0,,3.449
Mark Andrews,BAL,TE,0.1477,0.0558,0.6828,7.2778,1.9734,,,,7.4142,,0.0392,-1.9467,0.0196,,2.89
Josh Allen,BUF,QB,0.0,0.2008,,,,2.8914,0.0702,0.0,,7.1202,,,,2.8739,
Kyle Allen,BUF,QB,0.0,,,,,-63.7494,0.0,0.0,,5.0,,,,2.673,
Shane Buechele,BUF,QB,0.0,0.0435,,,,-16.7719,0.2083,0.0,,9.8571,,,,,
Ben VanSumeren,BUF,RB,,,,,,,,,,,,,,,
Frank Gore,BUF,RB,,,,,,,,,,,,,,,
James Cook,BUF,RB,0.0879,0.6052,0.7976,5.3452,8.6872,,,,0.569,,0.0179,1.7016,0.3615,,3.2
Ray Davis,BUF,RB,0.0506,0.1575,0.6852,3.169,9.7143,,,,0.0556,,0.0,2.3713,0.4286,,3.2
Ty Johnson,BUF,RB,0.0795,0.0919,0.6936,4.6286,11.2424,,,,-1.1551,,0.0,2.5092,0.2273,,3.2
DJ Moore,BUF,WR,0.1432,0.0588,0.55,6.9444,4.2354,,,,11.8599,,0.2608,-1.3661,0.1875,,3.547
Jalen Virgil,BUF,WR,,,,,,,,,,,,,,,
Josh Palmer,BUF,WR,0.0908,0.0024,0.6769,5.333,2.325,,,,10.762,,0.1185,-2.7072,0.1,,2.5759
Keon Coleman,BUF,WR,0.1567,0.0017,0.6704,9.0,2.6528,,,,9.877,,0.1324,-1.1774,0.0521,,2.4058
Khalil Shakir,BUF,WR,0.1889,0.0345,0.7166,5.0,6.3018,,,,3.8177,,0.0535,0.2267,0.2553,,3.8678
Mac Dalena,BUF,WR,,,,,,,,,,,,,,,
Mecole Hardman,BUF,WR,0.0323,0.0144,0.0,7.107,7.63,,,,46.0,,1.0,1.075,0.2698,,3.934
Stephen Gosnell,BUF,WR,,,,,,,,,,,,,,,
Trent Sherfield,BUF,WR,0.0324,0.0,0.625,4.0,4.6667,,,,6.5,,0.125,-0.9604,0.3333,,2.518
Tyrell Shavers,BUF,WR,0.0754,0.0,0.6567,4.0,5.0521,,,,12.2067,,0.1233,0.6115,0.3438,,4.4801
Dalton Kincaid,BUF,TE,0.1344,0.0,0.6958,4.0,6.6682,,,,10.9472,,0.1306,2.0752,0.4455,,3.6108
Dawson Knox,BUF,TE,0.0991,0.0,0.7177,4.0,4.7022,,,,8.9775,,0.125,-0.2326,0.1222,,4.1154
Jackson Hawes,BUF,TE,0.0498,,0.8974,,5.3846,,,,6.5,,0.1538,,0.2308,,
Keleki Latu,BUF,TE,0.0645,,1.0,,3.8333,,,,3.3333,,0.0,-0.7471,0.1667,,
Shane Zylstra,BUF,TE,0.0877,0.0,0.6,4.0,0.6667,,,,7.4,,0.0,-4.099,0.0,,3.2343
Bryce Young,CAR,QB,0.0,0.1115,,,,1.2719,0.0492,0.0,,6.4415,,,,2.8543,
Kenny Pickett,CAR,QB,0.0,0.0898,,,,-11.4118,0.1174,0.0,,6.09,,,,2.7116,
Will Grier,CAR,QB,0.0,,,,,,,,,,,,,,
AJ Dillon,CAR,RB,0.0394,0.1046,1.0,4.6667,2.25,,,,3.75,,0.0,-1.1988,0.0,,3.2
Anthony Tyus,CAR,RB,,,,,,,,,,,,,,,
Chuba Hubbard,CAR,RB,0.078,0.3514,0.74,3.8611,9.4705,,,,-0.72,,0.0,1.2351,0.2551,,3.2
Jonathon Brooks,CAR,RB,,,,,,,,,,,,,,,
Trevor Etienne,CAR,RB,0.0313,0.1155,1.0,4.3135,3.6667,,,,0.6667,,0.0,-2.6919,0.0,,3.2
Ainias Smith,CAR,WR,,,,,,,,,,,,,,,
Brycen Tremayne,CAR,WR,0.0611,0.0,0.7938,4.0,3.6429,,,,8.2375,,0.025,-0.5495,0.119,,1.8529
Dan Chisena,CAR,WR,,,,,,,,,,,,,,,
David Moore,CAR,WR,0.04,0.0357,1.0,12.0,0.0,,,,5.0,,0.0,-3.895,0.0,,2.309
Ja'Seem Reed,CAR,WR,,,,,,,,,,,,,,,
Jalen Coker,CAR,WR,0.1367,0.0,0.7294,4.0,3.2833,,,,9.7597,,0.0894,-1.575,0.0833,,2.8709
Jimmy Horn,CAR,WR,0.0595,0.0464,0.7407,9.9167,6.625,,,,5.9259,,0.1111,-0.7557,0.125,,
John Metchie,CAR,WR,0.1225,0.0335,0.8006,-1.6667,3.4861,,,,4.7573,,0.0,-2.0952,0.1042,,3.1907
Tetairoa McMillan,CAR,WR,0.2226,0.0,0.5554,4.0,4.303,,,,12.1777,,0.2072,-0.1626,0.1917,,2.5979
Xavier Legette,CAR,WR,0.1249,0.05,0.5592,0.0,2.5278,,,,10.8052,,0.1906,-2.7493,0.1429,,2.4953
Bryce Pierre,CAR,TE,,,,,,,,,,,,,,,
Feleipe Franks,CAR,TE,,0.0334,,2.0,,,,,,,,,,,
Ja'Tavion Sanders,CAR,TE,0.0868,0.0,0.8586,4.0,2.5781,,,,4.6414,,0.0,-2.5482,0.0,,3.9634
James Mitchell,CAR,TE,0.0427,,1.0,,7.75,,,,2.0,,0.0,1.7749,0.5,,
Mitchell Evans,CAR,TE,0.0609,0.0435,0.7244,1.0,5.4091,,,,4.7949,,0.0,-0.1283,0.1212,,3.0
Tommy Tremble,CAR,TE,0.0784,0.0067,0.7583,3.667,6.9286,,,,3.7,,0.025,1.6339,0.1869,,2.725
Caleb Williams,CHI,QB,0.0,0.1391,,,,-3.3664,0.0384,0.0,,8.722,,,,3.1986,
Case Keenum,CHI,QB,0.0,,,,,-3.6247,0.0714,0.0,,6.47,,,,2.668,
Tyson Bagent,CHI,QB,0.0,0.0741,,,,19.6881,0.0,0.0,,3.3333,,,,2.944,
Brittain Brown,CHI,RB,0.025,0.1351,0.0,7.4,,,,,4.0,,0.0,,,,
D'Andre Swift,CHI,RB,0.0848,0.4882,0.7328,4.7477,11.8956,,,,-0.8318,,0.0,2.9229,0.3222,,3.2
Kyle Monangai,CHI,RB,0.0613,0.3509,0.6143,4.1716,9.4545,,,,-0.1083,,0.0,2.3907,0.3939,,3.2
Roschon Johnson,CHI,RB,0.051,0.0324,0.8333,8.5,6.86,,,,-0.367,,0.0,-0.9339,0.12,,3.2
Salvon Ahmed,CHI,RB,0.0247,0.0724,0.6667,2.978,8.469,,,,1.5,,0.0208,1.2751,0.3125,,3.2
JP Richardson,CHI,WR,,,,,,,,,,,,,,,
Jahdae Walker,CHI,WR,0.0905,,0.6111,,1.3333,,,,13.3611,,0.2222,-1.921,0.0,,
Kalif Raymond,CHI,WR,0.0667,0.0323,0.7611,9.5,4.8182,,,,7.0875,,0.0694,-0.6969,0.1515,,4.3199
Luther Burden,CHI,WR,0.1145,0.0349,0.802,6.1667,6.2528,,,,6.5114,,0.1188,-0.3617,0.2694,,4.6534
Maurice Alexander,CHI,WR,,,,,,,,,,,,,,,
Rome Odunze,CHI,WR,0.2163,0.0072,0.4341,5.0,5.6396,,,,13.9871,,0.2452,1.6728,0.329,,3.0052
Scott Miller,CHI,WR,0.0722,0.0049,0.6857,15.0,4.5417,,,,3.9905,,0.0286,-1.573,0.0,,4.5623
Cole Kmet,CHI,TE,0.0859,0.0033,0.6927,1.714,4.1021,,,,8.8059,,0.1632,-0.5665,0.2104,,4.6423
Colston Loveland,CHI,TE,0.1467,0.0312,0.67,-2.0,4.6622,,,,9.7348,,0.1552,0.7357,0.2344,,3.5737
Nikola Kalinic,CHI,TE,,,,,,,,,,,,,,,
Qadir Ismail,CHI,TE,,,,,,,,,,,,,,,
Stephen Carlson,CHI,TE,,,,,,,,,,,,,,,
Joe Burrow,CIN,QB,0.0,0.078,,,,4.6296,0.0645,0.0,,7.1034,,,,2.8002,
Joe Flacco,CIN,QB,0.0,0.0739,,,,-0.85,0.0335,0.0,,6.8368,,,,2.7446,
Josh Johnson,CIN,QB,0.0,0.1212,,,,-1.4311,0.0442,0.0,,5.3345,,,,2.8584,
Sean Clifford,CIN,QB,0.0,,,,,,,,,,,,,,
Chase Brown,CIN,RB,0.1294,0.64,0.789,4.3681,6.1506,,,,0.569,,0.0147,-1.1723,0.174,,3.2
Gary Brightwell,CIN,RB,0.0086,0.0267,0.6875,4.143,8.455,,,,0.125,,0.0,1.2393,0.4545,,3.2
Kendall Milton,CIN,RB,,0.0909,,1.0,,,,,,,,,,,
Samaje Perine,CIN,RB,0.0504,0.2776,0.8258,4.6139,7.0167,,,,-1.8712,,0.0,-1.3094,0.05,,3.2
Tahj Brooks,CIN,RB,0.026,0.1154,0.5,2.8306,11.0,,,,-2.5,,0.0,2.2029,0.0,,
Andrei Iosivas,CIN,WR,0.0921,0.0621,0.5633,4.6667,3.2564,,,,11.3751,,0.1919,-0.9843,0.1846,,2.2625
Charlie Jones,CIN,WR,0.0263,,0.0,,,,,,42.0,,1.0,,,,
Ja'Marr Chase,CIN,WR,0.2872,0.0543,0.6681,4.6667,5.1145,,,,8.7916,,0.1227,0.1347,0.2139,,3.0331
Jordan Moore,CIN,WR,,,,,,,,,,,,,,,
Ke'Shawn Williams,CIN,WR,0.0256,0.0392,1.0,5.0,0.0,,,,5.0,,0.0,-4.423,0.0,,
Kendric Pryor,CIN,WR,,,,,,,,,,,,,,,
Mitchell Tinsley,CIN,WR,0.0737,0.0,0.3819,4.0,1.9167,,,,14.4861,,0.3611,0.0,0.0,,1.6087
Tee Higgins,CIN,WR,0.1648,0.0,0.6133,4.0,2.8603,,,,14.4322,,0.2678,-1.0884,0.1673,,1.8553
Xavier Johnson,CIN,WR,,,,,,,,,,,,,,,
Cam Grandy,CIN,TE,0.0304,,1.0,,6.5,,,,-3.0,,0.0,-2.409,0.0,,
Drew Sample,CIN,TE,0.0469,0.0303,0.7424,3.0,6.6167,,,,-0.5909,,0.0,-0.7186,0.2,,3.0
Erick All,CIN,TE,0.0314,0.0,0.9091,4.0,4.35,,,,3.273,,0.0,-1.334,0.1,,3.0
Mike Gesicki,CIN,TE,0.0946,0.0,0.6583,4.0,2.125,,,,10.0639,,0.1181,-2.0872,0.0556,,3.0836
Tanner Hudson,CIN,TE,0.0575,0.0027,0.84,1.0,4.5,,,,5.6233,,0.05,-0.3318,0.15,,4.5034
Deshaun Watson,CLE,QB,0.0,,,,,-1.9563,0.1007,0.0,,7.901,,,,3.094,
Dillon Gabriel,CLE,QB,0.0,0.091,,,,-7.5071,0.0986,0.0,,5.859,,,,2.7488,
Shedeur Sanders,CLE,QB,0.0,0.1208,,,,-6.5503,0.0885,0.0,,7.3066,,,,3.2153,
Ahmani Marshall,CLE,RB,,,,,,,,,,,,,,,
Dylan Sampson,CLE,RB,0.0866,0.1819,0.7308,2.6849,9.8144,,,,-1.2147,,0.0,1.5308,0.225,,3.2
Michael Burton,CLE,RB,0.0072,0.0161,0.9474,1.867,5.056,,,,1.0,,0.0,-0.7345,0.2222,,3.2
Quinshon Judkins,CLE,RB,0.0814,0.6704,0.6319,3.4664,11.09,,,,-0.375,,0.0,3.4265,0.3033,,3.2
Raheim Sanders,CLE,RB,0.0487,0.2554,0.8333,3.1608,4.6667,,,,2.5,,0.0,-1.1692,0.0,,3.2
Cedric Tillman,CLE,WR,0.0894,0.0022,0.5689,1.5,3.7939,,,,12.6106,,0.2292,-0.5442,0.2303,,1.8377
Gage Larvadain,CLE,WR,0.066,0.0625,0.3611,3.0,4.125,,,,10.4444,,0.2083,-0.2338,0.125,,
Isaiah Bond,CLE,WR,0.0859,0.0381,0.4656,5.8,3.4697,,,,17.8449,,0.408,-3.0207,0.1364,,2.4386
Jamari Thrash,CLE,WR,0.0514,0.0,0.6875,4.0,4.2143,,,,7.0208,,0.0417,0.3019,0.3571,,2.8
Jerry Jeudy,CLE,WR,0.176,0.0417,0.4619,5.0,3.6469,,,,12.5707,,0.1898,-1.1099,0.1146,,2.3515
KC Concepcion,CLE,WR,0,0,0,0,0,0,0,0,0,0,0,0,0,0,0
Luke Floriea,CLE,WR,,,,,,,,,,,,,,,
Malachi Corley,CLE,WR,0.0626,0.0619,0.8125,9.875,6.0714,,,,-0.3438,,0.0,-0.6566,0.1429,,2.8
Tylan Wallace,CLE,WR,0.0438,0.0,0.4167,4.0,4.5,,,,14.5833,,0.3333,0.1421,0.0,,2.8
Blake Whiteheart,CLE,TE,0.0319,,0.3333,,0.5,,,,7.1667,,0.1667,-5.2872,0.0,,
Brenden Bates,CLE,TE,0.0412,,0.75,,3.3333,,,,6.875,,0.0,-1.1301,0.3333,,
Harold Fannin,CLE,TE,0.1882,0.0439,0.6975,1.8571,4.6568,,,,5.9992,,0.0813,-0.5267,0.2411,,2.9834
Jack Stoll,CLE,TE,0.0346,0.0,0.5208,4.0,3.0,,,,1.6875,,0.0,-1.771,0.0,,3.0
Dak Prescott,DAL,QB,0.0,0.0974,,,,1.7929,0.0405,0.0,,7.8908,,,,2.8277,
Joe Milton,DAL,QB,0.0,0.0907,,,,7.7262,0.0,0.0,,9.9846,,,,,
Sam Howell,DAL,QB,0.0,,,,,-1.3114,0.091,0.0,,7.49,,,,2.835,
Hunter Luepke,DAL,RB,0.044,0.069,0.85,4.0884,9.963,,,,-0.9667,,0.0,2.0125,0.4074,,3.2
Israel Abanikanda,DAL,RB,0.0166,0.0571,0.6364,3.182,6.571,,,,0.545,,0.0,0.0,0.15,,3.2
Javonte Williams,DAL,RB,0.0871,0.6173,0.6821,4.7679,5.3524,,,,-1.2617,,0.0,-2.5358,0.0595,,3.2
Jaydon Blue,DAL,RB,0.0323,0.2743,1.0,2.7036,10.0,,,,-5.0,,0.0,-0.2706,0.0,,3.2
Malik Davis,DAL,RB,0.0608,0.1886,0.3333,5.0907,3.0,,,,3.4167,,0.0,-1.6178,0.0,,3.2
Phil Mafah,DAL,RB,0.0833,0.1724,1.0,3.6,11.0,,,,-5.5,,0.0,0.5193,0.5,,
CeeDee Lamb,DAL,WR,0.2331,0.0323,0.6791,2.0,4.1128,,,,11.1183,,0.1581,-0.9409,0.1389,,2.8019
George Pickens,DAL,WR,0.2108,0.006,0.6626,5.667,4.8097,,,,11.2276,,0.167,1.1329,0.2334,,2.4481
Jaden Smith,DAL,WR,,,,,,,,,,,,,,,
Jonathan Mingo,DAL,WR,0.0278,0.005,0.2,2.5,4.0,,,,19.4,,0.4,-1.5394,0.0,,3.011
KaVontae Turpin,DAL,WR,0.0647,0.0632,0.7189,4.6364,11.0119,,,,10.1822,,0.1944,4.4508,0.3452,,5.0729
Marquez Valdes-Scantling,DAL,WR,0.0844,0.0022,0.4868,0.5,1.2714,,,,12.8642,,0.1146,-0.6213,0.0,,2.6917
Ryan Flournoy,DAL,WR,0.1188,0.057,0.7338,6.6667,4.1153,,,,7.8503,,0.1127,-0.199,0.1079,,3.4252
Traeshon Holden,DAL,WR,,,,,,,,,,,,,,,
Tyler Johnson,DAL,WR,0.0652,0.0,0.5852,4.0,4.8056,,,,8.5185,,0.2444,0.6959,0.2778,,2.6554
Brevyn Spann-Ford,DAL,TE,0.0377,0.0,0.7167,4.0,3.6875,,,,7.2,,0.1,-0.0708,0.1875,,5.6
Jake Ferguson,DAL,TE,0.155,0.0345,0.7262,1.0,3.5756,,,,6.062,,0.0882,-0.3064,0.0643,,3.4472
Luke Schoonmaker,DAL,TE,0.0424,0.0,0.619,4.0,6.0455,,,,7.8214,,0.1786,1.1409,0.3636,,2.776
Princeton Fant,DAL,TE,,,,,,,,,,,,,,,
Bo Nix,DEN,QB,0.0,0.1633,,,,-1.1106,0.0339,0.0,,7.2973,,,,2.8512,
Jarrett Stidham,DEN,QB,0.0,,,,,-1.5768,0.0794,0.0,,8.389,,,,2.951,
Sam Ehlinger,DEN,QB,0.0,,,,,-3.4685,0.1085,0.0,,7.149,,,,3.008,
Adam Prentice,DEN,RB,0.0329,0.0443,0.75,3.9375,7.7,,,,0.5,,0.0,2.0058,0.6,,3.2
Cody Schrader,DEN,RB,,,,,,,,,,,,,,,
JK Dobbins,DEN,RB,0.0414,0.5967,0.8,5.1561,5.2222,,,,-2.2,,0.0,-3.4502,0.0,,3.2
Jaleel McLaughlin,DEN,RB,0.0355,0.1906,0.7,4.3268,9.75,,,,-3.5,,0.0,0.5645,0.25,,3.2
RJ Harvey,DEN,RB,0.092,0.3257,0.7706,3.5231,6.925,,,,0.8598,,0.0118,0.5596,0.2385,,3.2
Tyler Badie,DEN,RB,0.06,0.0695,0.6872,3.0,10.7361,,,,-2.5923,,0.0128,1.2048,0.3611,,3.2
Courtland Sutton,DEN,WR,0.1924,0.0023,0.5762,5.0,2.988,,,,11.8753,,0.1581,-1.2784,0.0805,,2.2789
Jaylen Waddle,DEN,WR,0.2109,0.0307,0.5966,14.0,3.53,,,,13.1077,,0.1757,-0.6927,0.16,,2.8665
Lil'Jordan Humphrey,DEN,WR,0.0969,0.0,0.45,4.0,2.1667,,,,9.6619,,0.1071,-1.7252,0.0,,2.5819
Marvin Mims,DEN,WR,0.0969,0.048,0.7148,6.6,6.0577,,,,8.04,,0.2139,-1.6539,0.1218,,4.0227
Michael Bandy,DEN,WR,0.0354,0.0,1.0,4.0,8.1667,,,,6.1667,,0.0,4.4803,0.6667,,3.856
Mike Woods,DEN,WR,0.0202,0.0019,0.4444,-5.0,4.333,,,,12.815,,0.2963,-0.2353,0.25,,2.736
Pat Bryant,DEN,WR,0.1077,0.0021,0.6059,1.0,5.55,,,,8.2725,,0.0729,1.5101,0.2076,,2.515
Troy Franklin,DEN,WR,0.1704,0.0509,0.6155,3.5,4.012,,,,10.9471,,0.1665,-1.3177,0.1089,,2.9851
Adam Trautman,DEN,TE,0.0526,0.0,0.9167,4.0,4.9394,,,,4.2955,,0.0,0.0991,0.2121,,3.63
Caleb Lohner,DEN,TE,,,,,,,,,,,,,,,
Evan Engram,DEN,TE,0.1263,0.0417,0.6373,7.0,5.9789,,,,4.3416,,0.061,0.2741,0.2578,,4.8285
Lucas Krull,DEN,TE,0.0614,0.0,0.5,4.0,2.0,,,,5.0,,0.0,-2.2132,0.0,,3.592
Nate Adkins,DEN,TE,0.0451,0.0,0.3889,4.0,4.3333,,,,3.9722,,0.0,-0.7996,0.1667,,3.0
Jared Goff,DET,QB,0.0,0.059,,,,2.8896,0.0554,0.0,,6.5217,,,,2.7005,
Teddy Bridgewater,DET,QB,0.0,0.0345,,,,-16.2942,0.1053,0.0,,6.5333,,,,2.3226,
Isiah Pacheco,DET,RB,0.0851,0.3762,0.7249,4.0852,5.963,,,,-1.3545,,0.0,-2.5896,0.1111,,3.2
Jabari Small,DET,RB,,,,,,,,,,,,,,,
Jacob Saylors,DET,RB,,0.0741,,5.5,,,,,,,,,,,
Jahmyr Gibbs,DET,RB,0.1444,0.5723,0.8225,4.8405,8.8582,,,,0.3774,,0.0074,1.4641,0.2957,,3.2
Kye Robichaux,DET,RB,,,,,,,,,,,,,,,
Sione Vaki,DET,RB,,0.0312,,4.0,,,,,,,,,,,
Amon-Ra St Brown,DET,WR,0.2809,0.0551,0.6534,2.75,5.3723,,,,7.2928,,0.0408,0.9084,0.2528,,3.022
Cedrick Wilson,DET,WR,0.0538,0.0044,0.6667,4.75,5.0,,,,7.4167,,0.0833,0.3965,0.2,,3.331
Dominic Lovett,DET,WR,,,,,,,,,,,,,,,
Greg Dortch,DET,WR,0.0713,0.0637,0.9467,3.3,5.4833,,,,0.7878,,0.0111,-1.9702,0.2,,4.4929
Isaac TeSlaa,DET,WR,0.0509,0.0,0.5706,4.0,2.2407,,,,14.1854,,0.1233,1.3276,0.1296,,2.7318
Jackson Meeks,DET,WR,,,,,,,,,,,,,,,
Jameson Williams,DET,WR,0.1669,0.0417,0.607,2.0,6.7632,,,,12.8947,,0.2043,2.1125,0.2421,,3.2158
Malik Cunningham,DET,WR,,0.05,,1.0,,,,,,,,,,,
Tom Kennedy,DET,WR,0.1333,0.0,1.0,4.0,1.0,,,,8.0,,0.25,-3.4871,0.0,,2.295
Brock Wright,DET,TE,0.09,0.0,0.6718,4.0,6.1944,,,,0.4779,,0.0,0.7079,0.3333,,3.0263
Sam LaPorta,DET,TE,0.1646,0.0018,0.8426,4.0,6.2037,,,,5.6398,,0.0417,1.2888,0.2889,,3.6432
Thomas Gordon,DET,TE,,,,,,,,,,,,,,,
Tyler Conklin,DET,TE,0.0409,0.0455,0.7778,2.0,7.3,,,,3.8056,,0.0,1.9862,0.2,,3.789
Zach Horton,DET,TE,,,,,,,,,,,,,,,
Jordan Love,GB,QB,0.0,0.095,,,,5.0495,0.0402,0.0,,8.8481,,,,2.9036,
Kyle McCord,GB,QB,0.0,,,,,,,,,,,,,,
Tyrod Taylor,GB,QB,0.0,0.2125,,,,-7.3566,0.0793,0.0,,8.1602,,,,3.0291,
Chris Brooks,GB,RB,0.0545,0.1175,0.775,3.7596,7.6111,,,,0.625,,0.0,-0.3226,0.2037,,3.2
Damien Martinez,GB,RB,,,,,,,,,,,,,,,
Josh Jacobs,GB,RB,0.0966,0.5863,0.8468,3.8812,6.7577,,,,-0.9988,,0.0,-0.5145,0.0885,,3.2
MarShawn Lloyd,GB,RB,,,,,,,,,,,,,,,
Pierre Strong,GB,RB,0.0177,0.0706,0.7027,4.99,9.0,,,,0.135,,0.0,0.6566,0.1923,,3.2
Brenden Rice,GB,WR,,,,,,,,,,,,,,,
Christian Watson,GB,WR,0.1849,0.037,0.6681,3.0,3.1617,,,,18.4762,,0.3393,-1.245,0.095,,2.0709
Isaiah Neyor,GB,WR,,,,,,,,,,,,,,,
Jakobie Keeney-James,GB,WR,0.1333,,1.0,,0.0,,,,7.5,,0.0,-3.6748,0.0,,
Jayden Reed,GB,WR,0.1568,0.0519,0.8867,8.5,4.5,,,,7.8333,,0.13,-1.1826,0.1067,,5.615
Matthew Golden,GB,WR,0.1059,0.0622,0.5607,5.1,3.4015,,,,12.5488,,0.2607,-2.8892,0.053,,2.8765
Savion Williams,GB,WR,0.0466,0.0439,1.0,2.625,5.7222,,,,3.6667,,0.1667,-2.0257,0.2222,,
Skyy Moore,GB,WR,0.0296,0.0299,0.7143,5.5,5.8,,,,15.7143,,0.2857,-0.0507,0.4,,3.099
Will Sheppard,GB,WR,,,,,,,,,,,,,,,
Drake Dabney,GB,TE,0.1333,,0.5,,0.0,,,,5.0,,0.0,-4.7696,0.0,,
Josh Whyle,GB,TE,0.0422,0.0,0.8333,4.0,4.2,,,,3.8333,,0.0,0.0209,0.2,,4.104
Luke Musgrave,GB,TE,0.0758,0.0,0.8205,4.0,2.3077,,,,8.3333,,0.1859,-2.5671,0.0,,5.1572
Messiah Swinson,GB,TE,,,,,,,,,,,,,,,
Tucker Kraft,GB,TE,0.1705,0.0417,0.7564,3.0,8.919,,,,5.4715,,0.0938,3.4546,0.3589,,3.8069
CJ Stroud,HOU,QB,0.0,0.1019,,,,0.2083,0.0517,0.0,,7.9801,,,,2.8262,
Davis Mills,HOU,QB,0.0,0.0726,,,,-10.8262,0.0299,0.0,,8.857,,,,2.5751,
Graham Mertz,HOU,QB,0.0,,,,,,,,,,,,,,
British Brooks,HOU,RB,,0.1807,,4.1154,,,,,,,,,,,
David Montgomery,HOU,RB,0.0509,0.364,0.8229,4.6405,8.5714,,,,0.6094,,0.0,1.2925,0.4286,,3.2
Evan Hull,HOU,RB,0.0435,0.1244,1.0,2.9333,10.0,,,,-4.0,,0.0,-0.2186,0.0,,3.2
Jawhar Jordan,HOU,RB,0.1059,0.3808,1.0,3.8417,7.9,,,,-1.95,,0.0,-0.8365,0.25,,3.2
Woody Marks,HOU,RB,0.0652,0.4476,0.6933,3.6166,9.0256,,,,1.3856,,0.0133,1.5418,0.2115,,3.2
Jared Wayne,HOU,WR,0.0513,,1.0,,1.5,,,,8.5,,0.0,-3.4198,0.0,,
Jayden Higgins,HOU,WR,0.1132,0.0,0.6848,4.0,3.9615,,,,11.3971,,0.2167,-1.0173,0.1062,,2.5761
Jaylin Noel,HOU,WR,0.0718,0.0335,0.7555,2.0,5.4653,,,,4.8397,,0.1081,-1.7512,0.0833,,2.4128
Jha'Quan Jackson,HOU,WR,,,,,,,,,,,,,,,
Josh Kelly,HOU,WR,,,,,,,,,,,,,,,
Justin Watson,HOU,WR,0.069,0.0,0.75,4.0,3.75,,,,8.25,,0.0,-1.2264,0.25,,2.543
Nico Collins,HOU,WR,0.2164,0.0308,0.6297,7.5,5.2522,,,,12.4507,,0.1793,1.5574,0.2551,,2.2558
Tank Dell,HOU,WR,0.1133,0.0209,0.6242,4.7,3.224,,,,13.372,,0.2102,-1.3114,0.0659,,2.725
Xavier Hutchinson,HOU,WR,0.1073,0.0364,0.6159,7.3333,4.1738,,,,9.9319,,0.1267,-0.1492,0.1714,,2.6498
Brevin Jordan,HOU,TE,0.0326,0.0,0.6585,4.0,6.963,,,,5.927,,0.0366,1.7435,0.2549,,5.027
Cade Stover,HOU,TE,0.0846,0.1176,0.6944,0.75,4.55,,,,2.0417,,0.0,-0.7423,0.0,,3.0
Dalton Schultz,HOU,TE,0.1719,0.0,0.7589,4.0,4.3522,,,,6.4853,,0.0613,-0.2336,0.1825,,3.8166
Foster Moreau,HOU,TE,0.0404,0.0,0.6667,4.0,6.9,,,,0.2619,,0.0,0.9533,0.2,,3.624
Layne Pryor,HOU,TE,,,,,,,,,,,,,,,
Anthony Richardson,IND,QB,0.0,0.04,,,,-8.09,0.0,0.0,,15.5,,,,2.931,
Daniel Jones,IND,QB,0.0,0.1133,,,,2.6037,0.0422,0.0,,7.9933,,,,2.7043,
Easton Stick,IND,QB,0.0,,,,,-4.8077,0.0697,0.0,,6.96,,,,2.832,
Riley Leonard,IND,QB,0.0,0.0676,,,,,0.0118,0.0,,13.8852,,,,2.8322,
DJ Giddens,IND,RB,0.0286,0.2045,0.0,3.6417,4.0,,,,-3.0,,0.0,0.0,0.15,,3.2
Jonathan Taylor,IND,RB,0.1086,0.7678,0.8604,4.8739,9.8094,,,,-0.6292,,0.0156,2.0943,0.2677,,3.2
Ulysses Bentley,IND,RB,,0.025,,0.0,,,,,,,,,,,
Alec Pierce,IND,WR,0.1595,0.0,0.5908,4.0,3.4714,,,,18.7692,,0.2697,-0.6418,0.1298,,2.1411
Anthony Gould,IND,WR,0.0274,,1.0,,4.0,,,,-1.0,,0.0,-3.1935,0.0,,
Ashton Dulin,IND,WR,0.0577,0.0331,0.68,14.6667,12.625,,,,9.98,,0.18,6.5795,0.25,,2.0072
Ben Nikkel,IND,WR,,,,,,,,,,,,,,,
Coleman Owen,IND,WR,0.0263,,0.0,,,,,,2.0,,0.0,,,,
Eli Pancol,IND,WR,,,,,,,,,,,,,,,
Josh Downs,IND,WR,0.1611,0.0429,0.6675,-1.0,2.1552,,,,7.4672,,0.0915,-2.3721,0.0406,,2.5721
Laquon Treadwell,IND,WR,0.0334,0.0,0.625,4.0,3.325,,,,10.953,,0.0938,-1.2973,0.125,,2.829
Nick Westbrook-Ikhine,IND,WR,0.067,0.0,0.5278,4.0,2.5476,,,,4.8889,,0.0,-2.5729,0.0,,2.698
Andrew Ogletree,IND,TE,0.0456,0.0,0.625,4.0,2.8333,,,,6.75,,0.0,-1.1472,0.0,,3.0
Mo Alie-Cox,IND,TE,0.0519,0.0,0.6136,4.0,7.3125,,,,5.3409,,0.0,2.3155,0.25,,3.845
Sean McKeon,IND,TE,,,,,,,,,,,,,,,
Tyler Warren,IND,TE,0.1998,0.0479,0.6807,1.3,6.0854,,,,5.3422,,0.0208,0.918,0.2168,,3.2887
Will Mallory,IND,TE,0.0303,0.0,1.0,4.0,0.0,,,,16.0,,0.0,-4.6548,0.0,,3.534
Carter Bradley,JAX,QB,0.0,,,,,,,,,,,,,,
Nick Mullens,JAX,QB,0.0,,,,,26.2176,0.0,0.0,,0.5,,,,3.056,
Trevor Lawrence,JAX,QB,0.0,0.1551,,,,-1.2554,0.057,0.0,,8.7169,,,,2.8672,
Ameer Abdullah,JAX,RB,0.0467,0.0737,0.9091,4.2188,5.84,,,,0.3182,,0.0,-1.3339,0.07,,3.2
Bhayshul Tuten,JAX,RB,0.0393,0.1995,0.7167,3.6362,6.5625,,,,0.75,,0.0,-0.5416,0.125,,3.2
Chris Rodriguez,JAX,RB,0.0347,0.3136,0.75,4.1595,8.6667,,,,4.0,,0.0,2.9667,0.3333,,3.2
DeeJay Dallas,JAX,RB,0.0256,0.0608,0.0,5.25,6.106,,,,-1.0,,0.0,-1.2328,0.087,,3.2
LeQuint Allen,JAX,RB,0.0342,0.0823,0.9444,4.4722,5.9444,,,,-1.0556,,0.0,-1.4832,0.0,,3.2
Austin Trammell,JAX,WR,0.0684,0.0,0.3333,4.0,0.5,,,,14.5833,,0.25,-3.7453,0.0,,4.825
Brian Thomas,JAX,WR,0.1776,0.0365,0.5425,7.0,3.7214,,,,14.5333,,0.2478,-0.5887,0.1637,,2.5631
Chandler Brayboy,JAX,WR,,,,,,,,,,,,,,,
Jakobi Meyers,JAX,WR,0.2067,0.0607,0.7231,2.3333,3.6297,,,,9.4586,,0.079,-0.6712,0.0849,,2.7524
Parker Washington,JAX,WR,0.1765,0.0752,0.6132,-1.1667,3.9411,,,,12.4338,,0.2302,0.1042,0.1536,,2.4691
Tim Jones,JAX,WR,0.0294,0.0,1.0,4.0,11.0,,,,4.0,,0.0,6.2379,1.0,,2.925
Travis Hunter,JAX,WR,0.16,0.0526,0.6418,0.0,6.5119,,,,8.5495,,0.1349,0.0785,0.2619,,3.383
Brenton Strange,JAX,TE,0.1438,0.0,0.7677,4.0,6.8931,,,,6.7577,,0.075,2.3449,0.3431,,3.7524
Hunter Long,JAX,TE,0.063,0.0,0.7619,4.0,2.0952,,,,4.0,,0.0,-1.0037,0.0,,3.0
Patrick Herbert,JAX,TE,,,,,,,,,,,,,,,
Quintin Morris,JAX,TE,0.0639,0.0,0.7667,4.0,2.9,,,,4.3333,,0.0,-0.6621,0.1,,5.058
Chris Oladokun,KC,QB,0.0,0.094,,,,-3.9374,0.1135,0.0,,5.1111,,,,2.9558,
Justin Fields,KC,QB,0.0,0.2641,,,,-6.8766,0.1103,0.0,,6.722,,,,2.9923,
Patrick Mahomes,KC,QB,0.0,0.1602,,,,0.1377,0.0596,0.0,,8.1244,,,,2.7909,
Brashard Smith,KC,RB,0.082,0.145,0.5972,3.6093,8.6778,,,,-1.3639,,0.0,0.232,0.1926,,3.2
Emari Demercado,KC,RB,0.045,0.1948,0.575,7.1766,5.881,,,,1.2417,,0.0,-1.1463,0.1905,,3.2
Kenneth Walker,KC,RB,0.0787,0.4535,0.8958,4.6761,9.8333,,,,-0.6302,,0.0,1.8462,0.375,,3.2
Andrew Armstrong,KC,WR,,,,,,,,,,,,,,,
Jalen Royals,KC,WR,0.0769,,0.6667,,2.0,,,,7.3333,,0.3333,-5.6231,0.0,,
Jason Brownlee,KC,WR,0.0244,,0.0,,,,,,9.0,,0.0,,,,
Jimmy Holiday,KC,WR,,,,,,,,,,,,,,,
Nikko Remigio,KC,WR,0.0323,0.04,1.0,11.0,3.0,,,,18.0,,0.0,-1.3506,0.0,,
Rashee Rice,KC,WR,0.2496,0.0708,0.6696,3.6667,7.7592,,,,4.6366,,0.0918,1.5431,0.1875,,3.5739
Tyquan Thornton,KC,WR,0.0886,0.0074,0.4444,11.167,3.6741,,,,30.0116,,0.6904,-2.0793,0.037,,3.2387
Xavier Worthy,KC,WR,0.1393,0.0548,0.5263,6.8333,4.8903,,,,12.3315,,0.2126,-0.5528,0.1861,,3.7223
Jake Briningstool,KC,TE,,,,,,,,,,,,,,,
Jared Wiley,KC,TE,0.027,,1.0,,8.0,,,,-4.0,,0.0,-1.2335,0.0,,
Noah Gray,KC,TE,0.0781,0.0027,0.6192,-0.5,5.1944,,,,6.7782,,0.1308,-0.6577,0.125,,3.8663
Travis Kelce,KC,TE,0.1748,0.0244,0.6847,1.0,5.6825,,,,6.981,,0.0856,0.9239,0.2282,,3.1101
Tre Watson,KC,TE,,,,,,,,,,,,,,,
Matthew Stafford,LA,QB,0.0,0.0612,,,,1.7209,0.0357,0.0,,8.9471,,,,2.7908,
Stetson Bennett,LA,QB,0.0,,,,,,,,,,,,,,
Ty Simpson,LA,QB,0,0,0,0,0,0,0,0,0,0,0,0,0,0,0
Blake Corum,LA,RB,0.0458,0.3199,0.6875,5.5029,5.1429,,,,1.9062,,0.0,-1.892,0.2857,,3.2
Jarquez Hunter,LA,RB,,,,,,,,,,,,,,,
Jordan Waters,LA,RB,,,,,,,,,,,,,,,
Kyren Williams,LA,RB,0.0813,0.6029,0.7281,4.9807,4.1889,,,,2.1792,,0.0312,-1.0272,0.0722,,3.2
Ronnie Rivers,LA,RB,0.0077,0.1462,0.9,5.0625,11.167,,,,-3.95,,0.0,1.203,0.2778,,3.2
Brennan Presley,LA,WR,,,,,,,,,,,,,,,
Davante Adams,LA,WR,0.2372,0.0071,0.5466,-0.333,1.7405,,,,12.5611,,0.1822,-0.1462,0.0738,,2.2051
Jordan Whittington,LA,WR,0.0607,0.054,0.7153,4.25,4.8667,,,,7.0972,,0.1458,-0.6282,0.2167,,4.281
Konata Mumpfield,LA,WR,0.0643,0.0,0.475,4.0,2.3889,,,,12.2472,,0.1472,-1.1383,0.0556,,1.6017
Mario Williams,LA,WR,,,,,,,,,,,,,,,
Puka Nacua,LA,WR,0.2828,0.0537,0.7749,11.4286,5.1783,,,,9.2997,,0.1219,0.4335,0.176,,2.8971
Tru Edwards,LA,WR,,,,,,,,,,,,,,,
Tyler Scott,LA,WR,0.029,0.0134,0.5455,5.857,4.278,,,,11.152,,0.1818,-0.2388,0.2222,,2.609
Xavier Smith,LA,WR,0.0678,0.0084,0.8,9.0,4.7167,,,,15.8667,,0.3333,-1.1123,0.2083,,4.5239
Colby Parkinson,LA,TE,0.1091,0.0,0.7745,4.0,6.1782,,,,3.7793,,0.0442,1.1353,0.2808,,3.5941
Davis Allen,LA,TE,0.0598,0.0,0.7767,4.0,5.0119,,,,4.12,,0.0333,0.7753,0.1429,,4.837
Mark Redman,LA,TE,,,,,,,,,,,,,,,
Terrance Ferguson,LA,TE,0.0664,0.0476,0.4,0.0,3.7857,,,,17.425,,0.4417,-0.5484,0.2143,,1.414
Tyler Higbee,LA,TE,0.1153,0.0,0.6648,4.0,7.2542,,,,-0.5648,,0.0648,1.9996,0.2292,,3.1994
DJ Uiagalelei,LAC,QB,0.0,,,,,,,,,,,,,,
Justin Herbert,LAC,QB,0.0,0.1776,,,,1.634,0.0871,0.0,,7.7985,,,,2.8992,
Trey Lance,LAC,QB,0.0,0.1758,,,,3.9021,0.0954,0.0,,9.2002,,,,2.5627,
Alec Ingold,LAC,RB,0.0416,0.0405,0.75,4.5,6.1429,,,,2.6875,,0.0,-0.7037,0.1429,,3.2
Amar Johnson,LAC,RB,0.0345,0.125,0.0,4.0,,,,,-2.0,,0.0,,,,
Jaret Patterson,LAC,RB,0.0889,0.2157,0.75,3.025,2.6667,,,,-0.25,,0.0,-4.6133,0.0,,3.2
Keaton Mitchell,LAC,RB,0.0675,0.1632,0.7619,5.8657,9.1667,,,,-2.2619,,0.0,0.2459,0.1667,,3.2
Kimani Vidal,LAC,RB,0.0544,0.4364,0.7621,3.7276,13.7583,,,,-0.8652,,0.0303,5.2249,0.5,,3.2
Omarion Hampton,LAC,RB,0.1014,0.5585,0.873,4.4418,7.0546,,,,-1.196,,0.0,-0.8816,0.1324,,3.2
Scott Matlock,LAC,RB,0.0375,,1.0,,2.5,,,,0.0,,0.0,-2.7974,0.0,,
Dalevon Campbell,LAC,WR,,,,,,,,,,,,,,,
Derius Davis,LAC,WR,0.0277,0.0406,0.6667,2.5,4.0,,,,11.0,,0.3333,-2.9673,0.0,,2.8
JaQuae Jackson,LAC,WR,,,,,,,,,,,,,,,
KeAndre Lambert-Smith,LAC,WR,0.0443,,0.4143,,3.75,,,,19.3286,,0.3429,,0.125,,2.3708
Ladd McConkey,LAC,WR,0.185,0.0,0.6175,4.0,4.9829,,,,10.2407,,0.158,0.3198,0.1339,,3.1923
Luke Grimm,LAC,WR,,,,,,,,,,,,,,,
Quentin Johnston,LAC,WR,0.1739,0.0401,0.6167,3.5,3.9889,,,,11.4632,,0.2146,-0.5587,0.1306,,2.3279
Tre Harris,LAC,WR,0.0791,0.0359,0.7156,5.0,4.9524,,,,7.7417,,0.1448,-0.7496,0.1488,,1.9394
Charlie Kolar,LAC,TE,0.0482,0.0016,0.6515,2.0,5.75,,,,6.7576,,0.0,2.0567,0.25,,2.147
David Njoku,LAC,TE,0.1102,0.003,0.7407,-2.333,4.5409,,,,3.9915,,0.0333,0.5166,0.2,,2.6423
Oronde Gadsden,LAC,TE,0.1231,0.0,0.7322,4.0,4.2089,,,,8.9411,,0.1315,-0.1361,0.1981,,3.2503
Aidan O'Connell,LV,QB,0.0,0.0312,,,,-23.5718,0.0417,0.0,,8.3636,,,,2.6093,
Fernando Mendoza,LV,QB,0,0,0,0,0,0,0,0,0,0,0,0,0,0,0
Kirk Cousins,LV,QB,0.0,0.0487,,,,-4.4958,0.0374,0.0,,6.7683,,,,2.7891,
Ashton Jeanty,LV,RB,0.1335,0.7241,0.7707,3.4946,9.0385,,,,-0.5561,,0.0312,0.3406,0.2214,,3.2
Chris Collier,LV,RB,,,,,,,,,,,,,,,
Dylan Laube,LV,RB,0.0416,0.1464,0.6667,1.3889,7.0,,,,-1.5,,0.0,-2.0477,0.25,,
Brandon Johnson,LV,WR,0.0263,0.0,0.5652,4.0,4.077,,,,11.4,,0.2174,0.1578,0.2083,,2.703
Dareke Young,LV,WR,0.0368,,0.6667,,0.0,,,,19.0,,0.3333,-6.1414,0.0,,
Dont'e Thornton,LV,WR,0.0853,0.0,0.2955,4.0,4.7143,,,,16.8106,,0.3712,-0.4519,0.2857,,2.8
Jack Bech,LV,WR,0.0787,0.0,0.6333,4.0,5.0556,,,,7.5194,,0.0722,1.0545,0.2778,,2.7631
Jalen Nailor,LV,WR,0.1006,0.0412,0.451,6.5,3.3611,,,,12.5343,,0.2137,-0.6489,0.1556,,2.6236
Justin Shorter,LV,WR,,,,,,,,,,,,,,,
Phillip Dorsett,LV,WR,0.0187,0.0024,0.4737,0.0,3.296,,,,12.86,,0.2632,-1.9384,0.0385,,3.06
Shedrick Jackson,LV,WR,0.0504,0.0312,0.8889,3.0,0.6667,,,,17.0,,0.4444,,0.0,,
Tre Tucker,LV,WR,0.1619,0.0546,0.6479,5.125,4.6229,,,,9.3002,,0.182,-0.9134,0.1698,,3.6194
Albert Okwuegbunam,LV,TE,0.15,0.0,0.8333,4.0,6.8,,,,3.0,,0.0,0.1783,0.2,,3.8692
Brock Bowers,LV,TE,0.2036,0.0463,0.7339,1.0,5.6353,,,,6.3685,,0.066,1.6032,0.2125,,3.0783
Carter Runyon,LV,TE,0.0526,,1.0,,6.0,,,,-3.0,,0.0,-3.942,0.0,,
Connor Heyward,LV,TE,0.0272,0.0725,0.75,3.0208,1.6667,,,,6.5,,0.0,-1.2043,0.0,,2.604
Ian Thomas,LV,TE,0.0468,0.0,1.0,4.0,5.0952,,,,4.2143,,0.0,-0.7736,0.0357,,4.621
Michael Mayer,LV,TE,0.1284,0.0,0.6647,4.0,5.4162,,,,4.7556,,0.0397,0.2739,0.2152,,2.9733
Cam Miller,MIA,QB,0.0,,,,,,,,,,,,,,
Malik Willis,MIA,QB,0.0,0.1897,,,,24.9753,0.0442,0.0,,5.7657,,,,2.9768,
Quinn Ewers,MIA,QB,0.0,0.0571,,,,-0.1244,0.0932,0.0,,8.4349,,,,2.813,
Carlos Washington,MIA,RB,,,,,,,,,,,,,,,
De'Von Achane,MIA,RB,0.1691,0.6217,0.7666,5.8116,8.0341,,,,0.233,,0.0152,0.2806,0.2851,,3.2
Donovan Edwards,MIA,RB,,,,,,,,,,,,,,,
Jaylen Wright,MIA,RB,0.0674,0.2489,0.7,4.3512,11.875,,,,-3.1667,,0.0,2.6968,0.375,,3.2
Ollie Gordon,MIA,RB,0.0345,0.1729,0.8125,2.141,8.1429,,,,-3.0625,,0.0,-1.3276,0.1429,,3.2
AJ Henning,MIA,WR,,,,,,,,,,,,,,,
Jalen Reagor,MIA,WR,0.045,0.0092,0.5185,3.944,4.071,,,,11.315,,0.2037,-1.6265,0.1429,,2.445
Jalen Tolbert,MIA,WR,0.0785,0.0,0.4632,4.0,2.4271,,,,13.3523,,0.178,-2.1943,0.0729,,3.0051
Malik Washington,MIA,WR,0.1287,0.081,0.7348,6.1,6.202,,,,5.3539,,0.0824,-0.2914,0.1765,,4.1114
Tahj Washington,MIA,WR,0.0761,,0.5833,,3.5,,,,25.3333,,0.4167,-0.2769,0.0,,
Terrace Marshall,MIA,WR,0.0507,0.0,0.5726,4.0,3.687,,,,9.371,,0.1026,-1.2918,0.1061,,2.627
Theo Wease,MIA,WR,0.1158,,0.7,,16.8889,,,,15.6833,,0.4167,11.9424,0.5,,1.884
Tutu Atwell,MIA,WR,0.0464,0.013,0.3542,4.235,13.3,,,,18.3854,,0.3542,7.4129,0.2,,2.933
Ben Sims,MIA,TE,0.0672,,0.75,,1.6667,,,,7.8333,,0.0833,-2.0768,0.0,,
Cole Turner,MIA,TE,0.0181,0.0,0.5417,4.0,4.385,,,,7.083,,0.0,-0.4005,0.1538,,1.869
Greg Dulcich,MIA,TE,0.1418,0.0357,0.7778,-7.0,9.0185,,,,5.2407,,0.0,3.7419,0.3926,,2.864
Carson Wentz,MIN,QB,0.0,0.1187,,,,0.6014,0.0945,0.0,,7.5422,,,,2.678,
JJ McCarthy,MIN,QB,0.0,0.1368,,,,-4.7968,0.0905,0.0,,8.3701,,,,3.022,
Kyler Murray,MIN,QB,0.0,0.2383,,,,-0.0848,0.0773,0.0,,5.8876,,,,2.689,
Max Brosmer,MIN,QB,0.0,0.0714,,,,-5.3923,0.0994,0.0,,3.1465,,,,2.915,
Aaron Jones,MIN,RB,0.1158,0.4806,0.6389,4.0874,8.1833,,,,-1.3194,,0.0278,0.1765,0.225,,3.2
Jordan Mason,MIN,RB,0.0516,0.433,0.9352,4.6565,7.2037,,,,-3.1574,,0.0,-2.3569,0.037,,3.2
Zavier Scott,MIN,RB,0.0504,0.1566,0.9688,3.613,9.8125,,,,-2.2812,,0.0156,0.8262,0.125,,3.2
Dontae Fleming,MIN,WR,,,,,,,,,,,,,,,
Jauan Jennings,MIN,WR,0.1849,0.0018,0.5819,-1.0,3.4211,,,,10.2271,,0.1243,-0.6999,0.1833,,2.2263
Jeshaun Jones,MIN,WR,,,,,,,,,,,,,,,
Jordan Addison,MIN,WR,0.1587,0.0379,0.4974,40.5,3.2097,,,,13.967,,0.2663,-1.128,0.1111,,2.9445
Justin Jefferson,MIN,WR,0.2604,0.0354,0.5897,3.5,5.3509,,,,9.8758,,0.1351,-0.417,0.1948,,3.1978
Myles Price,MIN,WR,,,,,,,,,,,,,,,
Tai Felton,MIN,WR,0.037,,1.0,,4.6667,,,,3.6667,,0.0,-0.7066,0.3333,,
Ben Yurosek,MIN,TE,0.0429,,0.75,,4.5,,,,4.0,,0.0,-1.127,0.0,,
Bryson Nesbit,MIN,TE,,,,,,,,,,,,,,,
Gavin Bartholomew,MIN,TE,,,,,,,,,,,,,,,
Josh Oliver,MIN,TE,0.0571,0.0,0.7778,4.0,6.2273,,,,2.9722,,0.0,1.2611,0.3182,,3.997
TJ Hockenson,MIN,TE,0.1379,0.05,0.7789,0.0,4.14,,,,4.7019,,0.0244,-0.7877,0.1744,,3.742
Drake Maye,NE,QB,0.0,0.1817,,,,12.1607,0.076,0.0,,9.1842,,,,2.9759,
Tommy DeVito,NE,QB,0.0,,,,,-1.4064,0.1396,0.0,,6.36,,,,2.987,
Brock Lampe,NE,RB,,,,,,,,,,,,,,,
Jack Westover,NE,RB,0.0384,,0.5,,0.0,,,,1.0,,0.0,-6.8794,0.0,,
Lan Larison,NE,RB,,,,,,,,,,,,,,,
Reggie Gilliam,NE,RB,0.0294,0.0513,0.6667,2.0,1.0,,,,4.714,,0.3333,-4.504,0.0,,3.2
Rhamondre Stevenson,NE,RB,0.0868,0.3421,0.8095,4.9784,7.5846,,,,3.9881,,0.0738,0.9823,0.1615,,3.2
Terrell Jennings,NE,RB,0.0286,0.1527,1.0,3.1064,7.0,,,,2.0,,0.0,1.5402,0.0,,3.2
TreVeyon Henderson,NE,RB,0.0959,0.3847,0.8462,4.6979,7.5462,,,,-0.1141,,0.0256,-0.0756,0.1538,,3.2
AJ Brown,NE,WR,0.254,0.0035,0.6845,5.0,3.1358,,,,12.0016,,0.2069,-1.0198,0.125,,2.1685
DeMario Douglas,NE,WR,0.091,0.045,0.7624,3.25,7.4667,,,,10.8084,,0.2522,0.5604,0.2833,,3.5252
Efton Chism,NE,WR,0.0612,,1.0,,14.0,,,,13.5,,0.0,15.7057,0.75,,
Jeremiah Webb,NE,WR,,,,,,,,,,,,,,,
Kayshon Boutte,NE,WR,0.1038,0.0,0.7131,4.0,1.1244,,,,17.5149,,0.2613,-0.9133,0.0,,2.3744
Kyle Williams,NE,WR,0.0584,0.0349,0.5242,1.5,10.7857,,,,17.897,,0.3212,4.4539,0.2857,,2.3875
Mack Hollins,NE,WR,0.1409,0.0294,0.7448,4.0,1.9566,,,,11.941,,0.1548,-1.0685,0.0918,,3.0239
Romeo Doubs,NE,WR,0.1727,0.0023,0.6375,11.0,3.1821,,,,13.2467,,0.2034,-0.6952,0.1322,,2.4155
CJ Dippre,NE,TE,,,,,,,,,,,,,,,
Hunter Henry,NE,TE,0.1535,0.0,0.7059,4.0,6.0714,,,,7.6974,,0.0931,1.4455,0.2831,,3.0655
Julian Hill,NE,TE,0.0607,0.0,0.6636,4.0,8.537,,,,4.479,,0.0,2.5447,0.4259,,4.5472
Spencer Rattler,NO,QB,0.0,0.1566,,,,-2.9538,0.0574,0.0,,7.5641,,,,2.6904,
Tyler Shough,NO,QB,0.0,0.1591,,,,-2.7485,0.0721,0.0,,9.1849,,,,2.6869,
Zach Wilson,NO,QB,0.0,0.0833,,,,-13.73,0.0,0.0,,1.1667,,,,2.987,
Alvin Kamara,NO,RB,0.1055,0.476,0.8455,3.4635,7.2727,,,,1.1909,,0.0455,-0.6712,0.1848,,3.2
Audric Estimé,NO,RB,0.0802,0.3738,0.9375,4.1695,8.5333,,,,-0.425,,0.0,0.485,0.25,,3.2
Devin Neal,NO,RB,0.0678,0.2696,0.9592,3.5349,7.4476,,,,-1.415,,0.0,-0.8099,0.2,,3.2
Kendre Miller,NO,RB,0.0351,0.2456,1.0,4.2702,6.5,,,,-0.125,,0.0,-1.1769,0.0,,3.2
Travis Etienne,NO,RB,0.0881,0.5605,0.6775,4.204,9.9567,,,,-1.8225,,0.0147,2.3912,0.3078,,3.2
Ty Chandler,NO,RB,0.1212,0.2863,0.75,2.8643,9.0,,,,-5.0,,0.0,-1.5562,0.3333,,3.2
Bub Means,NO,WR,,,,,,,,,,,,,,,
Chris Olave,NO,WR,0.2618,0.0667,0.6392,-3.0,2.7198,,,,12.2355,,0.216,-2.0426,0.0496,,2.9378
Devaughn Vele,NO,WR,0.1171,0.0,0.6427,4.0,1.3093,,,,10.2448,,0.1122,-1.6719,0.0,,2.4443
Ja'Lynn Polk,NO,WR,0.0583,0.0023,0.3529,0.0,1.083,,,,11.97,,0.2059,-3.4637,0.0,,1.719
Jordyn Tyson,NO,WR,0,0,0,0,0,0,0,0,0,0,0,0,0,0,0
Kevin Austin,NO,WR,0.1239,0.0023,0.5022,9.0,4.1667,,,,10.5644,,0.24,-0.5256,0.125,,3.5718
Mason Tipton,NO,WR,0.0615,0.0383,0.4667,4.5,2.8542,,,,10.2083,,0.075,-2.0977,0.1458,,3.3155
Ronnie Bell,NO,WR,0.1026,0.0,0.5,4.0,0.5,,,,19.5,,0.5,-2.9623,0.0,,1.495
Trey Palmer,NO,WR,0.0698,0.0087,0.5684,7.75,3.796,,,,11.585,,0.2105,-1.3947,0.12,,2.932
Juwan Johnson,NO,TE,0.1571,0.0,0.7955,4.0,4.7206,,,,7.5027,,0.0688,-0.3716,0.1652,,3.4289
Moliki Matavao,NO,TE,0.069,,1.0,,2.5,,,,2.5,,0.0,-2.9397,0.0,,
Noah Fant,NO,TE,0.0823,0.0,0.7731,4.0,5.5736,,,,3.0705,,0.0449,0.0845,0.1972,,5.451
Treyton Welch,NO,TE,,,,,,,,,,,,,,,
Zaire Mitchell-Paden,NO,TE,0.037,,0.6667,,2.5,,,,4.3333,,0.0,-1.5884,0.0,,
Brandon Allen,NYG,QB,0.0,,,,,-13.0822,0.0312,0.0,,3.6333,,,,2.7888,
Jameis Winston,NYG,QB,0.0,0.0665,,,,-12.0524,0.029,0.0,,7.5172,,,,2.9269,
Jaxson Dart,NYG,QB,0.0,0.1942,,,,-0.558,0.0907,0.0,,8.0495,,,,2.8294,
Cam Skattebo,NYG,RB,0.1128,0.4101,0.7842,3.5684,8.2292,,,,0.3609,,0.0,1.323,0.3125,,3.2
Dante Miller,NYG,RB,,,,,,,,,,,,,,,
Devin Singletary,NYG,RB,0.059,0.2318,0.95,3.3207,7.0333,,,,0.0417,,0.1,-1.2825,0.125,,3.2
Eric Gray,NYG,RB,0.0144,0.036,0.8889,2.548,8.938,,,,-1.667,,0.0,-0.0226,0.25,,3.2
Patrick Ricard,NYG,RB,0.0381,0.0286,0.5,3.0,2.0,,,,3.0,,0.0,-2.234,0.0,,3.2
Tyrone Tracy,NYG,RB,0.1065,0.4035,0.744,3.9541,7.2179,,,,0.1026,,0.0385,-0.7787,0.1635,,3.2
Beaux Collins,NYG,WR,0.0568,,0.2778,,3.0,,,,17.5556,,0.3333,-0.6708,0.0,,
Braxton Berrios,NYG,WR,0.0924,0.0145,0.6667,8.353,4.2,,,,2.2667,,0.0,-2.9852,0.1,,3.1492
Calvin Austin,NYG,WR,0.1153,0.0225,0.5736,5.182,3.5222,,,,10.1604,,0.158,-1.0183,0.1028,,2.9108
Dalen Cambre,NYG,WR,,,,,,,,,,,,,,,
Darius Slayton,NYG,WR,0.1367,0.003,0.5713,1.75,6.4692,,,,13.7568,,0.2078,2.0358,0.2782,,2.6479
Darnell Mooney,NYG,WR,0.1449,0.0062,0.5342,4.333,2.1722,,,,14.6665,,0.2451,-1.7472,0.0778,,3.1366
Gunner Olszewski,NYG,WR,0.0867,0.0092,0.7222,5.333,8.0417,,,,12.1111,,0.2778,4.4302,0.4583,,3.5139
Isaiah Hodgins,NYG,WR,0.0927,0.0,0.5278,4.0,2.02,,,,10.1389,,0.1944,-3.201,0.04,,2.5093
Jalin Hyatt,NYG,WR,0.087,0.0,0.22,4.0,0.3333,,,,25.0033,,0.45,-3.4186,0.0,,1.6825
JuJu Smith-Schuster,NYG,WR,0.0806,0.0072,0.6823,3.0,4.9071,,,,5.2167,,0.0104,0.0693,0.2226,,2.8827
Malik Nabers,NYG,WR,0.23,0.0122,0.5153,0.4,2.6583,,,,14.8136,,0.2791,-1.3963,0.05,,2.3
Odell Beckham,NYG,WR,0.0757,0.0042,0.5678,7.0,3.566,,,,12.732,,0.196,-0.7669,0.1226,,2.698
Ryan Miller,NYG,WR,0.0263,0.0,0.5,4.0,0.0,,,,17.5,,0.5,0.154,0.0,,1.905
Xavier Gipson,NYG,WR,0.0333,0.0118,1.0,8.111,7.5,,,,-4.5,,0.0,-2.4699,0.0,,3.072
Chris Manhertz,NYG,TE,0.0279,0.0,0.5,4.0,6.0,,,,5.5,,0.0,0.1273,0.0,,3.0
Isaiah Likely,NYG,TE,0.1164,0.0,0.7955,4.0,3.4152,,,,7.9015,,0.0909,-1.2157,0.0485,,3.7334
Tanner Conner,NYG,TE,0.0621,,0.619,,5.3333,,,,8.3452,,0.1429,0.0825,0.3333,,
Theo Johnson,NYG,TE,0.148,0.0,0.5746,4.0,5.108,,,,7.7307,,0.0817,-0.3595,0.2024,,2.8521
Thomas Fidone,NYG,TE,,,,,,,,,,,,,,,
Bailey Zappe,NYJ,QB,0.0,,,,,-2.4836,0.0804,0.0,,7.569,,,,2.804,
Brady Cook,NYJ,QB,0.0,0.0996,,,,-10.7571,0.089,0.0,,5.5835,,,,2.5688,
Geno Smith,NYJ,QB,0.0,0.1308,,,,1.2797,0.0932,0.0,,5.9393,,,,2.8037,
Andrew Beck,NYJ,RB,0.0394,0.0312,0.7143,5.0,3.3333,,,,5.2857,,0.0,-0.123,0.0,,3.2
Braelon Allen,NYJ,RB,0.0449,0.1702,0.5,4.5714,4.5,,,,2.0,,0.0,1.2095,0.5,,3.2
Breece Hall,NYJ,RB,0.0978,0.5782,0.7422,4.3102,10.6,,,,-0.3433,,0.0,3.2278,0.3036,,3.2
Isaiah Davis,NYJ,RB,0.0721,0.1179,0.7014,5.1267,7.5917,,,,1.1569,,0.0278,0.0436,0.17,,3.2
Kene Nwangwu,NYJ,RB,0.0417,0.2593,0.0,3.869,6.667,,,,-6.0,,0.0,0.0,0.15,,3.2
Adonai Mitchell,NYJ,WR,0.1465,0.0312,0.4397,-4.0,2.8438,,,,13.6406,,0.2386,-1.0921,0.0972,,2.7904
Arian Smith,NYJ,WR,0.0482,0.0405,0.4833,3.25,5.4167,,,,13.7167,,0.3667,-1.6019,0.1667,,
Garrett Wilson,NYJ,WR,0.2925,0.0087,0.5277,0.9,2.527,,,,9.8738,,0.1515,-1.6037,0.0516,,3.187
Gee Scott,NYJ,WR,,,,,,,,,,,,,,,
Isaiah Williams,NYJ,WR,0.1285,0.0328,0.6709,11.3333,5.4167,,,,2.8823,,0.0,-2.0472,0.0312,,3.2123
Jamaal Pritchett,NYJ,WR,,,,,,,,,,,,,,,
Omar Cooper,NYJ,WR,0,0,0,0,0,0,0,0,0,0,0,0,0,0,0
Quentin Skinner,NYJ,WR,0.0833,,0.5,,6.0,,,,4.0,,0.0,2.3324,0.0,,
Tim Patrick,NYJ,WR,0.0587,0.0,0.6603,4.0,4.7259,,,,9.7949,,0.0256,-0.0478,0.2222,,3.2991
Jelani Woods,NYJ,TE,0.0375,0.0,0.5,4.0,1.0,,,,2.25,,0.0,-3.3949,0.0,,3.452
Jeremy Ruckert,NYJ,TE,0.0673,0.0,0.8051,4.0,4.5417,,,,3.3282,,0.0,-1.4616,0.2083,,2.6123
Kenyon Sadiq,NYJ,TE,0,0,0,0,0,0,0,0,0,0,0,0,0,0,0
Mason Taylor,NYJ,TE,0.1482,0.0,0.6941,4.0,2.4487,,,,6.264,,0.0302,-1.7799,0.0718,,3.3733
Andy Dalton,PHI,QB,0.0,0.0714,,,,9.6025,0.0984,0.0,,10.3591,,,,2.658,
Jalen Hurts,PHI,QB,0.0,0.2131,,,,4.2279,0.0602,0.0,,8.8299,,,,2.9648,
Tanner McKee,PHI,QB,0.0,0.0633,,,,15.5701,0.0326,0.0,,9.4542,,,,3.0014,
Carson Steele,PHI,RB,0.0149,0.1143,0.6364,3.268,6.143,,,,-1.545,,0.0,0.0,0.15,,3.2
Dameon Pierce,PHI,RB,0.0333,0.154,0.0,2.3889,6.6,,,,-4.0,,0.0,-1.0444,0.1778,,3.2
Elijah Mitchell,PHI,RB,0.0208,0.2401,0.0,4.282,7.351,,,,16.0,,0.0,0.0166,0.3243,,3.2
Saquon Barkley,PHI,RB,0.1149,0.6459,0.6739,4.1804,7.9524,,,,0.7406,,0.0639,-0.2872,0.1419,,3.2
Tank Bigsby,PHI,RB,0.0375,0.1983,0.75,6.2345,13.0,,,,-1.5,,0.0,5.0409,0.3333,,3.2
Will Shipley,PHI,RB,0.0444,0.0893,0.7708,2.7639,6.3571,,,,-0.1875,,0.0,-1.9019,0.0714,,3.2
Britain Covey,PHI,WR,0.093,,0.5,,10.0,,,,2.0,,0.0,2.4293,0.5,,
Danny Gray,PHI,WR,,,,,,,,,,,,,,,
Darius Cooper,PHI,WR,0.0663,,0.92,,2.7667,,,,8.42,,0.04,-1.7782,0.0,,1.3389
DeVonta Smith,PHI,WR,0.2157,0.0013,0.6996,1.0,3.802,,,,12.2661,,0.1903,-1.2454,0.1408,,2.9008
Dontayvion Wicks,PHI,WR,0.1142,0.037,0.6941,6.0,2.4615,,,,9.995,,0.0957,-1.4945,0.1154,,1.8382
Elijah Moore,PHI,WR,0.0668,0.0408,0.6563,4.2,5.7143,,,,9.4687,,0.1875,-0.1307,0.2143,,3.358
Johnny Wilson,PHI,WR,,,,,,,,,,,,,,,
Makai Lemon,PHI,WR,0,0,0,0,0,0,0,0,0,0,0,0,0,0,0
Marquise Brown,PHI,WR,0.1256,0.0029,0.6703,7.25,3.9056,,,,12.0867,,0.1836,-1.6707,0.19,,2.8851
Quez Watkins,PHI,WR,0.0805,0.0032,0.651,1.0,4.856,,,,11.858,,0.255,-1.3033,0.1458,,3.107
Samori Toure,PHI,WR,0.0769,0.0,0.3333,4.0,0.0,,,,10.0,,0.3333,-4.8021,0.0,,2.8
Cameron Latu,PHI,TE,,,,,,,,,,,,,,,
Dallas Goedert,PHI,TE,0.183,0.0022,0.7584,3.75,4.2276,,,,7.097,,0.0769,0.0086,0.2361,,3.5769
EJ Jenkins,PHI,TE,,,,,,,,,,,,,,,
Grant Calcaterra,PHI,TE,0.0534,0.0,0.7083,4.0,3.3571,,,,7.25,,0.125,-0.8405,0.2143,,5.457
Johnny Mundt,PHI,TE,0.0509,0.0,0.4924,4.0,8.375,,,,5.7652,,0.0909,3.6089,0.5625,,4.709
Stone Smartt,PHI,TE,0.0757,0.0,0.5556,4.0,3.9,,,,7.5556,,0.0,-0.6729,0.35,,2.6384
Aaron Rodgers,PIT,QB,0.0,0.048,,,,-0.4008,0.0504,0.0,,5.8564,,,,2.6268,
Mason Rudolph,PIT,QB,0.0,0.0833,,,,-5.9477,0.0143,0.0,,4.3359,,,,2.855,
Will Howard,PIT,QB,0.0,,,,,,,,,,,,,,
Jaylen Warren,PIT,RB,0.0987,0.5935,0.9143,4.4931,10.3155,,,,-2.5488,,0.0,1.7205,0.2512,,3.2
Kaleb Johnson,PIT,RB,0.034,0.1217,0.5,1.9167,14.0,,,,-4.0,,0.0,2.9292,0.0,,3.2
Lew Nichols,PIT,RB,,,,,,,,,,,,,,,
Max Hurleman,PIT,RB,,,,,,,,,,,,,,,
Rico Dowdle,PIT,RB,0.1012,0.521,0.8353,4.1761,8.874,,,,-1.5879,,0.0125,0.6347,0.3167,,3.2
Travis Homer,PIT,RB,0.0177,0.0256,0.8333,-2.0,7.629,,,,1.786,,0.0238,1.2575,0.2571,,3.2
AT Perry,PIT,WR,,,,,,,,,,,,,,,
Ben Skowronek,PIT,WR,0.0326,0.0033,0.6667,8.667,5.75,,,,10.1667,,0.0,2.5357,0.5,,3.601
Brandon Smith,PIT,WR,,,,,,,,,,,,,,,
Cole Burgess,PIT,WR,,,,,,,,,,,,,,,
DK Metcalf,PIT,WR,0.202,0.0556,0.6258,6.0,6.7257,,,,9.9378,,0.1601,2.104,0.2395,,2.6606
Michael Pittman,PIT,WR,0.1953,0.0086,0.6984,9.25,3.2744,,,,8.1551,,0.0658,-1.1604,0.1041,,2.9404
Roman Wilson,PIT,WR,0.067,0.0,0.5519,4.0,5.6071,,,,11.7296,,0.2889,0.204,0.2857,,3.6602
Darnell Washington,PIT,TE,0.1047,0.0,0.7436,4.0,7.1319,,,,6.159,,0.0346,2.1313,0.4306,,3.6667
JJ Galbreath,PIT,TE,,,,,,,,,,,,,,,
Jaheim Bell,PIT,TE,,,,,,,,,,,,,,,
Pat Freiermuth,PIT,TE,0.1017,0.0,0.7922,4.0,6.3389,,,,5.21,,0.0511,1.1959,0.2044,,3.3216
Robert Tonyan,PIT,TE,0.0208,0.0,1.0,4.0,0.0,,,,1.0,,0.0,-6.084,0.0,,4.02
Drew Lock,SEA,QB,0.0,0.0314,,,,-14.2898,0.0,0.0,,1.6667,,,,2.803,
Jalen Milroe,SEA,QB,0.0,0.0399,,,,,,,,,,,,,
Sam Darnold,SEA,QB,0.0,0.0706,,,,6.2161,0.0496,0.0,,8.0542,,,,2.842,
Brady Russell,SEA,RB,0.0286,,0.0,,,,,,0.0,,0.0,,,,
Emanuel Wilson,SEA,RB,0.0582,0.2598,0.875,3.7378,7.3,,,,-2.2583,,0.0,-1.5487,0.15,,3.2
George Holani,SEA,RB,0.0952,0.1663,1.0,3.2821,8.0,,,,-0.5,,0.0,-0.1768,0.0,,3.2
Jacardia Wright,SEA,RB,,0.1562,,4.0,,,,,,,,,,,
Jadarian Price,SEA,RB,0,0,0,0,0,0,0,0,0,0,0,0,0,0,0
Kenny McIntosh,SEA,RB,0.0062,0.0838,0.75,5.548,5.667,,,,1.25,,0.0,0.0,0.15,,3.2
Robbie Ouzts,SEA,RB,,,,,,,,,,,,,,,
Velus Jones,SEA,RB,0.0153,0.1538,0.5455,8.0,5.417,,,,14.364,,0.3182,-1.9203,0.1667,,3.2
Zach Charbonnet,SEA,RB,0.0676,0.4028,0.8106,4.012,6.975,,,,1.8333,,0.0,0.8306,0.3083,,3.2
Cody White,SEA,WR,0.0493,,0.8333,,19.3333,,,,8.8333,,0.0,15.4028,0.6667,,
Cooper Kupp,SEA,WR,0.1455,0.0101,0.6815,4.556,7.0406,,,,8.1567,,0.0581,3.2684,0.3153,,2.7255
Irvin Charles,SEA,WR,,,,,,,,,,,,,,,
Jake Bobo,SEA,WR,0.0319,0.0027,1.0,3.0,3.0,,,,7.0,,0.0,-2.2806,0.0,,1.951
Jaxon Smith-Njigba,SEA,WR,0.3324,0.0494,0.7392,5.7333,4.6948,,,,11.2495,,0.1484,-0.2829,0.1455,,2.9788
Montorie Foster Jr,SEA,WR,,,,,,,,,,,,,,,
Rashid Shaheed,SEA,WR,0.1449,0.0435,0.6332,8.0714,2.8222,,,,10.259,,0.1751,-2.2165,0.0437,,2.8714
Ricky White,SEA,WR,,,,,,,,,,,,,,,
Tory Horton,SEA,WR,0.1117,0.0,0.5,4.0,2.8333,,,,18.9524,,0.369,-0.1732,0.0,,2.8
Tyrone Broden,SEA,WR,,,,,,,,,,,,,,,
AJ Barner,SEA,TE,0.1321,0.0403,0.7527,1.5,5.3143,,,,5.3075,,0.1094,0.4746,0.2037,,4.4611
Elijah Arroyo,SEA,TE,0.0695,0.0,0.5744,4.0,4.3889,,,,8.5962,,0.15,-0.5519,0.1111,,2.3818
Eric Saubert,SEA,TE,0.0551,0.0,0.5333,4.0,4.5,,,,6.167,,0.0,0.504,0.3333,,3.148
Harrison Bryant,SEA,TE,0.0419,0.0056,0.25,2.667,0.0,,,,12.0,,0.25,-4.6316,0.0,,3.505
Nick Kallerup,SEA,TE,0.0769,,0.0,,,,,,8.0,,0.0,,,,
Adrian Martinez,SF,QB,0.0,,,,,,,,,,,,,,
Brock Purdy,SF,QB,0.0,0.1099,,,,7.6853,0.0359,0.0,,7.5373,,,,3.1741,
Kurtis Rourke,SF,QB,0.0,,,,,,,,,,,,,,
Mac Jones,SF,QB,0.0,0.115,,,,3.9608,0.0489,0.0,,7.3858,,,,2.7037,
Christian McCaffrey,SF,RB,0.2134,0.6815,0.8146,3.7825,7.2827,,,,2.445,,0.0178,1.632,0.314,,3.2
Isaac Guerendo,SF,RB,0.0284,0.1867,0.9375,5.0,7.133,,,,3.125,,0.125,0.1397,0.3333,,3.2
Jordan James,SF,RB,,,,,,,,,,,,,,,
Kyle Juszczyk,SF,RB,0.053,0.0287,0.8833,-1.5,4.3556,,,,4.0333,,0.0333,0.5759,0.1444,,3.2
Patrick Taylor,SF,RB,0.0124,0.0587,0.5484,4.167,5.882,,,,0.935,,0.0,-1.1732,0.2353,,3.2
Sincere McCormick,SF,RB,0.0102,0.1051,0.8571,4.692,4.833,,,,0.429,,0.0,0.0,0.15,,3.2
Christian Kirk,SF,WR,0.1358,0.0056,0.5205,5.75,3.097,,,,6.5053,,0.0871,-2.0606,0.1091,,2.652
Colton Dowell,SF,WR,,,,,,,,,,,,,,,
Demarcus Robinson,SF,WR,0.0711,0.0312,0.5782,6.0,1.4394,,,,14.1327,,0.3019,-3.0544,0.0758,,2.2411
Jacob Cowing,SF,WR,,,,,,,,,,,,,,,
Jordan Watkins,SF,WR,0.0478,,0.75,,0.5,,,,15.5,,0.0,-3.8657,0.0,,
Junior Bergen,SF,WR,,,,,,,,,,,,,,,
Malik Turner,SF,WR,0.0204,,0.0,,,,,,-5.0,,0.0,,,,
Mike Evans,SF,WR,0.2156,0.0024,0.501,10.0,1.2476,,,,14.1767,,0.2397,-2.7348,0.0,,1.9848
Ricky Pearsall,SF,WR,0.1643,0.0356,0.6571,-1.0,1.9333,,,,13.1965,,0.2941,-3.8205,0.0407,,2.1719
Brayden Willis,SF,TE,0.0244,,0.0,,,,,,2.0,,0.0,,,,
George Kittle,SF,TE,0.1939,0.027,0.7889,-3.0,4.0017,,,,6.8584,,0.0538,-0.6604,0.1046,,3.7279
Hayden Rucci,SF,TE,,,,,,,,,,,,,,,
Jake Tonges,SF,TE,0.126,0.0,0.7598,4.0,3.6931,,,,5.2724,,0.0444,-0.4337,0.1111,,3.8382
Luke Farrell,SF,TE,0.0422,0.0,0.7963,4.0,3.875,,,,3.4444,,0.0,-0.8764,0.125,,3.189
Baker Mayfield,TB,QB,0.0,0.1193,,,,-2.4748,0.0569,0.0,,8.0479,,,,2.8432,
Connor Bazelak,TB,QB,0.0,,,,,,,,,,,,,,
Jake Browning,TB,QB,0.0,0.1248,,,,6.012,0.0525,0.0,,7.8131,,,,2.7705,
Bucky Irving,TB,RB,0.1076,0.6133,0.8148,3.3781,12.9278,,,,-1.4593,,0.0222,3.4474,0.4704,,3.2
Josh Williams,TB,RB,,0.1379,,2.75,,,,,,,,,,,
Kenneth Gainwell,TB,RB,0.1475,0.2917,0.857,4.1978,7.0081,,,,-0.4992,,0.0084,-0.6031,0.1982,,3.2
Sean Tucker,TB,RB,0.0478,0.216,0.6667,2.8055,6.2333,,,,-0.6667,,0.0,-2.4065,0.1,,3.2
Chris Godwin,TB,WR,0.1637,0.0077,0.6833,5.077,5.3966,,,,6.4889,,0.0722,0.8689,0.2243,,2.7339
David Sills,TB,WR,0.0918,0.0,0.4319,4.0,3.2917,,,,11.2583,,0.2111,-1.1568,0.0833,,2.5467
Dennis Houston,TB,WR,,,,,,,,,,,,,,,
Emeka Egbuka,TB,WR,0.2139,0.0431,0.5029,3.0,5.3209,,,,12.6281,,0.2188,-0.1759,0.1359,,2.5675
Garrett Greene,TB,WR,,,,,,,,,,,,,,,
Jalen McMillan,TB,WR,0.0976,0.0312,0.8611,1.0,3.9464,,,,10.5417,,0.0556,-0.3496,0.0357,,3.3915
Kameron Johnson,TB,WR,0.0601,0.0445,0.25,6.5,5.0,,,,13.75,,0.0625,0.3693,0.25,,
Tez Johnson,TB,WR,0.0825,0.0525,0.5996,4.0,3.5347,,,,12.6274,,0.2056,-1.5656,0.0417,,3.3395
Cade Otton,TB,TE,0.159,0.002,0.7255,-4.0,4.804,,,,5.3238,,0.0222,-0.0639,0.1883,,3.6807
Devin Culp,TB,TE,0.025,,1.0,,0.0,,,,6.0,,0.0,,0.0,,
Ko Kieft,TB,TE,,,,,,,,,,,,,,,
Payne Durham,TB,TE,0.0301,0.0,0.25,4.0,11.0,,,,4.0,,0.0,4.0119,1.0,,4.673
Cam Ward,TEN,QB,0.0,0.1063,,,,-1.8581,0.0782,0.0,,7.24,,,,2.9807,
Hendon Hooker,TEN,QB,0.0,,,,,,,,,,,,,,
Mitchell Trubisky,TEN,QB,0.0,0.0355,,,,-4.2086,0.0,0.0,,9.0374,,,,2.8424,
Will Levis,TEN,QB,0.0,,,,,-0.4095,0.0993,0.0,,9.583,,,,2.749,
Julius Chestnut,TEN,RB,0.0307,0.0693,0.0,3.1429,10.6,,,,11.0,,0.0,0.0,0.15,,3.2
Kalel Mullings,TEN,RB,,0.0373,,2.3333,,,,,,,,,,,
Michael Carter,TEN,RB,0.0941,0.342,0.7225,3.344,8.2883,,,,1.692,,0.0182,1.7331,0.4267,,3.2
Tony Pollard,TEN,RB,0.0733,0.6519,0.7533,4.294,7.2381,,,,0.2767,,0.0,0.2852,0.0952,,3.2
Tyjae Spears,TEN,RB,0.1161,0.2528,0.8792,3.8458,7.8288,,,,-2.3063,,0.0,-0.3041,0.2286,,3.2
Bryce Oliver,TEN,WR,0.0294,,1.0,,2.0,,,,6.0,,0.0,-1.7737,0.0,,
Calvin Ridley,TEN,WR,0.1376,0.0192,0.6156,4.588,5.5095,,,,11.9009,,0.0633,1.1025,0.3095,,3.1846
Carnell Tate,TEN,WR,0,0,0,0,0,0,0,0,0,0,0,0,0,0,0
Chimere Dike,TEN,WR,0.1273,0.0608,0.6019,1.3333,5.0413,,,,8.0962,,0.1741,-1.7903,0.0752,,3.4964
Courtney Jackson,TEN,WR,,,,,,,,,,,,,,,
Elic Ayomanor,TEN,WR,0.1572,0.0,0.5016,4.0,2.7812,,,,12.555,,0.1914,-1.3422,0.0677,,2.6346
KJ Osborn,TEN,WR,0.0985,0.0048,0.6231,4.0,4.096,,,,8.993,,0.1306,-0.5826,0.1667,,2.919
Lance McCutcheon,TEN,WR,,,,,,,,,,,,,,,
Mason Kinsey,TEN,WR,0.0489,,0.6667,,1.5,,,,26.3333,,0.6667,-2.4127,0.0,,
Wan'Dale Robinson,TEN,WR,0.2637,0.0314,0.6434,1.6667,4.2917,,,,8.7573,,0.1708,-1.335,0.0815,,3.4326
Xavier Restrepo,TEN,WR,0.0774,,0.6667,,3.75,,,,10.1667,,0.0833,0.097,0.0,,2.8438
Daniel Bellinger,TEN,TE,0.0599,0.0018,0.7222,2.0,5.75,,,,9.3542,,0.0417,1.2485,0.175,,4.533
David Martin-Robinson,TEN,TE,0.0422,,0.8333,,4.0,,,,3.4167,,0.0,,0.25,,
Gunnar Helm,TEN,TE,0.0908,0.0,0.7884,4.0,3.724,,,,5.9384,,0.0281,-1.7801,0.0677,,3.2278
Joel Wilson,TEN,TE,,,,,,,,,,,,,,,
Kylen Granson,TEN,TE,0.0671,0.0022,0.825,1.0,1.5625,,,,6.55,,0.125,-3.7432,0.0,,3.2898
Jayden Daniels,WAS,QB,0.0,0.2811,,,,-3.0479,0.0788,0.0,,7.3449,,,,2.7955,
Marcus Mariota,WAS,QB,0.0,0.177,,,,0.4543,0.0769,0.0,,10.6471,,,,2.7693,
Sam Hartman,WAS,QB,0.0,,,,,,,,,,,,,,
Jacory Croskey-Merritt,WAS,RB,0.0438,0.3785,0.65,4.5783,7.5714,,,,-1.45,,0.0,-0.2968,0.1429,,3.2
Jeremy McNichols,WAS,RB,0.0842,0.1019,0.8141,4.5444,8.5051,,,,-0.8718,,0.0,0.2233,0.3026,,3.2
Jerome Ford,WAS,RB,0.0741,0.1084,0.7576,1.9556,6.255,,,,-1.4621,,0.0,-3.0019,0.17,,3.2
Rachaad White,WAS,RB,0.0752,0.3107,0.9196,5.394,8.3765,,,,-2.9882,,0.0,-0.708,0.2176,,3.2
Dyami Brown,WAS,WR,0.1,0.0444,0.496,5.4,1.2375,,,,17.8357,,0.3176,-3.316,0.0,,2.9432
Jacoby Jones,WAS,WR,0.0323,,1.0,,22.0,,,,3.0,,0.0,17.068,1.0,,
Jaylin Lane,WAS,WR,0.0811,0.0333,0.5013,7.0,2.5152,,,,15.6821,,0.3205,-3.4968,0.1212,,3.2152
Luke McCaffrey,WAS,WR,0.0756,0.0,0.7381,4.0,5.5278,,,,16.3333,,0.2619,-0.1386,0.2222,,2.8
Nick Nash,WAS,WR,,,,,,,,,,,,,,,
Terry McLaurin,WAS,WR,0.1964,0.0062,0.677,4.3,2.6243,,,,14.296,,0.2425,-1.8399,0.1117,,2.3475
Treylon Burks,WAS,WR,0.1052,0.0082,0.4563,6.0,2.8889,,,,13.4188,,0.1917,-1.4713,0.0,,2.085
Van Jefferson,WAS,WR,0.1036,0.0039,0.7086,9.75,3.0476,,,,10.1321,,0.1357,-1.1964,0.0179,,2.3705
Anthony Firkser,WAS,TE,0.0456,0.0,0.7333,4.0,1.75,,,,2.8333,,0.0,-3.09,0.0,,2.938
Ben Sinnott,WAS,TE,0.0652,,0.9062,,6.6875,,,,7.2188,,0.2188,1.5532,0.25,,
Chig Okonkwo,WAS,TE,0.128,,0.7046,,5.6625,,,,5.1413,,0.0658,-0.2202,0.251,,3.752
Colson Yankoff,WAS,TE,0.0299,,0.6667,,2.0,,,,6.0,,0.0,-2.6357,0.0,,
John Bates,WAS,TE,0.0644,0.0,0.7222,4.0,6.0625,,,,4.0556,,0.0,1.4587,0.1875,,5.382
Lawrence Cager,WAS,TE,0.0148,0.0,0.6786,4.0,5.632,,,,5.704,,0.0357,0.3707,0.3158,,3.929
