player_name,team,pos,rz_target_share,rz_carry_share,five_target_share,five_carry_share,median_rz_target_share,median_rz_carry_share,median_five_target_share,median_five_carry_share,hist_2024_rz_target_share,hist_2024_rz_targets,hist_2024_rz_carry_share,hist_2024_rz_carries,hist_2024_five_target_share,hist_2024_five_targets,hist_2024_five_carry_share,hist_2024_five_carries,hist_2025_rz_target_share,hist_2025_rz_targets,hist_2025_rz_carry_share,hist_2025_rz_carries,hist_2025_five_target_share,hist_2025_five_targets,hist_2025_five_carry_share,hist_2025_five_carries
Carson Beck,ARI,QB,0,0.01,0,0.01,,,,,,0,,0,,0,,0,,0,,0,,0,,0
Gardner Minshew,ARI,QB,0,0.01,0,0.01,0,0.0513,0,0,0,0,0.0513,2,0,0,0,0,,0,,0,,0,,0
Jacoby Brissett,ARI,QB,0,0.01,0,0.01,0,0.0509,0,0.1013,0,0,0.0392,2,0,0,0.0526,1,0,0,0.0625,2,0,0,0.15,3
Bam Knight,ARI,RB,0,0,0,0,0.05,0.2812,0.0588,0.4,,0,,0,,0,,0,0.05,5,0.2812,9,0.0588,1,0.4,8
Evan Hull,ARI,RB,0,0,0,0,,,,,,,,,,,,,,,,,,,,
James Conner,ARI,RB,0.025,0.2,0.02,0.22,0.0345,0.3618,0.0588,0.4011,0.069,4,0.661,39,0.0588,1,0.6522,15,0,0,0.0625,2,0.0588,1,0.15,3
Jeremiyah Love,ARI,RB,0.105,0.44,0.04,0.405,,,,,,0,,0,,0,,0,,0,,0,,0,,0
Trey Benson,ARI,RB,0.015,0.02,0.01,0.02,0.01,0.0482,0,0.0467,0,0,0.0339,2,0,0,0.0435,1,0.02,2,0.0625,2,0,0,0.05,1
Tyler Allgeier,ARI,RB,0.025,0.295,0.02,0.3,0.0172,0.38,0,0.338,0.0169,1,0.3016,19,0,0,0.2593,7,0.0175,1,0.4583,22,0,0,0.4167,10
Devin Duvernay,ARI,WR,0.04,0,0.035,0,0.0189,0.0104,0.0192,0,0.0377,2,0.0208,1,0,0,0,0,0,0,0,0,0.0385,1,0,0
Harrison Wallace,ARI,WR,0,0,0,0,,,,,,0,,0,,0,,0,,0,,0,,0,,0
Ihmir Smith-Marsette,ARI,WR,0,0,0,0,,,,,,0,,0,,0,,0,,0,,0,,0,,0
Jalen Brooks,ARI,WR,0.025,0,0.02,0,0.0469,0,0.0526,0,0.0469,3,0,0,0.0526,1,0,0,,0,,0,,0,,0
Kendrick Bourne,ARI,WR,0.05,0,0.065,0,0.0212,0,0.0238,0,0.0161,1,0,0,0.0476,1,0,0,0.0263,2,0,0,0,0,0,0
Marvin Harrison,ARI,WR,0.22,0.005,0.21,0.005,0.1384,0,0.1765,0,0.2069,12,0,0,0.1176,2,0,0,0.07,7,0,0,0.2353,4,0,0
Michael Wilson,ARI,WR,0.19,0.005,0.155,0.005,0.1403,0,0.0588,0,0.1207,7,0,0,0.0588,1,0,0,0.16,16,0,0,0.0588,1,0,0
Reggie Virgil,ARI,WR,0,0,0,0,,,,,,0,,0,,0,,0,,0,,0,,0,,0
Simi Fehoko,ARI,WR,0,0,0,0,0.0351,0,0,0,0.0351,2,0,0,0,0,0,0,,0,,0,,0,,0
Elijah Higgins,ARI,TE,0.045,0,0.045,0,0.0372,0,0.0588,0,0.0345,2,0,0,0.0588,1,0,0,0.04,4,0,0,0.0588,1,0,0
Hunter Long,ARI,TE,0,0,0,0,,,,,,,,,,,,,,,,,,,,
Jameson Geers,ARI,TE,0,0,0,0,,,,,,0,,0,,0,,0,,0,,0,,0,,0
Shawn Bowman,ARI,TE,0,0,0,0,,,,,,,,,,,,,,,,,,,,
Teagan Quitoriano,ARI,TE,0,0,0,0,,,,,,0,,0,,0,,0,,0,,0,,0,,0
Tip Reiman,ARI,TE,0,0,0,0,,,,,,0,,0,,0,,0,,0,,0,,0,,0
Trey McBride,ARI,TE,0.26,0.005,0.38,0.015,0.2607,0,0.4118,0.0217,0.2414,14,0,0,0.4706,8,0.0435,1,0.28,28,0,0,0.3529,6,0,0
Cooper Rush,ATL,QB,0,0,0,0,,,,,,,,,,,,,,,,,,,,
Jack Strand,ATL,QB,0,0,0,0,,,,,,0,,0,,0,,0,,0,,0,,0,,0
Michael Penix,ATL,QB,0,0.01,0,0.01,0,0.0104,0,0.0787,0,0,0,0,0,0,0.0741,2,0,0,0.0208,1,0,0,0.0833,2
Tua Tagovailoa,ATL,QB,0,0.01,0,0.01,0,0.0381,0,0,0,0,0.0392,2,0,0,0,0,0,0,0.037,2,0,0,0,0
Bijan Robinson,ATL,RB,0.12,0.645,0.04,0.59,0.1646,0.6017,0.0385,0.5625,0.1186,7,0.6825,43,0,0,0.6667,18,0.2105,12,0.5208,25,0.0769,1,0.4583,11
Brian Robinson,ATL,RB,0.03,0.325,0.015,0.38,0.0461,0.2205,0.0308,0.2687,0.0526,4,0.2981,31,0.0294,1,0.4634,19,0.0395,3,0.1429,11,0.0323,1,0.0741,2
Cash Jones,ATL,RB,0,0,0,0,,,,,,0,,0,,0,,0,,0,,0,,0,,0
Trey Sermon,ATL,RB,0,0,0,0,,,,,,,,,,,,,,,,,,,,
Tyler Goodson,ATL,RB,0,0,0,0,0.0081,0.0373,0.0806,0.0128,0.0161,1,0.0746,5,0.1111,1,0.0256,1,0,0,0,0,0.05,1,0,0
Antwane Wells,ATL,WR,0,0,0,0,,,,,,,,,,,,,,,,,,,,
Beaux Collins,ATL,WR,0,0,0,0,,,,,,,,,,,,,,,,,,,,
Chris Blair,ATL,WR,0.02,0,0.02,0,,,,,,0,,0,,0,,0,,0,,0,,0,,0
Drake London,ATL,WR,0.35,0,0.475,0,0.2657,0,0.5641,0,0.3559,21,0,0,0.6667,6,0,0,0.1754,10,0,0,0.4615,6,0,0
Dylan Drummond,ATL,WR,0.02,0,0.02,0,0.0351,0,0.1538,0,,0,,0,,0,,0,0.0351,2,0,0,0.1538,2,0,0
Jahan Dotson,ATL,WR,0.085,0,0.06,0,0.0712,0,0,0,0.0462,3,0,0,0,0,0,0,0.0962,5,0,0,0,0,0,0
Olamide Zaccheaus,ATL,WR,0.05,0,0.05,0,0.1437,0,0.0679,0,0.1184,9,0,0,0.0588,2,0,0,0.169,12,0,0,0.0769,2,0,0
Vinny Anthony,ATL,WR,0,0,0,0,,,,,,0,,0,,0,,0,,0,,0,,0,,0
Zachariah Branch,ATL,WR,0.06,0,0.06,0,,,,,,0,,0,,0,,0,,0,,0,,0,,0
Austin Hooper,ATL,TE,0.07,0,0.07,0,0.0797,0,0.0755,0,0.129,8,0,0,0.0476,1,0,0,0.0303,2,0,0,0.1034,3,0,0
Charlie Woerner,ATL,TE,0,0,0,0,0.0175,0,0,0,,0,,0,,0,,0,0.0175,1,0,0,0,0,0,0
Jack Velling,ATL,TE,0,0,0,0,,,,,,0,,0,,0,,0,,0,,0,,0,,0
Kyle Pitts,ATL,TE,0.195,0.02,0.19,0.02,0.1982,0,0.1325,0,0.2034,12,0,0,0.1111,1,0,0,0.193,11,0,0,0.1538,2,0,0
Nick Muse,ATL,TE,0,0,0,0,,,,,,,,,,,,,,,,,,,,
Joe Fagnano,BAL,QB,0,0,0,0,,,,,,0,,0,,0,,0,,0,,0,,0,,0
Lamar Jackson,BAL,QB,0,0.2,0,0.06,0,0.2149,0,0.0556,0,0,0.2676,19,0,0,0.08,2,0,0,0.1622,12,0,0,0.0312,1
Skylar Thompson,BAL,QB,0,0.01,0,0.01,,,,,,0,,0,,0,,0,,0,,0,,0,,0
Tyler Huntley,BAL,QB,0,0.1,0,0.1,0,0.0669,0,0.025,0,0,0.0392,2,0,0,0.05,1,0,0,0.0946,7,0,0,0,0
Adam Randall,BAL,RB,0,0,0,0,,,,,,0,,0,,0,,0,,0,,0,,0,,0
Derrick Henry,BAL,RB,0.045,0.6,0.02,0.79,0.0583,0.5179,0.0312,0.8619,0.0758,5,0.5493,39,0.0625,1,0.88,22,0.0408,2,0.4865,36,0,0,0.8438,27
Jonathan Ward,BAL,RB,0,0,0,0,,,,,,,,,,,,,,,,,,,,
Justice Hill,BAL,RB,0.09,0.1,0.05,0.11,0.0708,0.0558,0.0312,0.0356,0.1212,8,0.0845,6,0.0625,1,0.04,1,0.0204,1,0.027,2,0,0,0.0312,1
Rasheen Ali,BAL,RB,0,0.02,0,0,0.0102,0.0346,0,0,0,0,0.0423,3,0,0,0,0,0.0204,1,0.027,2,0,0,0,0
Chris Moore,BAL,WR,0,0,0,0,,,,,,,,,,,,,,,,,,,,
Devontez Walker,BAL,WR,0.05,0,0.05,0,0,0,0.0455,0,,0,,0,,0,,0,0,0,0,0,0.0455,1,0,0
Elijah Sarratt,BAL,WR,0.08,0,0.13,0,,,,,,0,,0,,0,,0,,0,,0,,0,,0
Ja'Kobi Lane,BAL,WR,0.115,0,0.09,0,,,,,,0,,0,,0,,0,,0,,0,,0,,0
LaJohntay Wester,BAL,WR,0,0,0,0,,,,,,0,,0,,0,,0,,0,,0,,0,,0
Rashod Bateman,BAL,WR,0.11,0.02,0.1,0,0.1396,0,0.108,0,0.1364,9,0,0,0.125,2,0,0,0.1429,7,0,0,0.0909,2,0,0
Ty Pezza,BAL,WR,0,0,0,0,,,,,,0,,0,,0,,0,,0,,0,,0,,0
Xavier Guillory,BAL,WR,0,0,0,0,,,,,,0,,0,,0,,0,,0,,0,,0,,0
Zay Flowers,BAL,WR,0.27,0.04,0.23,0,0.1551,0.0208,0.0767,0,0.1061,7,0.0282,2,0.0625,1,0,0,0.2041,10,0.0135,1,0.0909,2,0,0
Durham Smythe,BAL,TE,0.04,0,0.055,0,0.0133,0,0.0769,0,0.0133,1,0,0,0.0769,2,0,0,,0,,0,,0,,0
Josh Cuevas,BAL,TE,0,0,0,0,,,,,,0,,0,,0,,0,,0,,0,,0,,0
Mark Andrews,BAL,TE,0.2,0.02,0.275,0.04,0.1877,0.0141,0.2528,0.0469,0.2121,14,0.0282,2,0.1875,3,0,0,0.1633,8,0,0,0.3182,7,0.0938,3
Matthew Hibner,BAL,TE,0,0,0,0,,,,,,0,,0,,0,,0,,0,,0,,0,,0
Nick Vannett,BAL,TE,0,0,0,0,,,,,,,,,,,,,,,,,,,,
Josh Allen,BUF,QB,0,0.22,0,0.385,0,0.2236,0,0.3869,0,0,0.2653,26,0,0,0.3571,15,0,0,0.1818,14,0,0,0.4167,20
Kyle Allen,BUF,QB,0,0.01,0,0.01,,,,,,0,,0,,0,,0,,0,,0,,0,,0
Shane Buechele,BUF,QB,0,0.01,0,0.01,,,,,,0,,0,,0,,0,,0,,0,,0,,0
Frank Gore,BUF,RB,0,0,0,0,,,,,,0,,0,,0,,0,,0,,0,,0,,0
James Cook,BUF,RB,0.045,0.53,0.03,0.43,0.0409,0.5218,0.0436,0.4137,0.0548,4,0.4592,45,0.0526,1,0.4524,19,0.027,2,0.5844,45,0.0345,1,0.375,18
Ray Davis,BUF,RB,0.03,0.135,0.03,0.08,0.0135,0.1141,0.1044,0.0685,0,0,0.1633,16,0.1053,2,0.0952,4,0.027,2,0.0649,5,0.1034,3,0.0417,2
Ty Johnson,BUF,RB,0.07,0.105,0.03,0.095,0.0681,0.1303,0.0263,0.0863,0.0822,6,0.0918,9,0.0526,1,0.0476,2,0.0541,4,0.1688,13,0,0,0.125,6
DJ Moore,BUF,WR,0.23,0.01,0.2,0,0.2055,0.019,0.1904,0,0.3125,20,0,0,0.15,3,0,0,0.0986,7,0.038,3,0.2308,6,0,0
Greg Dortch,BUF,WR,0,0,0,0,,,,,,,,,,,,,,,,,,,,
Ja'Mori Maclin,BUF,WR,0,0,0,0,,,,,,0,,0,,0,,0,,0,,0,,0,,0
Josh Palmer,BUF,WR,0.08,0,0.12,0,0.0864,0,0.1326,0,0.1053,6,0,0,0.2308,3,0,0,0.0676,5,0,0,0.0345,1,0,0
Keon Coleman,BUF,WR,0.1,0,0.2,0,0.1157,0,0.235,0,0.1233,9,0,0,0.2632,5,0,0,0.1081,8,0,0,0.2069,6,0,0
Khalil Shakir,BUF,WR,0.145,0,0.105,0,0.1765,0,0.078,0,0.1233,9,0,0,0.0526,1,0,0,0.2297,17,0,0,0.1034,3,0,0
Skyler Bell,BUF,WR,0.035,0,0.035,0,,,,,,0,,0,,0,,0,,0,,0,,0,,0
Stephen Gosnell,BUF,WR,0,0,0,0,,,,,,0,,0,,0,,0,,0,,0,,0,,0
Trent Sherfield,BUF,WR,0,0,0,0,0.0163,0,0,0,0.0127,1,0,0,0,0,0,0,0.02,2,0,0,0,0,0,0
Tyrell Shavers,BUF,WR,0.02,0,0.02,0,,,,,,0,,0,,0,,0,,0,,0,,0,,0
Dalton Kincaid,BUF,TE,0.14,0,0.1,0,0.1293,0,0.0345,0,0.137,10,0,0,0,0,0,0,0.1216,9,0,0,0.069,2,0,0
Dawson Knox,BUF,TE,0.105,0,0.13,0,0.102,0,0.1034,0,0.0959,7,0,0,0,0,0,0,0.1081,8,0,0,0.2069,6,0,0
Jackson Hawes,BUF,TE,0,0,0,0,0.0135,0,0.069,0,,0,,0,,0,,0,0.0135,1,0,0,0.069,2,0,0
Keleki Latu,BUF,TE,0,0,0,0,,,,,,0,,0,,0,,0,,0,,0,,0,,0
Bryce Young,CAR,QB,0,0.13,0,0.1,0,0.1535,0,0.1142,0,0,0.1667,7,0,0,0.1034,3,0,0,0.1404,8,0,0,0.125,2
Haynes King,CAR,QB,0,0,0,0,,,,,,0,,0,,0,,0,,0,,0,,0,,0
Kenny Pickett,CAR,QB,0,0.03,0,0.03,0,0,0,0.0345,0,0,0,0,0,0,0.0345,2,,0,,0,,0,,0
AJ Dillon,CAR,RB,0.01,0.1,0.01,0.15,0.0192,0.0323,0,0,,0,,0,,0,,0,0.0192,1,0.0323,2,0,0,0,0
Anthony Tyus,CAR,RB,0,0,0,0,,,,,,0,,0,,0,,0,,0,,0,,0,,0
Chuba Hubbard,CAR,RB,0.07,0.375,0.05,0.38,0.1006,0.4524,0.0789,0.5043,0.1571,11,0.5714,24,0,0,0.7586,22,0.0441,3,0.3333,19,0.1579,3,0.25,4
Jonathon Brooks,CAR,RB,0.09,0.365,0.05,0.34,0.0286,0.0476,0,0.0345,0.0286,2,0.0476,2,0,0,0.0345,1,,0,,0,,0,,0
Trevor Etienne,CAR,RB,0.02,0.02,0.02,0.02,0,0.0526,0,0.0625,,0,,0,,0,,0,0,0,0.0526,3,0,0,0.0625,1
Brycen Tremayne,CAR,WR,0,0,0,0,0.0147,0,0.0526,0,,0,,0,,0,,0,0.0147,1,0,0,0.0526,1,0,0
Casey Washington,CAR,WR,0,0,0,0,,,,,,,,,,,,,,,,,,,,
Chris Brazzell,CAR,WR,0,0,0,0,,,,,,0,,0,,0,,0,,0,,0,,0,,0
David Moore,CAR,WR,0,0,0,0,0.1286,0,0.1111,0.0345,0.1286,9,0,0,0.1111,2,0.0345,1,,0,,0,,0,,0
Ja'Seem Reed,CAR,WR,0,0,0,0,,,,,,0,,0,,0,,0,,0,,0,,0,,0
Jalen Coker,CAR,WR,0.165,0,0.16,0,0.0725,0,0.1082,0,0.0714,5,0,0,0.1111,2,0,0,0.0735,5,0,0,0.1053,2,0,0
Jimmy Horn,CAR,WR,0.035,0,0.035,0,0.0441,0,0,0,,0,,0,,0,,0,0.0441,3,0,0,0,0,0,0
John Metchie,CAR,WR,0.05,0,0.05,0,0.0976,0,0.0455,0,0.0972,7,0,0,0.0909,2,0,0,0.098,5,0,0,0,0,0,0
Tetairoa McMillan,CAR,WR,0.28,0,0.3,0,0.1765,0,0.1579,0,,0,,0,,0,,0,0.1765,12,0,0,0.1579,3,0,0
Xavier Legette,CAR,WR,0.13,0.01,0.12,0.01,0.1523,0,0.136,0,0.1429,10,0,0,0.1667,3,0,0,0.1618,11,0,0,0.1053,2,0,0
Darren Waller,CAR,TE,0.06,0,0.085,0,,,,,,,,,,,,,,,,,,,,
Feleipe Franks,CAR,TE,0,0,0,0,,,,,,0,,0,,0,,0,,0,,0,,0,,0
Ja'Tavion Sanders,CAR,TE,0.045,0,0.06,0,0.1021,0,0.0556,0,0.0571,4,0,0,0.1111,2,0,0,0.1471,10,0,0,0,0,0,0
Mitchell Evans,CAR,TE,0,0,0,0,0.0294,0,0.1579,0,,0,,0,,0,,0,0.0294,2,0,0,0.1579,3,0,0
Tommy Tremble,CAR,TE,0.045,0,0.06,0,0.0582,0,0.0278,0,0.0429,3,0,0,0.0556,1,0,0,0.0735,5,0,0,0,0,0,0
Caleb Williams,CHI,QB,0,0.05,0,0.05,0,0.2189,0.0192,0.0521,0,0,0.2353,8,0,0,0.0417,1,0,0,0.2025,16,0.0385,1,0.0625,2
Case Keenum,CHI,QB,0,0,0,0,,,,,,0,,0,,0,,0,,0,,0,,0,,0
Tyson Bagent,CHI,QB,0,0.025,0,0.025,,,,,,0,,0,,0,,0,,0,,0,,0,,0
Brittain Brown,CHI,RB,0,0,0,0,,,,,,0,,0,,0,,0,,0,,0,,0,,0
D'Andre Swift,CHI,RB,0.08,0.49,0.03,0.47,0.007,0.4987,0.025,0.474,0,0,0.6176,21,0.05,1,0.4167,10,0.0141,1,0.3797,30,0,0,0.5312,17
Kyle Monangai,CHI,RB,0.04,0.41,0.015,0.435,0.0563,0.3671,0,0.4062,,0,,0,,0,,0,0.0563,4,0.3671,29,0,0,0.4062,13
Roschon Johnson,CHI,RB,0.01,0.02,0.01,0.02,0.0312,0.1471,0,0.375,0.0312,2,0.1471,5,0,0,0.375,9,,0,,0,,0,,0
Salvon Ahmed,CHI,RB,0,0,0,0,,,,,,0,,0,,0,,0,,0,,0,,0,,0
Zavier Scott,CHI,RB,0,0,0,0,,,,,,,,,,,,,,,,,,,,
JP Richardson,CHI,WR,0,0,0,0,,,,,,0,,0,,0,,0,,0,,0,,0,,0
Jahdae Walker,CHI,WR,0.06,0,0.04,0,0.0141,0,0.0385,0,,0,,0,,0,,0,0.0141,1,0,0,0.0385,1,0,0
Kaden Davis,CHI,WR,0,0,0,0,,,,,,,,,,,,,,,,,,,,
Kalif Raymond,CHI,WR,0.03,0,0.01,0,0.0295,0,0,0,0.0337,3,0,0,0,0,0,0,0.0253,2,0,0,0,0,0,0
Luther Burden,CHI,WR,0.23,0.02,0.165,0,0.0845,0,0.0385,0,,0,,0,,0,,0,0.0845,6,0,0,0.0385,1,0,0
Ray-Ray McCloud,CHI,WR,0,0,0,0,,,,,,,,,,,,,,,,,,,,
Rome Odunze,CHI,WR,0.205,0,0.26,0,0.1728,0,0.1712,0,0.2188,14,0,0,0.15,3,0,0,0.1268,9,0,0,0.1923,5,0,0
Scott Miller,CHI,WR,0,0,0,0,0.0231,0,0,0,0.0175,1,0,0,0,0,0,0,0.0286,2,0,0,0,0,0,0
Zavion Thomas,CHI,WR,0,0,0,0,,,,,,0,,0,,0,,0,,0,,0,,0,,0
Cole Kmet,CHI,TE,0.105,0,0.175,0,0.1032,0,0.1692,0,0.0938,6,0,0,0.3,6,0,0,0.1127,8,0,0,0.0385,1,0,0
Colston Loveland,CHI,TE,0.24,0.01,0.295,0.01,0.1831,0.0127,0.2308,0,,0,,0,,0,,0,0.1831,13,0.0127,1,0.2308,6,0,0
Hayden Large,CHI,TE,0,0,0,0,,,,,,0,,0,,0,,0,,0,,0,,0,,0
Nikola Kalinic,CHI,TE,0,0,0,0,,,,,,0,,0,,0,,0,,0,,0,,0,,0
Qadir Ismail,CHI,TE,0,0,0,0,,,,,,0,,0,,0,,0,,0,,0,,0,,0
Sam Roush,CHI,TE,0,0,0,0,,,,,,0,,0,,0,,0,,0,,0,,0,,0
Stephen Carlson,CHI,TE,0,0,0,0,,,,,,0,,0,,0,,0,,0,,0,,0,,0
Joe Burrow,CIN,QB,0,0.01,0,0.05,0,0.0454,0,0.0827,0,0,0.0652,3,0,0,0.1154,3,0,0,0.0256,1,0,0,0.05,1
Joe Flacco,CIN,QB,0,0,0,0,0,0.0277,0,0.075,0,0,0.0299,2,0,0,0,0,0,0,0.0256,1,0,0,0.15,3
Josh Johnson,CIN,QB,0,0.01,0,0.01,0,0.0175,0,0.027,,0,,0,,0,,0,0,0,0.0175,1,0,0,0.027,1
Sean Clifford,CIN,QB,0,0,0,0,,,,,,0,,0,,0,,0,,0,,0,,0,,0
Chase Brown,CIN,RB,0.13,0.64,0.1,0.655,0.1265,0.6555,0.1008,0.5942,0.1279,11,0.6957,32,0.0588,3,0.5385,14,0.125,8,0.6154,24,0.1429,4,0.65,13
Kendall Milton,CIN,RB,0,0,0,0,,,,,,0,,0,,0,,0,,0,,0,,0,,0
Kentrel Bullock,CIN,RB,0,0,0,0,,,,,,0,,0,,0,,0,,0,,0,,0,,0
Samaje Perine,CIN,RB,0.05,0.22,0.03,0.2,0.0221,0.1618,0.0172,0.1161,0.0286,3,0.0159,1,0.0345,1,0.0323,1,0.0156,1,0.3077,12,0,0,0.2,4
Tahj Brooks,CIN,RB,0.025,0.13,0.02,0.08,,,,,,0,,0,,0,,0,,0,,0,,0,,0
Andrei Iosivas,CIN,WR,0.09,0,0.1,0,0.0603,0,0.1026,0,0.0581,5,0,0,0.098,5,0,0,0.0625,4,0,0,0.1071,3,0,0
Colbie Young,CIN,WR,0.01,0,0.01,0,,,,,,0,,0,,0,,0,,0,,0,,0,,0
Dohnte Meyers,CIN,WR,0,0,0,0,,,,,,0,,0,,0,,0,,0,,0,,0,,0
Ja'Marr Chase,CIN,WR,0.295,0,0.27,0,0.29,0,0.1632,0,0.2674,23,0,0,0.2549,13,0,0,0.3125,20,0,0,0.0714,2,0,0
Jordan Moore,CIN,WR,0,0,0,0,,,,,,0,,0,,0,,0,,0,,0,,0,,0
Ke'Shawn Williams,CIN,WR,0.02,0,0.02,0,,,,,,0,,0,,0,,0,,0,,0,,0,,0
Noah Thomas,CIN,WR,0,0,0,0,,,,,,0,,0,,0,,0,,0,,0,,0,,0
Tee Higgins,CIN,WR,0.22,0,0.25,0,0.1673,0,0.1971,0,0.1628,14,0,0,0.2157,11,0,0,0.1719,11,0,0,0.1786,5,0,0
Drew Sample,CIN,TE,0.04,0,0.05,0.015,0.0058,0,0.0277,0.0192,0.0116,1,0,0,0.0196,1,0.0385,1,0,0,0,0,0.0357,1,0,0
Erick All,CIN,TE,0,0,0,0,0.0233,0,0,0,0.0233,2,0,0,0,0,0,0,,0,,0,,0,,0
Jack Endries,CIN,TE,0,0,0,0,,,,,,0,,0,,0,,0,,0,,0,,0,,0
Mike Gesicki,CIN,TE,0.08,0,0.1,0,0.0719,0,0.1008,0,0.0814,7,0,0,0.0588,3,0,0,0.0625,4,0,0,0.1429,4,0,0
Tanner Hudson,CIN,TE,0.04,0,0.05,0,0.0507,0,0.0473,0,0.0233,2,0,0,0.0588,3,0,0,0.0781,5,0,0,0.0357,1,0,0
Deshaun Watson,CLE,QB,0,0.05,0,0.05,0,0.0882,0,0.1111,0,0,0.0882,3,0,0,0.1111,2,,0,,0,,0,,0
Dillon Gabriel,CLE,QB,0,0.01,0,0.01,0,0.0541,0,0,,0,,0,,0,,0,0,0,0.0541,2,0,0,0,0
Shedeur Sanders,CLE,QB,0,0.05,0,0.05,0,0.027,0,0.0417,,0,,0,,0,,0,0,0,0.027,1,0,0,0.0417,1
Taylen Green,CLE,QB,0,0,0,0,,,,,,0,,0,,0,,0,,0,,0,,0,,0
Dylan Sampson,CLE,RB,0.105,0.105,0.01,0.13,0.1111,0.1892,0,0,,0,,0,,0,,0,0.1111,6,0.1892,7,0,0,0,0
Jaleel McLaughlin,CLE,RB,0,0,0,0,,,,,,,,,,,,,,,,,,,,
Michael Burton,CLE,RB,0,0,0,0,0,0.02,0.1333,0.125,0,0,0.02,1,0.1333,2,0.125,3,,0,,0,,0,,0
Quinshon Judkins,CLE,RB,0.08,0.675,0.05,0.59,0.0185,0.5676,0,0.5,,0,,0,,0,,0,0.0185,1,0.5676,21,0,0,0.5,12
Raheim Sanders,CLE,RB,0.04,0.14,0.01,0.19,0,0.0811,0,0.1667,,0,,0,,0,,0,0,0,0.0811,3,0,0,0.1667,4
Bryce Oliver,CLE,WR,0,0,0,0,,,,,,,,,,,,,,,,,,,,
Denzel Boston,CLE,WR,0.08,0,0.12,0,,,,,,0,,0,,0,,0,,0,,0,,0,,0
Isaiah Bond,CLE,WR,0.055,0.02,0.055,0,0.0556,0,0.0714,0,,0,,0,,0,,0,0.0556,3,0,0,0.0714,1,0,0
Jamari Thrash,CLE,WR,0,0,0,0,0.0185,0,0,0,,0,,0,,0,,0,0.0185,1,0,0,0,0,0,0
Jerry Jeudy,CLE,WR,0.155,0,0.175,0,0.1935,0,0.1053,0,0.2203,13,0,0,0.2105,4,0,0,0.1667,9,0,0,0,0,0,0
KC Concepcion,CLE,WR,0.19,0,0.185,0,,,,,,0,,0,,0,,0,,0,,0,,0,,0
Kole Wilson,CLE,WR,0,0,0,0,,,,,,0,,0,,0,,0,,0,,0,,0,,0
Malachi Corley,CLE,WR,0,0,0,0,0.0228,0.0448,0,0.0208,0.027,2,0.0625,2,0,0,0,0,0.0185,1,0.027,1,0,0,0.0417,1
Tylan Wallace,CLE,WR,0.035,0,0.035,0,0.028,0,0,0,0.0152,1,0,0,0,0,0,0,0.0408,2,0,0,0,0,0,0
Blake Whiteheart,CLE,TE,0.025,0,0.045,0,0.0169,0,0.0526,0,0.0169,1,0,0,0.0526,1,0,0,,0,,0,,0,,0
Carsen Ryan,CLE,TE,0,0,0,0,,,,,,0,,0,,0,,0,,0,,0,,0,,0
Harold Fannin,CLE,TE,0.235,0.01,0.315,0.04,0.1481,0.027,0.2143,0.0417,,0,,0,,0,,0,0.1481,8,0.027,1,0.2143,3,0.0417,1
Joe Royer,CLE,TE,0,0,0,0,,,,,,0,,0,,0,,0,,0,,0,,0,,0
Messiah Swinson,CLE,TE,0,0,0,0,,,,,,,,,,,,,,,,,,,,
Dak Prescott,DAL,QB,0,0.01,0,0.01,0,0.0357,0,0.1333,0,0,0,0,0,0,0.1333,2,0,0,0.0714,4,0,0,0.1333,4
Joe Milton,DAL,QB,0,0,0,0,0,0.0098,0,0.0693,0,0,0.0196,1,0,0,0.1053,2,0,0,0,0,0,0,0.0333,1
Sam Howell,DAL,QB,0,0.025,0,0.025,,,,,,0,,0,,0,,0,,0,,0,,0,,0
Emari Demercado,DAL,RB,0.02,0.045,0.01,0.045,,,,,,,,,,,,,,,,,,,,
Hunter Luepke,DAL,RB,0,0,0,0,0.0195,0.0322,0.0139,0.0333,0,0,0.0465,2,0,0,0.0667,1,0.039,3,0.0179,1,0.0278,1,0,0
Israel Abanikanda,DAL,RB,0,0,0,0,,,,,,0,,0,,0,,0,,0,,0,,0,,0
Javonte Williams,DAL,RB,0.085,0.675,0.045,0.675,0.0814,0.4836,0.0556,0.5417,0.0588,4,0.36,18,0,0,0.4167,10,0.1039,8,0.6071,34,0.1111,4,0.6667,20
Malik Davis,DAL,RB,0.02,0.195,0.01,0.195,0,0.1071,0,0.0667,,0,,0,,0,,0,0,0,0.1071,6,0,0,0.0667,2
Anthony Smith,DAL,WR,0,0,0,0,,,,,,0,,0,,0,,0,,0,,0,,0,,0
Camden Brown,DAL,WR,0.03,0,0.02,0,,,,,,0,,0,,0,,0,,0,,0,,0,,0
CeeDee Lamb,DAL,WR,0.25,0.015,0.235,0.015,0.2172,0.0116,0.1345,0,0.2656,17,0.0233,1,0.1579,3,0,0,0.1688,13,0,0,0.1111,4,0,0
George Pickens,DAL,WR,0.23,0.005,0.26,0.005,0.2069,0,0.2288,0,0.193,11,0,0,0.2632,5,0,0,0.2208,17,0,0,0.1944,7,0,0
Jonathan Mingo,DAL,WR,0,0,0,0,0.0156,0,0,0,0.0156,1,0,0,0,0,0,0,,0,,0,,0,,0
Jordan Hudson,DAL,WR,0,0,0,0,,,,,,0,,0,,0,,0,,0,,0,,0,,0
KaVontae Turpin,DAL,WR,0.06,0.055,0.035,0.055,0.0715,0.0116,0.0526,0,0.0781,5,0.0233,1,0.1053,2,0,0,0.0649,5,0,0,0,0,0,0
Ryan Flournoy,DAL,WR,0.115,0,0.125,0,0.039,0,0.1111,0,,0,,0,,0,,0,0.039,3,0,0,0.1111,4,0,0
Brevyn Spann-Ford,DAL,TE,0,0,0,0,0.0221,0,0.0139,0,0.0312,2,0,0,0,0,0,0,0.013,1,0,0,0.0278,1,0,0
DJ Rogers,DAL,TE,0,0,0,0,,,,,,0,,0,,0,,0,,0,,0,,0,,0
Jake Ferguson,DAL,TE,0.15,0,0.205,0,0.143,0,0.1513,0,0.0781,5,0,0,0.0526,1,0,0,0.2078,16,0,0,0.25,9,0,0
Luke Schoonmaker,DAL,TE,0.04,0,0.055,0,0.0208,0,0,0,0.0156,1,0,0,0,0,0,0,0.026,2,0,0,0,0,0,0
Michael Trigg,DAL,TE,0,0,0,0,,,,,,0,,0,,0,,0,,0,,0,,0,,0
Mitch Van Vooren,DAL,TE,0,0,0,0,,,,,,,,,,,,,,,,,,,,
Princeton Fant,DAL,TE,0,0,0,0,,,,,,0,,0,,0,,0,,0,,0,,0,,0
Bo Nix,DEN,QB,0,0.05,0,0.05,0.0067,0.2371,0.0333,0.1488,0,0,0.2,10,0.0667,1,0.25,6,0.0133,1,0.2742,17,0,0,0.0476,1
Jarrett Stidham,DEN,QB,0,0.025,0,0.025,0,0.0161,0,0,,0,,0,,0,,0,0,0,0.0161,1,0,0,0,0
Sam Ehlinger,DEN,QB,0,0,0,0,,,,,,0,,0,,0,,0,,0,,0,,0,,0
Adam Prentice,DEN,RB,0,0,0,0,0.0133,0.0161,0.037,0.0476,,0,,0,,0,,0,0.0133,1,0.0161,1,0.037,1,0.0476,1
Cody Schrader,DEN,RB,0,0,0,0,,,,,,0,,0,,0,,0,,0,,0,,0,,0
JK Dobbins,DEN,RB,0.045,0.4,0.02,0.38,0.0439,0.3178,0,0.3274,0.0877,5,0.4259,23,0,0,0.3214,9,0,0,0.2097,13,0,0,0.3333,7
Jonah Coleman,DEN,RB,0.02,0.175,0.02,0.105,,,,,,0,,0,,0,,0,,0,,0,,0,,0
RJ Harvey,DEN,RB,0.11,0.36,0.11,0.45,0.1333,0.3387,0.1111,0.4762,,0,,0,,0,,0,0.1333,10,0.3387,21,0.1111,3,0.4762,10
Tyler Badie,DEN,RB,0,0,0,0,0.034,0.0081,0,0.0238,0.0147,1,0,0,0,0,0,0,0.0533,4,0.0161,1,0,0,0.0476,1
Courtland Sutton,DEN,WR,0.245,0,0.22,0,0.2618,0,0.1444,0,0.3235,22,0,0,0.0667,1,0,0,0.2,15,0,0,0.2222,6,0,0
Dane Key,DEN,WR,0,0,0,0,,,,,,0,,0,,0,,0,,0,,0,,0,,0
Jaylen Waddle,DEN,WR,0.21,0,0.26,0,0.127,0.0196,0.191,0,0.1333,10,0.0392,2,0.1154,3,0,0,0.1207,7,0,0,0.2667,4,0,0
Kolbe Katsis,DEN,WR,0,0,0,0,,,,,,0,,0,,0,,0,,0,,0,,0,,0
Lil'Jordan Humphrey,DEN,WR,0,0,0,0,0.0494,0,0.1037,0,0.0588,4,0,0,0.1333,2,0,0,0.04,3,0,0,0.0741,2,0,0
Marvin Mims,DEN,WR,0.04,0.015,0.04,0.015,0.0494,0.0161,0.0667,0,0.0588,4,0,0,0.1333,2,0,0,0.04,3,0.0323,2,0,0,0,0
Michael Bandy,DEN,WR,0,0,0,0,0.0133,0,0,0,,0,,0,,0,,0,0.0133,1,0,0,0,0,0,0
Pat Bryant,DEN,WR,0.12,0,0.12,0,0.0933,0.0161,0.037,0,,0,,0,,0,,0,0.0933,7,0.0161,1,0.037,1,0,0
Troy Franklin,DEN,WR,0.075,0,0.075,0,0.1448,0,0.163,0,0.1029,7,0,0,0.0667,1,0,0,0.1867,14,0,0,0.2593,7,0,0
Adam Trautman,DEN,TE,0.035,0,0.035,0,0.0368,0,0.0185,0,0.0735,5,0,0,0,0,0,0,0,0,0,0,0.037,1,0,0
Caleb Lohner,DEN,TE,0,0,0,0,,,,,,0,,0,,0,,0,,0,,0,,0,,0
Dallen Bentley,DEN,TE,0,0,0,0,,,,,,0,,0,,0,,0,,0,,0,,0,,0
Evan Engram,DEN,TE,0.1,0,0.1,0,0.1111,0,0.081,0,0.0755,4,0,0,0.125,3,0,0,0.1467,11,0,0,0.037,1,0,0
Lucas Krull,DEN,TE,0,0,0,0,,,,,,0,,0,,0,,0,,0,,0,,0,,0
Nate Adkins,DEN,TE,0,0,0,0,0.0354,0,0.0333,0,0.0441,3,0,0,0.0667,1,0,0,0.0267,2,0,0,0,0,0,0
Jared Goff,DET,QB,0,0.01,0,0.01,0.0056,0.0373,0,0.0244,0.0112,1,0.0588,5,0,0,0.0488,2,0,0,0.0159,1,0,0,0,0
Joshua Dobbs,DET,QB,0,0,0,0,,,,,,,,,,,,,,,,,,,,
Luke Altmyer,DET,QB,0,0,0,0,,,,,,0,,0,,0,,0,,0,,0,,0,,0
Teddy Bridgewater,DET,QB,0,0.01,0,0.01,,,,,,0,,0,,0,,0,,0,,0,,0,,0
Isiah Pacheco,DET,RB,0.01,0.1,0.01,0.06,0.0259,0.2207,0.0339,0.0645,0.0095,1,0.1429,9,0.0345,1,0.129,4,0.0423,3,0.2985,20,0.0333,1,0,0
Jacob Saylors,DET,RB,0.01,0.1,0.01,0.06,,,,,,0,,0,,0,,0,,0,,0,,0,,0
Jahmyr Gibbs,DET,RB,0.145,0.75,0.065,0.855,0.1553,0.5804,0.0663,0.4047,0.1461,13,0.4941,42,0.0417,1,0.439,18,0.1646,13,0.6667,42,0.0909,2,0.3704,10
Sione Vaki,DET,RB,0,0,0,0,,,,,,0,,0,,0,,0,,0,,0,,0,,0
Amon-Ra St Brown,DET,WR,0.31,0.015,0.37,0,0.2994,0.0138,0.3712,0,0.2697,24,0.0118,1,0.3333,8,0,0,0.3291,26,0.0159,1,0.4091,9,0,0
Cedrick Wilson,DET,WR,0,0,0,0,0.0372,0,0,0,0.0227,1,0,0,0,0,0,0,0.0517,3,0,0,0,0,0,0
Dominic Lovett,DET,WR,0,0,0,0,,,,,,0,,0,,0,,0,,0,,0,,0,,0
Isaac TeSlaa,DET,WR,0.09,0,0.085,0,0.1139,0,0.0909,0,,0,,0,,0,,0,0.1139,9,0,0,0.0909,2,0,0
Jackson Meeks,DET,WR,0.015,0,0.015,0,,,,,,0,,0,,0,,0,,0,,0,,0,,0
Jameson Williams,DET,WR,0.16,0.025,0.125,0.015,0.1012,0.0079,0.0852,0.0122,0.1011,9,0,0,0.125,3,0.0244,1,0.1013,8,0.0159,1,0.0455,1,0,0
Kendrick Law,DET,WR,0,0,0,0,,,,,,0,,0,,0,,0,,0,,0,,0,,0
Lucky Jackson,DET,WR,0,0,0,0,,,,,,,,,,,,,,,,,,,,
Tay Martin,DET,WR,0.015,0,0.015,0,,,,,,,,,,,,,,,,,,,,
Tom Kennedy,DET,WR,0,0,0,0,,,,,,0,,0,,0,,0,,0,,0,,0,,0
Brock Wright,DET,TE,0.01,0,0.01,0,0.0232,0,0.0644,0,0.0337,3,0,0,0.0833,2,0,0,0.0127,1,0,0,0.0455,1,0,0
Sam LaPorta,DET,TE,0.185,0,0.245,0,0.1272,0,0.1061,0,0.191,17,0,0,0.1667,4,0,0,0.0633,5,0,0,0.0455,1,0,0
Thomas Gordon,DET,TE,0,0,0,0,,,,,,0,,0,,0,,0,,0,,0,,0,,0
Tyler Conklin,DET,TE,0.05,0,0.05,0,0.0541,0,0.1935,0,0.0541,4,0,0,0.1935,6,0,0,,0,,0,,0,,0
Jordan Love,GB,QB,0,0.03,0,0.03,0,0.0789,0,0.0639,0,0,0.1014,7,0,0,0.0588,2,0,0,0.0563,4,0,0,0.069,2
Kedon Slovis,GB,QB,0,0,0,0,,,,,,,,,,,,,,,,,,,,
Tyrod Taylor,GB,QB,0,0.03,0,0.03,0,0.045,0,0,0,0,0.0312,1,0,0,0,0,0,0,0.0588,3,0,0,0,0
Chris Brooks,GB,RB,0.01,0.065,0.01,0.065,0.0435,0.0791,0,0.0147,0.0423,3,0.1159,8,0,0,0.0294,1,0.0448,3,0.0423,3,0,0,0,0
Josh Jacobs,GB,RB,0,0,0,0,0.0659,0.5289,0.0238,0.747,0.0423,3,0.5507,38,0.0476,1,0.7353,25,0.0896,6,0.507,36,0,0,0.7586,22
Kaleb Johnson,GB,RB,0.02,0.24,0.02,0.24,,,,,,,,,,,,,,,,,,,,
MarShawn Lloyd,GB,RB,0.075,0.625,0.065,0.625,,,,,,0,,0,,0,,0,,0,,0,,0,,0
Pierre Strong,GB,RB,0,0,0,0,0.0169,0,0,0,0.0169,1,0,0,0,0,0,0,,0,,0,,0,,0
Bo Melton,GB,WR,0,0,0,0,,,,,,,,,,,,,,,,,,,,
Chris Hilton,GB,WR,0,0,0,0,,,,,,,,,,,,,,,,,,,,
Christian Watson,GB,WR,0.225,0,0.25,0,0.0796,0.0143,0.1381,0,0.0845,6,0.0145,1,0.1429,3,0,0,0.0746,5,0.0141,1,0.1333,2,0,0
Isaiah Neyor,GB,WR,0,0,0,0,,,,,,0,,0,,0,,0,,0,,0,,0,,0
JMichael Sturdivant,GB,WR,0,0,0,0,,,,,,0,,0,,0,,0,,0,,0,,0,,0
Jayden Reed,GB,WR,0.19,0.02,0.145,0.02,0.1011,0.0217,0.0952,0,0.1127,8,0.0435,3,0.1905,4,0,0,0.0896,6,0,0,0,0,0,0
Matthew Golden,GB,WR,0.185,0.02,0.195,0.02,0.0299,0.0282,0,0,,0,,0,,0,,0,0.0299,2,0.0282,2,0,0,0,0
Savion Williams,GB,WR,0.035,0,0.035,0,0.0597,0.0141,0,0,,0,,0,,0,,0,0.0597,4,0.0141,1,0,0,0,0
Skyy Moore,GB,WR,0.02,0,0.02,0,,,,,,0,,0,,0,,0,,0,,0,,0,,0
Drake Dabney,GB,TE,0,0,0,0,0.0149,0,0,0,,0,,0,,0,,0,0.0149,1,0,0,0,0,0,0
Jonnu Smith,GB,TE,0,0,0,0,,,,,,,,,,,,,,,,,,,,
Josh Whyle,GB,TE,0,0,0,0,0.0426,0,0.0646,0,0.0851,4,0,0,0.0625,1,0,0,0,0,0,0,0.0667,1,0,0
Luke Musgrave,GB,TE,0.04,0,0.05,0,0.0145,0,0,0,0.0141,1,0,0,0,0,0,0,0.0149,1,0,0,0,0,0,0
Mark Redman,GB,TE,0,0,0,0,,,,,,,,,,,,,,,,,,,,
McCallan Castles,GB,TE,0,0,0,0,,,,,,,,,,,,,,,,,,,,
Thomas Yassmin,GB,TE,0,0,0,0,,,,,,,,,,,,,,,,,,,,
Tucker Kraft,GB,TE,0.2,0,0.21,0,0.1881,0.0072,0.0714,0,0.1972,14,0.0145,1,0.1429,3,0,0,0.1791,12,0,0,0,0,0,0
CJ Stroud,HOU,QB,0,0.015,0,0.015,0.0069,0.0788,0,0.0926,0.0139,1,0.0921,7,0,0,0.1053,2,0,0,0.0656,4,0,0,0.08,2
Davis Mills,HOU,QB,0,0.015,0,0.015,0,0.0214,0,0.04,0,0,0.0263,2,0,0,0,0,0,0,0.0164,1,0,0,0.08,2
Graham Mertz,HOU,QB,0,0,0,0,,,,,,0,,0,,0,,0,,0,,0,,0,,0
British Brooks,HOU,RB,0.01,0.05,0.01,0.07,0,0,0,0.08,,0,,0,,0,,0,0,0,0,0,0,0,0.08,2
David Montgomery,HOU,RB,0.04,0.63,0.03,0.675,0.0295,0.337,0,0.5465,0.0337,3,0.3882,33,0,0,0.4634,19,0.0253,2,0.2857,18,0,0,0.6296,17
Jawhar Jordan,HOU,RB,0,0,0,0,0,0.0656,0,0.04,,0,,0,,0,,0,0,0,0.0656,4,0,0,0.04,1
Noah Whittington,HOU,RB,0,0,0,0,,,,,,0,,0,,0,,0,,0,,0,,0,,0
Woody Marks,HOU,RB,0.08,0.305,0.06,0.25,0.1143,0.5246,0.069,0.36,,0,,0,,0,,0,0.1143,8,0.5246,32,0.069,2,0.36,9
Daniel Sobkowicz,HOU,WR,0,0,0,0,,,,,,0,,0,,0,,0,,0,,0,,0,,0
Jared Wayne,HOU,WR,0.025,0,0.025,0,,,,,,0,,0,,0,,0,,0,,0,,0,,0
Jayden Higgins,HOU,WR,0,0,0,0,0.1,0,0.069,0,,0,,0,,0,,0,0.1,7,0,0,0.069,2,0,0
Jaylin Noel,HOU,WR,0.11,0,0.05,0,0.0429,0.0328,0.069,0,,0,,0,,0,,0,0.0429,3,0.0328,2,0.069,2,0,0
Josh Kelly,HOU,WR,0,0,0,0,,,,,,0,,0,,0,,0,,0,,0,,0,,0
Kayshon Boutte,HOU,WR,0.1,0,0.09,0,,,,,,,,,,,,,,,,,,,,
Lewis Bond,HOU,WR,0,0,0,0,,,,,,0,,0,,0,,0,,0,,0,,0,,0
Mitchell Tinsley,HOU,WR,0,0,0,0,,,,,,,,,,,,,,,,,,,,
Nico Collins,HOU,WR,0.325,0.01,0.41,0,0.1341,0.0082,0.297,0,0.1111,8,0,0,0.3182,7,0,0,0.1571,11,0.0164,1,0.2759,8,0,0
Tank Dell,HOU,WR,0,0,0,0,0.1111,0.0132,0.0455,0,0.1111,8,0.0132,1,0.0455,1,0,0,,0,,0,,0,,0
Xavier Hutchinson,HOU,WR,0.09,0,0.065,0,0.0496,0.0082,0.0745,0,0.0278,2,0,0,0.0455,1,0,0,0.0714,5,0.0164,1,0.1034,3,0,0
Brevin Jordan,HOU,TE,0.03,0,0.055,0,,,,,,0,,0,,0,,0,,0,,0,,0,,0
Cade Stover,HOU,TE,0,0,0,0,0.0494,0.041,0,0,0.0417,3,0,0,0,0,0,0,0.0571,4,0.082,5,0,0,0,0
Dalton Schultz,HOU,TE,0.16,0,0.175,0,0.1198,0,0.0862,0,0.1111,8,0,0,0,0,0,0,0.1286,9,0,0,0.1724,5,0,0
Foster Moreau,HOU,TE,0.03,0,0.03,0,0.0892,0,0.0909,0,0.1591,7,0,0,0.1818,2,0,0,0.0192,1,0,0,0,0,0,0
Marlin Klein,HOU,TE,0,0,0,0,,,,,,0,,0,,0,,0,,0,,0,,0,,0
Zaire Mitchell-Paden,HOU,TE,0,0,0,0,,,,,,,,,,,,,,,,,,,,
Anthony Richardson,IND,QB,0,0.15,0,0.15,0,0.1493,0,0.2821,0,0,0.1493,10,0,0,0.2821,11,,0,,0,,0,,0
Daniel Jones,IND,QB,0,0.06,0,0.085,0,0.1772,0,0.1944,0,0,0.2051,8,0,0,0.2222,4,0,0,0.1493,10,0,0,0.1667,6
Riley Leonard,IND,QB,0,0,0,0,0,0.0149,0,0.0278,,0,,0,,0,,0,0,0,0.0149,1,0,0,0.0278,1
Anderson Castle,IND,RB,0,0,0,0,,,,,,0,,0,,0,,0,,0,,0,,0,,0
DJ Giddens,IND,RB,0.01,0.075,0.01,0.055,0.0141,0.0597,0,0.0278,,0,,0,,0,,0,0.0141,1,0.0597,4,0,0,0.0278,1
Davon Booth,IND,RB,0,0,0,0,,,,,,,,,,,,,,,,,,,,
Jonathan Taylor,IND,RB,0.085,0.75,0.04,0.73,0.0524,0.6493,0.025,0.5897,0.0484,3,0.597,40,0,0,0.5128,20,0.0563,4,0.7015,47,0.05,1,0.6667,24
Seth McGowan,IND,RB,0.01,0.075,0.01,0.055,,,,,,0,,0,,0,,0,,0,,0,,0,,0
Alec Pierce,IND,WR,0.145,0,0.13,0,0.0886,0,0.1361,0,0.0645,4,0,0,0.2222,2,0,0,0.1127,8,0,0,0.05,1,0,0
Anthony Gould,IND,WR,0,0,0,0,,,,,,0,,0,,0,,0,,0,,0,,0,,0
Ashton Dulin,IND,WR,0.045,0,0.03,0,0.007,0.0224,0.0556,0,0,0,0.0149,1,0.1111,1,0,0,0.0141,1,0.0299,2,0,0,0,0
Coleman Owen,IND,WR,0,0,0,0,,,,,,0,,0,,0,,0,,0,,0,,0,,0
DJ Montgomery,IND,WR,0,0,0,0,,,,,,,,,,,,,,,,,,,,
Deion Burks,IND,WR,0,0,0,0,,,,,,0,,0,,0,,0,,0,,0,,0,,0
Josh Downs,IND,WR,0.19,0,0.165,0,0.1883,0,0.1611,0,0.1935,12,0,0,0.2222,2,0,0,0.1831,13,0,0,0.1,2,0,0
Keenan Allen,IND,WR,0.155,0,0.205,0,0.176,0,0.2583,0,0.1875,12,0,0,0.25,5,0,0,0.1646,13,0,0,0.2667,4,0,0
Laquon Treadwell,IND,WR,0.015,0,0.015,0,,,,,,0,,0,,0,,0,,0,,0,,0,,0
Nick Westbrook-Ikhine,IND,WR,0,0,0,0,0.0917,0,0.0938,0,0.1489,7,0,0,0.1875,3,0,0,0.0345,2,0,0,0,0,0,0
Andrew Ogletree,IND,TE,0.035,0,0.04,0,0.0312,0,0.025,0,0.0484,3,0,0,0,0,0,0,0.0141,1,0,0,0.05,1,0,0
Carson Towt,IND,TE,0,0,0,0,,,,,,0,,0,,0,,0,,0,,0,,0,,0
Mo Alie-Cox,IND,TE,0.035,0,0.045,0,0.0836,0,0.0806,0,0.0968,6,0,0,0.1111,1,0,0,0.0704,5,0,0,0.05,1,0,0
Pharaoh Brown,IND,TE,0,0,0,0,,,,,,,,,,,,,,,,,,,,
Tyler Warren,IND,TE,0.275,0.04,0.31,0.075,0.2394,0.0149,0.3,0.0833,,0,,0,,0,,0,0.2394,17,0.0149,1,0.3,6,0.0833,3
Will Mallory,IND,TE,0,0,0,0,,,,,,0,,0,,0,,0,,0,,0,,0,,0
Carter Bradley,JAX,QB,0,0,0,0,,,,,,0,,0,,0,,0,,0,,0,,0,,0
Joey Aguilar,JAX,QB,0,0,0,0,,,,,,0,,0,,0,,0,,0,,0,,0,,0
Nick Mullens,JAX,QB,0,0.005,0,0.005,,,,,,0,,0,,0,,0,,0,,0,,0,,0
Quinn Ewers,JAX,QB,0,0,0,0,,,,,,,,,,,,,,,,,,,,
Trevor Lawrence,JAX,QB,0,0.055,0,0.065,0,0.1024,0,0.2396,0,0,0.0208,1,0,0,0.1364,3,0,0,0.1839,16,0,0,0.3429,12
Ameer Abdullah,JAX,RB,0.01,0.055,0.01,0.035,0.0369,0.1303,0.05,0.1008,0.0597,4,0.2308,9,0.1,2,0.1739,4,0.0141,1,0.0299,2,0,0,0.0278,1
Bhayshul Tuten,JAX,RB,0.065,0.455,0.02,0.415,0.0235,0.2184,0,0.2286,,0,,0,,0,,0,0.0235,2,0.2184,19,0,0,0.2286,8
Chris Rodriguez,JAX,RB,0.01,0.415,0.01,0.47,0.0139,0.2099,0,0.2136,0,0,0.0865,9,0,0,0.0488,2,0.0278,1,0.3333,19,0,0,0.3784,14
J'mari Taylor,JAX,RB,0,0,0,0,,,,,,0,,0,,0,,0,,0,,0,,0,,0
LeQuint Allen,JAX,RB,0,0,0,0,0.0235,0.0345,0,0.0286,,0,,0,,0,,0,0.0235,2,0.0345,3,0,0,0.0286,1
Austin Trammell,JAX,WR,0,0,0,0,0.0118,0,0,0,,0,,0,,0,,0,0.0118,1,0,0,0,0,0,0
Brian Thomas,JAX,WR,0.175,0,0.25,0,0.1296,0.0057,0.2333,0,0.1887,10,0,0,0.3333,8,0,0,0.0706,6,0.0115,1,0.1333,2,0,0
CJ Williams,JAX,WR,0,0,0,0,,,,,,0,,0,,0,,0,,0,,0,,0,,0
Jakobi Meyers,JAX,WR,0.21,0,0.2,0,0.1719,0.0057,0.1667,0.0143,0.1791,12,0,0,0.2,4,0,0,0.1647,14,0.0115,1,0.1333,2,0.0286,1
Josh Cameron,JAX,WR,0.04,0,0.04,0,,,,,,0,,0,,0,,0,,0,,0,,0,,0
Michael Wortham,JAX,WR,0,0,0,0,,,,,,0,,0,,0,,0,,0,,0,,0,,0
Parker Washington,JAX,WR,0.235,0.005,0.225,0.005,0.1507,0,0.1625,0.0143,0.1132,6,0,0,0.125,3,0,0,0.1882,16,0,0,0.2,3,0.0286,1
Tim Jones,JAX,WR,0,0,0,0,,,,,,0,,0,,0,,0,,0,,0,,0,,0
Travis Hunter,JAX,WR,0.115,0.015,0.105,0.01,0.0588,0.0115,0,0,,0,,0,,0,,0,0.0588,5,0.0115,1,0,0,0,0
Trebor Pena,JAX,WR,0,0,0,0,,,,,,0,,0,,0,,0,,0,,0,,0,,0
Brenton Strange,JAX,TE,0.13,0,0.13,0,0.0907,0,0.1083,0,0.0755,4,0,0,0.0833,2,0,0,0.1059,9,0,0,0.1333,2,0,0
Hayden Rucci,JAX,TE,0,0,0,0,,,,,,,,,,,,,,,,,,,,
Nate Boerkircher,JAX,TE,0,0,0,0,,,,,,0,,0,,0,,0,,0,,0,,0,,0
Quintin Morris,JAX,TE,0.01,0,0.01,0,0.0059,0,0.0596,0,0,0,0,0,0.0526,1,0,0,0.0118,1,0,0,0.0667,1,0,0
Tanner Koziol,JAX,TE,0,0,0,0,,,,,,0,,0,,0,,0,,0,,0,,0,,0
Chris Oladokun,KC,QB,0,0,0,0,0,0.0149,0,0,,0,,0,,0,,0,0,0,0.0149,1,0,0,0,0
Garrett Nussmeier,KC,QB,0,0,0,0,,,,,,0,,0,,0,,0,,0,,0,,0,,0
Justin Fields,KC,QB,0,0,0,0,0.0098,0.1531,0,0.3045,0,0,0.1493,10,0,0,0.1923,5,0.0196,1,0.1569,8,0,0,0.4167,5
Patrick Mahomes,KC,QB,0,0.025,0,0.04,0,0.1605,0,0.0799,0,0,0.127,8,0,0,0.0645,2,0,0,0.194,13,0,0,0.0952,2
Ben VanSumeren,KC,RB,0,0,0,0,,,,,,,,,,,,,,,,,,,,
Brashard Smith,KC,RB,0.02,0.05,0.01,0.05,0.0704,0.1343,0.0667,0.0476,,0,,0,,0,,0,0.0704,5,0.1343,9,0.0667,2,0.0476,1
EJ Smith,KC,RB,0,0,0,0,,,,,,0,,0,,0,,0,,0,,0,,0,,0
Emmett Johnson,KC,RB,0.05,0.15,0.03,0.12,,,,,,0,,0,,0,,0,,0,,0,,0,,0
Jaydn Ott,KC,RB,0,0,0,0,,,,,,0,,0,,0,,0,,0,,0,,0,,0
Kenneth Walker,KC,RB,0.085,0.71,0.045,0.72,0.1403,0.4216,0,0.3695,0.2273,10,0.3548,11,0,0,0.4286,12,0.0533,4,0.4884,42,0,0,0.3103,9
Nate Carter,KC,RB,0,0,0,0,,,,,,,,,,,,,,,,,,,,
Andrew Armstrong,KC,WR,0,0,0,0,,,,,,0,,0,,0,,0,,0,,0,,0,,0
Cyrus Allen,KC,WR,0.06,0,0.06,0,,,,,,0,,0,,0,,0,,0,,0,,0,,0
Jalen Royals,KC,WR,0.05,0,0.045,0,,,,,,0,,0,,0,,0,,0,,0,,0,,0
Jeff Caldwell,KC,WR,0,0,0,0,,,,,,0,,0,,0,,0,,0,,0,,0,,0
Jimmy Holiday,KC,WR,0,0,0,0,,,,,,0,,0,,0,,0,,0,,0,,0,,0
Nikko Remigio,KC,WR,0,0,0,0,,,,,,0,,0,,0,,0,,0,,0,,0,,0
Omari Evans,KC,WR,0,0,0,0,,,,,,0,,0,,0,,0,,0,,0,,0,,0
Rashee Rice,KC,WR,0.24,0.02,0.235,0.02,0.087,0.0075,0.1333,0.0476,0.019,2,0,0,0,0,0,0,0.1549,11,0.0149,1,0.2667,8,0.0952,2
Tyquan Thornton,KC,WR,0.09,0,0.07,0,0.0221,0,0.0333,0,0.0161,1,0,0,0,0,0,0,0.0282,2,0,0,0.0667,2,0,0
Xavier Worthy,KC,WR,0.175,0.045,0.165,0.01,0.14,0.0556,0.0684,0.0161,0.2095,22,0.1111,7,0.1034,3,0.0323,1,0.0704,5,0,0,0.0333,1,0,0
Jake Briningstool,KC,TE,0,0,0,0,,,,,,0,,0,,0,,0,,0,,0,,0,,0
Jared Wiley,KC,TE,0,0,0,0,,,,,,0,,0,,0,,0,,0,,0,,0,,0
John Michael Gyllenborg,KC,TE,0,0,0,0,,,,,,0,,0,,0,,0,,0,,0,,0,,0
Noah Gray,KC,TE,0.06,0,0.085,0,0.0451,0,0.0678,0,0.0762,8,0,0,0.069,2,0,0,0.0141,1,0,0,0.0667,2,0,0
Travis Kelce,KC,TE,0.17,0,0.255,0.04,0.1777,0,0.1701,0.0399,0.2286,24,0,0,0.2069,6,0.0323,1,0.1268,9,0,0,0.1333,4,0.0476,1
Matthew Caldwell,LA,QB,0,0,0,0,,,,,,0,,0,,0,,0,,0,,0,,0,,0
Matthew Stafford,LA,QB,0,0.01,0,0.01,0,0.0524,0,0.0315,0,0,0.058,4,0,0,0.0345,1,0,0,0.0469,3,0,0,0.0286,1
Stetson Bennett,LA,QB,0,0,0,0,,,,,,0,,0,,0,,0,,0,,0,,0,,0
Ty Simpson,LA,QB,0,0,0,0,,,,,,0,,0,,0,,0,,0,,0,,0,,0
Blake Corum,LA,RB,0.03,0.375,0.015,0.355,0.005,0.1389,0,0.2719,0,0,0.0435,3,0,0,0.1724,5,0.0099,1,0.2344,15,0,0,0.3714,13
Dean Connors,LA,RB,0,0,0,0,,,,,,0,,0,,0,,0,,0,,0,,0,,0
Jordan Waters,LA,RB,0,0,0,0,,,,,,0,,0,,0,,0,,0,,0,,0,,0
Kyren Williams,LA,RB,0.075,0.565,0.025,0.595,0.1181,0.7044,0.0577,0.6478,0.0976,8,0.7681,53,0.1154,3,0.7241,21,0.1386,14,0.6406,41,0,0,0.5714,20
Ronnie Rivers,LA,RB,0.01,0.04,0.01,0.04,0,0.058,0,0,0,0,0.058,4,0,0,0,0,,0,,0,,0,,0
Alex Bachman,LA,WR,0,0,0,0,,,,,,,,,,,,,,,,,,,,
Brennan Presley,LA,WR,0,0,0,0,,,,,,0,,0,,0,,0,,0,,0,,0,,0
CJ Daniels,LA,WR,0,0,0,0,,,,,,0,,0,,0,,0,,0,,0,,0,,0
Davante Adams,LA,WR,0.23,0,0.41,0,0.1923,0,0.4608,0,0.2162,16,0,0,0.3548,11,0,0,0.1683,17,0,0,0.5667,17,0,0
Jordan Whittington,LA,WR,0.06,0,0.06,0,0.0171,0.0078,0,0,0.0244,2,0,0,0,0,0,0,0.0099,1,0.0156,1,0,0,0,0
Konata Mumpfield,LA,WR,0.025,0,0.025,0,0.0495,0,0.0333,0,,0,,0,,0,,0,0.0495,5,0,0,0.0333,1,0,0
Puka Nacua,LA,WR,0.29,0.01,0.19,0,0.1756,0.0452,0.1051,0.0315,0.1829,15,0.0435,3,0.0769,2,0.0345,1,0.1683,17,0.0469,3,0.1333,4,0.0286,1
Tutu Atwell,LA,WR,0,0,0,0,,,,,,,,,,,,,,,,,,,,
Xavier Smith,LA,WR,0.035,0,0.03,0,0.0297,0,0,0,,0,,0,,0,,0,0.0297,3,0,0,0,0,0,0
Colby Parkinson,LA,TE,0.07,0,0.09,0,0.1455,0,0.1103,0,0.0732,6,0,0,0.1538,4,0,0,0.2178,22,0,0,0.0667,2,0,0
Dan Villari,LA,TE,0,0,0,0,,,,,,0,,0,,0,,0,,0,,0,,0,,0
Davis Allen,LA,TE,0.05,0,0.055,0,0.0503,0,0.0692,0,0.061,5,0,0,0.0385,1,0,0,0.0396,4,0,0,0.1,3,0,0
Max Klare,LA,TE,0,0,0,0,,,,,,0,,0,,0,,0,,0,,0,,0,,0
Terrance Ferguson,LA,TE,0.07,0,0.045,0,0.0297,0.0156,0.0333,0,,0,,0,,0,,0,0.0297,3,0.0156,1,0.0333,1,0,0
Tyler Higbee,LA,TE,0.055,0,0.045,0,0.0933,0,0.0744,0,0.0976,8,0,0,0.1154,3,0,0,0.0891,9,0,0,0.0333,1,0,0
DJ Uiagalelei,LAC,QB,0,0,0,0,,,,,,0,,0,,0,,0,,0,,0,,0,,0
Justin Herbert,LAC,QB,0,0.01,0,0.01,0,0.1263,0,0.1801,0,0,0.0741,4,0,0,0.1429,4,0,0,0.1786,10,0,0,0.2174,5
Trey Lance,LAC,QB,0,0.08,0,0.08,0,0.0465,0,0.0667,0,0,0.0465,2,0,0,0.0667,1,,0,,0,,0,,0
Alec Ingold,LAC,RB,0.01,0.02,0.01,0.02,0.0067,0.0191,0,0.025,0.0133,1,0.0196,1,0,0,0.05,1,0,0,0.0185,1,0,0,0,0
Amar Johnson,LAC,RB,0,0,0,0,,,,,,0,,0,,0,,0,,0,,0,,0,,0
Gregory Desrosiers,LAC,RB,0,0,0,0,,,,,,0,,0,,0,,0,,0,,0,,0,,0
Keaton Mitchell,LAC,RB,0.1,0.16,0.04,0.18,0,0.1892,0,0,,0,,0,,0,,0,0,0,0.1892,14,0,0,0,0
Kimani Vidal,LAC,RB,0.01,0.22,0.01,0.255,0.038,0.2249,0,0.1739,0,0,0.0926,5,0,0,0,0,0.0759,6,0.3571,20,0,0,0.3478,8
Omarion Hampton,LAC,RB,0.07,0.57,0.03,0.535,0.0127,0.3214,0.0667,0.3478,,0,,0,,0,,0,0.0127,1,0.3214,18,0.0667,1,0.3478,8
Scott Matlock,LAC,RB,0,0,0,0,0,0,0.0667,0,,0,,0,,0,,0,0,0,0,0,0.0667,1,0,0
Brenen Thompson,LAC,WR,0,0,0,0,,,,,,0,,0,,0,,0,,0,,0,,0,,0
Dalevon Campbell,LAC,WR,0,0,0,0,,,,,,0,,0,,0,,0,,0,,0,,0,,0
Derius Davis,LAC,WR,0.03,0,0.025,0,0.0351,0.037,0,0,0.0351,2,0.037,2,0,0,0,0,,0,,0,,0,,0
Gary Jennings,LAC,WR,0,0,0,0,,,,,,,,,,,,,,,,,,,,
KeAndre Lambert-Smith,LAC,WR,0.02,0,0.02,0,0.0253,0,0,0,,0,,0,,0,,0,0.0253,2,0,0,0,0,0,0
Ladd McConkey,LAC,WR,0.275,0,0.295,0,0.1486,0,0.1718,0,0.1579,9,0,0,0.0769,1,0,0,0.1392,11,0,0,0.2667,4,0,0
Quentin Johnston,LAC,WR,0.18,0,0.2,0,0.17,0,0.1436,0,0.1754,10,0,0,0.1538,2,0,0,0.1646,13,0,0,0.1333,2,0,0
Sincere Brown,LAC,WR,0,0,0,0,,,,,,0,,0,,0,,0,,0,,0,,0,,0
Theo Wease,LAC,WR,0,0,0,0,,,,,,,,,,,,,,,,,,,,
Tre Harris,LAC,WR,0.09,0.02,0.075,0,0.0633,0.0179,0,0,,0,,0,,0,,0,0.0633,5,0.0179,1,0,0,0,0
Charlie Kolar,LAC,TE,0.04,0,0.055,0,0.0204,0,0.054,0,0,0,0,0,0.0625,1,0,0,0.0408,2,0,0,0.0455,1,0,0
David Njoku,LAC,TE,0.09,0,0.16,0,0.1503,0,0.2199,0,0.1525,9,0,0,0.3684,7,0,0,0.1481,8,0,0,0.0714,1,0,0
Evan Svoboda,LAC,TE,0,0,0,0,,,,,,0,,0,,0,,0,,0,,0,,0,,0
Oronde Gadsden,LAC,TE,0.085,0,0.08,0,0.1772,0,0.0667,0,,0,,0,,0,,0,0.1772,14,0,0,0.0667,1,0,0
Patrick Herbert,LAC,TE,0,0,0,0,,,,,,,,,,,,,,,,,,,,
Aidan O'Connell,LV,QB,0,0,0,0,0,0.0256,0,0.0435,0,0,0.0256,1,0,0,0.0435,1,,0,,0,,0,,0
Fernando Mendoza,LV,QB,0,0.05,0,0.05,,,,,,0,,0,,0,,0,,0,,0,,0,,0
Kirk Cousins,LV,QB,0,0.01,0,0.01,0,0,0,0.0417,,0,,0,,0,,0,0,0,0,0,0,0,0.0417,1
Ashton Jeanty,LV,RB,0.135,0.74,0.1,0.81,0.1525,0.7059,0.0909,0.8462,,0,,0,,0,,0,0.1525,9,0.7059,24,0.0909,1,0.8462,11
Chris Collier,LV,RB,0.01,0.03,0.01,0.03,,,,,,0,,0,,0,,0,,0,,0,,0,,0
Dare Ogunbowale,LV,RB,0,0,0,0,,,,,,,,,,,,,,,,,,,,
Dylan Laube,LV,RB,0,0,0,0,,,,,,0,,0,,0,,0,,0,,0,,0,,0
Mike Washington,LV,RB,0.02,0.2,0.01,0.13,,,,,,0,,0,,0,,0,,0,,0,,0,,0
Roman Hemby,LV,RB,0,0,0,0,,,,,,0,,0,,0,,0,,0,,0,,0,,0
Chase Roberts,LV,WR,0,0,0,0,,,,,,0,,0,,0,,0,,0,,0,,0,,0
Cody White,LV,WR,0,0,0,0,,,,,,,,,,,,,,,,,,,,
Corey Rucker,LV,WR,0,0,0,0,,,,,,0,,0,,0,,0,,0,,0,,0,,0
Dareke Young,LV,WR,0.03,0,0.025,0,,,,,,0,,0,,0,,0,,0,,0,,0,,0
Deven Thompkins,LV,WR,0,0,0,0,,,,,,,,,,,,,,,,,,,,
Dont'e Thornton,LV,WR,0.025,0,0.025,0,0.0339,0,0,0,,0,,0,,0,,0,0.0339,2,0,0,0,0,0,0
Jack Bech,LV,WR,0.045,0,0.025,0,0.0678,0,0,0,,0,,0,,0,,0,0.0678,4,0,0,0,0,0,0
Jalen Nailor,LV,WR,0.13,0,0.13,0,0.0833,0.0104,0.1664,0.025,0.0506,4,0.0208,1,0.1154,3,0.05,1,0.1159,8,0,0,0.2174,5,0,0
Justin Shorter,LV,WR,0,0,0,0,,,,,,0,,0,,0,,0,,0,,0,,0,,0
Malik Benson,LV,WR,0.045,0,0.04,0,,,,,,0,,0,,0,,0,,0,,0,,0,,0
Tre Tucker,LV,WR,0.18,0.01,0.18,0.01,0.1136,0.0403,0.0455,0.0217,0.0746,5,0.0513,2,0,0,0.0435,1,0.1525,9,0.0294,1,0.0909,1,0,0
Albert Okwuegbunam,LV,TE,0,0,0,0,0.0169,0,0,0,,0,,0,,0,,0,0.0169,1,0,0,0,0,0,0
Brock Bowers,LV,TE,0.3,0.01,0.34,0.01,0.2092,0,0.2614,0,0.1642,11,0,0,0.25,5,0,0,0.2542,15,0,0,0.2727,3,0,0
Carter Runyon,LV,TE,0,0,0,0,,,,,,0,,0,,0,,0,,0,,0,,0,,0
Chris Myarick,LV,TE,0,0,0,0,,,,,,,,,,,,,,,,,,,,
Connor Heyward,LV,TE,0,0,0,0,0.0231,0.0192,0.0263,0.069,0.0175,1,0,0,0.0526,1,0,0,0.0286,2,0.0385,2,0,0,0.1379,4
Ian Thomas,LV,TE,0,0,0,0,0.0143,0,0,0,0.0143,1,0,0,0,0,0,0,,0,,0,,0,,0
Michael Mayer,LV,TE,0.08,0,0.115,0,0.0871,0,0.0455,0,0.0896,6,0,0,0,0,0,0,0.0847,5,0,0,0.0909,1,0,0
Brady Cook,MIA,QB,0,0.05,0,0.05,,,,,,,,,,,,,,,,,,,,
Kyle McCord,MIA,QB,0,,0,,,,,,,,,,,,,,,,,,,,,
Malik Willis,MIA,QB,0,0.155,0,0.155,0,0.0427,0,0.0319,0,0,0.029,2,0,0,0.0294,1,0,0,0.0563,4,0,0,0.0345,1
Carlos Washington,MIA,RB,0,0,0,0,,,,,,0,,0,,0,,0,,0,,0,,0,,0
DJ Herman,MIA,RB,0,0,0,0,,,,,,0,,0,,0,,0,,0,,0,,0,,0
De'Von Achane,MIA,RB,0.155,0.565,0.125,0.525,0.1529,0.4853,0.1103,0.5062,0.1333,10,0.4706,24,0.1538,4,0.7,14,0.1724,10,0.5,27,0.0667,1,0.3125,5
Jarquez Hunter,MIA,RB,0,0,0,0,,,,,,,,,,,,,,,,,,,,
Jaylen Wright,MIA,RB,0.035,0.12,0.01,0.075,0.0067,0.1231,0,0.125,0.0133,1,0.098,5,0,0,0,0,0,0,0.1481,8,0,0,0.25,4
Ollie Gordon,MIA,RB,0.035,0.16,0.01,0.245,0.0345,0.2407,0,0.375,,0,,0,,0,,0,0.0345,2,0.2407,13,0,0,0.375,6
Caleb Douglas,MIA,WR,0.11,0,0.145,0,,,,,,0,,0,,0,,0,,0,,0,,0,,0
Chris Bell,MIA,WR,0.17,0,0.215,0,,,,,,0,,0,,0,,0,,0,,0,,0,,0
Jalen Reagor,MIA,WR,0,0,0,0,0,0.0185,0,0,0,0,0.0185,1,0,0,0,0,,0,,0,,0,,0
Jalen Tolbert,MIA,WR,0.1,0,0.1,0,0.0898,0,0.133,0,0.1406,9,0,0,0.2105,4,0,0,0.039,3,0,0,0.0556,2,0,0
Kevin Coleman,MIA,WR,0.05,0,0.05,0,,,,,,0,,0,,0,,0,,0,,0,,0,,0
Malik Washington,MIA,WR,0.125,0,0.125,0,0.0823,0.0376,0.1,0,0.0267,2,0.0196,1,0,0,0,0,0.1379,8,0.0556,3,0.2,3,0,0
Ryan Miller,MIA,WR,0,0,0,0,,,,,,,,,,,,,,,,,,,,
Will Sheppard,MIA,WR,0,0,0,0,,,,,,,,,,,,,,,,,,,,
Ben Sims,MIA,TE,0,0,0,0,0.0213,0,0,0,0.0282,2,0,0,0,0,0,0,0.0145,1,0,0,0,0,0,0
Cole Turner,MIA,TE,0.02,0,0.02,0,,,,,,0,,0,,0,,0,,0,,0,,0,,0
Greg Dulcich,MIA,TE,0.2,0,0.2,0,0.0591,0,0.0333,0.0312,0.0147,1,0,0,0,0,0,0,0.1034,6,0,0,0.0667,1,0.0625,1
Justin Joly,MIA,TE,0,0,0,0,,,,,,,,,,,,,,,,,,,,
Seydou Traore,MIA,TE,0,0,0,0,,,,,,0,,0,,0,,0,,0,,0,,0,,0
Tre Watson,MIA,TE,0,0,0,0,,,,,,,,,,,,,,,,,,,,
Will Kacmarek,MIA,TE,0,0,0,0,,,,,,0,,0,,0,,0,,0,,0,,0,,0
Carson Wentz,MIN,QB,0,0,0,0,0,0.0465,0,0,,0,,0,,0,,0,0,0,0.0465,2,0,0,0,0
JJ McCarthy,MIN,QB,0,0.02,0,0.02,0,0.1163,0,0.0667,,0,,0,,0,,0,0,0,0.1163,5,0,0,0.0667,1
Kyler Murray,MIN,QB,0,0.02,0,0.02,0,0.1316,0,0.0902,0,0,0.1695,10,0,0,0.1304,3,0,0,0.0938,3,0,0,0.05,1
Max Brosmer,MIN,QB,0,0,0,0,,,,,,0,,0,,0,,0,,0,,0,,0,,0
Aaron Jones,MIN,RB,0.11,0.415,0.085,0.415,0.1375,0.4404,0.0577,0.425,0.2025,16,0.625,30,0.1154,3,0.65,13,0.0725,5,0.2558,11,0,0,0.2,3
DeeJay Dallas,MIN,RB,0,0,0,0,,,,,,,,,,,,,,,,,,,,
Demond Claiborne,MIN,RB,0.01,0.08,0.01,0.05,,,,,,0,,0,,0,,0,,0,,0,,0,,0
Jermar Jefferson,MIN,RB,0,0,0,0,,,,,,,,,,,,,,,,,,,,
Jordan Mason,MIN,RB,0.04,0.44,0.01,0.44,0.0278,0.4344,0,0.3885,0.0411,3,0.3571,25,0,0,0.3103,9,0.0145,1,0.5116,22,0,0,0.4667,7
Max Bredeson,MIN,RB,0,0,0,0,,,,,,0,,0,,0,,0,,0,,0,,0,,0
Dillon Bell,MIN,WR,0,0,0,0,,,,,,0,,0,,0,,0,,0,,0,,0,,0
Dontae Fleming,MIN,WR,0.03,0,0.03,0,,,,,,0,,0,,0,,0,,0,,0,,0,,0
Jauan Jennings,MIN,WR,0.16,0,0.24,0,0.1674,0,0.2321,0,0.1507,11,0,0,0.1739,4,0,0,0.1842,14,0,0,0.2903,9,0,0
Jeshaun Jones,MIN,WR,0,0,0,0,,,,,,0,,0,,0,,0,,0,,0,,0,,0
Jordan Addison,MIN,WR,0.195,0.02,0.18,0.02,0.1611,0.0104,0.1614,0,0.1772,14,0.0208,1,0.1923,5,0,0,0.1449,10,0,0,0.1304,3,0,0
Justin Jefferson,MIN,WR,0.265,0.015,0.265,0.015,0.2334,0,0.2266,0,0.2785,22,0,0,0.1923,5,0,0,0.1884,13,0,0,0.2609,6,0,0
Michael Briscoe,MIN,WR,0,0,0,0,,,,,,0,,0,,0,,0,,0,,0,,0,,0
Myles Price,MIN,WR,0,0,0,0,,,,,,0,,0,,0,,0,,0,,0,,0,,0
Tai Felton,MIN,WR,0.025,0,0.025,0,,,,,,0,,0,,0,,0,,0,,0,,0,,0
Trayvon Rudolph,MIN,WR,0,0,0,0,,,,,,0,,0,,0,,0,,0,,0,,0,,0
Ben Yurosek,MIN,TE,0,0,0,0,,,,,,0,,0,,0,,0,,0,,0,,0,,0
Bryson Nesbit,MIN,TE,0,0,0,0,,,,,,0,,0,,0,,0,,0,,0,,0,,0
Cam Grandy,MIN,TE,0,0,0,0,,,,,,,,,,,,,,,,,,,,
Gavin Bartholomew,MIN,TE,0,0,0,0,,,,,,0,,0,,0,,0,,0,,0,,0,,0
Josh Oliver,MIN,TE,0.03,0,0.045,0,0.0498,0,0.0602,0,0.0127,1,0,0,0.0769,2,0,0,0.087,6,0,0,0.0435,1,0,0
TJ Hockenson,MIN,TE,0.135,0,0.11,0,0.1159,0.0116,0.0627,0,0.1013,8,0,0,0.0385,1,0,0,0.1304,9,0.0233,1,0.087,2,0,0
Behren Morton,NE,QB,0,0,0,0,,,,,,0,,0,,0,,0,,0,,0,,0,,0
Drake Maye,NE,QB,0,0.085,0,0.055,0,0.1624,0,0.093,0,0,0.0784,4,0,0,0.0526,1,0,0,0.2464,17,0,0,0.1333,4
Tommy DeVito,NE,QB,0,0,0,0,0,0.0256,0,0,0,0,0.0256,1,0,0,0,0,,0,,0,,0,,0
Corey Kiner,NE,RB,0.015,0.08,0.01,0.06,,,,,,,,,,,,,,,,,,,,
Hassan Haskins,NE,RB,0,0,0,0,,,,,,,,,,,,,,,,,,,,
Lan Larison,NE,RB,0,0,0,0,,,,,,0,,0,,0,,0,,0,,0,,0,,0
Myles Montgomery,NE,RB,0,0,0,0,,,,,,0,,0,,0,,0,,0,,0,,0,,0
Reggie Gilliam,NE,RB,0,0,0,0,0,0,0.0172,0.0223,0,0,0,0,0,0,0.0238,1,0,0,0,0,0.0345,1,0.0208,1
Rhamondre Stevenson,NE,RB,0.085,0.43,0.07,0.495,0.1337,0.4147,0.0887,0.5325,0.1613,10,0.5686,29,0.1429,3,0.6316,12,0.1061,7,0.2609,18,0.0345,1,0.4333,13
Terrell Jennings,NE,RB,0,0,0,0,0,0.0341,0,0.0333,0,0,0.0392,2,0,0,0,0,0,0,0.029,2,0,0,0.0667,2
TreVeyon Henderson,NE,RB,0.075,0.405,0.065,0.39,0.0455,0.4203,0.0345,0.2667,,0,,0,,0,,0,0.0455,3,0.4203,29,0.0345,1,0.2667,8
AJ Brown,NE,WR,0.26,0,0.215,0,0.1904,0,0.1625,0,0.1692,11,0,0,0.2,3,0,0,0.2115,11,0,0,0.125,2,0,0
Cameron Dorner,NE,WR,0,0,0,0,,,,,,0,,0,,0,,0,,0,,0,,0,,0
DeMario Douglas,NE,WR,0.04,0,0.04,0,0.0701,0.0072,0.0821,0,0.0645,4,0,0,0.0952,2,0,0,0.0758,5,0.0145,1,0.069,2,0,0
Efton Chism,NE,WR,0,0,0,0,0.0152,0,0,0,,0,,0,,0,,0,0.0152,1,0,0,0,0,0,0
Jeremiah Webb,NE,WR,0,0,0,0,,,,,,0,,0,,0,,0,,0,,0,,0,,0
Kyle Dixon,NE,WR,0,0,0,0,,,,,,0,,0,,0,,0,,0,,0,,0,,0
Kyle Williams,NE,WR,0.04,0,0.03,0,,,,,,0,,0,,0,,0,,0,,0,,0,,0
Mack Hollins,NE,WR,0.1,0,0.11,0,0.0645,0,0.0871,0,0.0685,5,0,0,0.1053,2,0,0,0.0606,4,0,0,0.069,2,0,0
Romeo Doubs,NE,WR,0.165,0,0.215,0,0.16,0,0.3143,0,0.1408,10,0,0,0.0952,2,0,0,0.1791,12,0,0,0.5333,8,0,0
Cameron Latu,NE,TE,0,0,0,0,,,,,,,,,,,,,,,,,,,,
Eli Raridon,NE,TE,0.055,0,0.055,0,,,,,,0,,0,,0,,0,,0,,0,,0,,0
Hunter Henry,NE,TE,0.165,0,0.19,0,0.2498,0,0.1921,0,0.2419,15,0,0,0.1429,3,0,0,0.2576,17,0,0,0.2414,7,0,0
Julian Hill,NE,TE,0,0,0,0,0.0592,0,0.0526,0,0.0667,5,0,0,0.0385,1,0,0,0.0517,3,0,0,0.0667,1,0,0
Shane Zylstra,NE,TE,0,0,0,0,,,,,,,,,,,,,,,,,,,,
Tanner Arkin,NE,TE,0,0,0,0,,,,,,0,,0,,0,,0,,0,,0,,0,,0
Spencer Rattler,NO,QB,0,0,0,0,0,0.0833,0.1,0.0625,,0,,0,,0,,0,0,0,0.0833,4,0.1,1,0.0625,1
Tyler Shough,NO,QB,0,0.02,0,0.02,0,0.125,0,0.3125,,0,,0,,0,,0,0,0,0.125,6,0,0,0.3125,5
Zach Wilson,NO,QB,0,0,0,0,,,,,,0,,0,,0,,0,,0,,0,,0,,0
Alvin Kamara,NO,RB,0.095,0.33,0.07,0.36,0.1163,0.3854,0,0.386,0.1364,6,0.5,24,0,0,0.6471,11,0.0962,5,0.2708,13,0,0,0.125,2
Audric Estimé,NO,RB,0.02,0.135,0.01,0.135,0,0.1212,0,0.1354,0,0,0.18,9,0,0,0.0833,2,0,0,0.0625,3,0,0,0.1875,3
CJ Donaldson,NO,RB,0,0,0,0,,,,,,0,,0,,0,,0,,0,,0,,0,,0
Devin Neal,NO,RB,0,0,0,0,0.0192,0.0625,0,0.125,,0,,0,,0,,0,0.0192,1,0.0625,3,0,0,0.125,2
Kendre Miller,NO,RB,0,0,0,0,0,0.0833,0,0,0,0,0.0625,3,0,0,0,0,0,0,0.1042,5,0,0,0,0
Travis Etienne,NO,RB,0.08,0.515,0.03,0.485,0.1154,0.4195,0.0333,0.2851,0.1132,6,0.3333,16,0,0,0.2273,5,0.1176,10,0.5057,44,0.0667,1,0.3429,12
Ty Chandler,NO,RB,0,0,0,0,0.0208,0.0521,0,0.0333,0.0127,1,0.1042,5,0,0,0,0,0.029,2,0,0,0,0,0.0667,1
Zamir White,NO,RB,0,0,0,0,,,,,,,,,,,,,,,,,,,,
Barion Brown,NO,WR,0.02,0,0.02,0,,,,,,0,,0,,0,,0,,0,,0,,0,,0
Brock Rechsteiner,NO,WR,0,0,0,0,,,,,,0,,0,,0,,0,,0,,0,,0,,0
Bryce Lance,NO,WR,0.065,0,0.065,0,,,,,,0,,0,,0,,0,,0,,0,,0,,0
Cedric Tillman,NO,WR,0,0,0,0,,,,,,,,,,,,,,,,,,,,
Chris Olave,NO,WR,0.26,0,0.235,0,0.1818,0,0.1455,0,0.1136,5,0,0,0.0909,1,0,0,0.25,13,0,0,0.2,2,0,0
Devaughn Vele,NO,WR,0.105,0,0.165,0,0.0633,0,0.1833,0,0.0882,6,0,0,0.0667,1,0,0,0.0385,2,0,0,0.3,3,0,0
Jalen Moreno-Cropper,NO,WR,0,0,0,0,,,,,,,,,,,,,,,,,,,,
Jordyn Tyson,NO,WR,0.12,0,0.13,0,,,,,,0,,0,,0,,0,,0,,0,,0,,0
Kevin Austin,NO,WR,0,0,0,0,0.0385,0,0,0,,0,,0,,0,,0,0.0385,2,0,0,0,0,0,0
Mason Tipton,NO,WR,0.025,0,0.025,0,0.0306,0,0,0,0.0227,1,0,0,0,0,0,0,0.0385,2,0,0,0,0,0,0
Trey Palmer,NO,WR,0,0,0,0,0.0323,0,0,0,0.0323,2,0,0,0,0,0,0,,0,,0,,0,,0
Juwan Johnson,NO,TE,0.155,0,0.175,0,0.1337,0,0.1364,0,0.1136,5,0,0,0.2727,3,0,0,0.1538,8,0,0,0,0,0,0
Moliki Matavao,NO,TE,0,0,0,0,,,,,,0,,0,,0,,0,,0,,0,,0,,0
Noah Fant,NO,TE,0.055,0,0.075,0,0.0533,0,0.0763,0,0.0909,4,0,0,0.0455,1,0,0,0.0156,1,0,0,0.1071,3,0,0
Oscar Delp,NO,TE,0,0,0,0,,,,,,0,,0,,0,,0,,0,,0,,0,,0
Stone Smartt,NO,TE,0,0,0,0,,,,,,,,,,,,,,,,,,,,
Treyton Welch,NO,TE,0,0,0,0,,,,,,0,,0,,0,,0,,0,,0,,0,,0
Jake Haener,NYG,QB,0,0,0,0,,,,,,,,,,,,,,,,,,,,
Jameis Winston,NYG,QB,0,0,0,0,0,0.0369,0,0.0439,0,0,0.0588,2,0,0,0.0556,1,0,0,0.0149,1,0,0,0.0323,1
Jaxson Dart,NYG,QB,0,0.18,0,0.18,0,0.2239,0,0.2258,,0,,0,,0,,0,0,0,0.2239,15,0,0,0.2258,7
Cam Skattebo,NYG,RB,0.1,0.395,0.05,0.36,0.0597,0.209,0,0.3226,,0,,0,,0,,0,0.0597,4,0.209,14,0,0,0.3226,10
Devin Singletary,NYG,RB,0.025,0.085,0.01,0.11,0.0075,0.1665,0.025,0.3002,0,0,0.1538,6,0,0,0.2778,5,0.0149,1,0.1791,12,0.05,1,0.3226,10
Grant Finley,NYG,RB,0,0,0,0,,,,,,,,,,,,,,,,,,,,
Najee Harris,NYG,RB,0.03,0.22,0.015,0.26,0.0351,0.3,0,0.2308,0.0702,4,0.5821,39,0,0,0.4615,12,0,0,0.0179,1,0,0,0,0
Patrick Ricard,NYG,RB,0.01,0.01,0.01,0.01,0.0152,0,0.0625,0,0.0152,1,0,0,0.0625,1,0,0,,0,,0,,0,,0
Tyrone Tracy,NYG,RB,0.04,0.1,0.02,0.08,0.0818,0.3597,0.0476,0.1711,0.0889,4,0.4359,17,0.0952,2,0.2778,5,0.0746,5,0.2836,19,0,0,0.0645,2
Braxton Berrios,NYG,WR,0,0,0,0,0.021,0,0,0,0.0133,1,0,0,0,0,0,0,0.0286,2,0,0,0,0,0,0
Calvin Austin,NYG,WR,0,0,0,0,0.0637,0,0.0263,0,0.0702,4,0,0,0.0526,1,0,0,0.0571,4,0,0,0,0,0,0
Charlie Jones,NYG,WR,0,0,0,0,,,,,,,,,,,,,,,,,,,,
Dalen Cambre,NYG,WR,0,0,0,0,,,,,,0,,0,,0,,0,,0,,0,,0,,0
Darius Slayton,NYG,WR,0.07,0,0.05,0,0.1003,0.0256,0.0738,0,0.1111,5,0.0513,2,0.0476,1,0,0,0.0896,6,0,0,0.1,2,0,0
Darnell Mooney,NYG,WR,0.1,0,0.115,0,0.0953,0,0.1496,0,0.0678,4,0,0,0.2222,2,0,0,0.1228,7,0,0,0.0769,1,0,0
Gunner Olszewski,NYG,WR,0,0,0,0,0.0299,0,0,0,,0,,0,,0,,0,0.0299,2,0,0,0,0,0,0
Jalin Hyatt,NYG,WR,0,0,0,0,0.0149,0,0,0,,0,,0,,0,,0,0.0149,1,0,0,0,0,0,0
Malachi Fields,NYG,WR,0.1,0,0.08,0,,,,,,0,,0,,0,,0,,0,,0,,0,,0
Malik Nabers,NYG,WR,0.3,0.01,0.325,0,0.1038,0.0128,0.2643,0,0.1778,8,0.0256,1,0.4286,9,0,0,0.0299,2,0,0,0.1,2,0,0
Odell Beckham,NYG,WR,0.06,0,0.12,0,0.04,0,0.0385,0,0.04,3,0,0,0.0385,1,0,0,,0,,0,,0,,0
Chris Manhertz,NYG,TE,0,0,0,0,0.0075,0,0.0238,0,0,0,0,0,0.0476,1,0,0,0.0149,1,0,0,0,0,0,0
Isaiah Likely,NYG,TE,0.105,0,0.125,0,0.1241,0,0.1392,0,0.1667,11,0,0,0.1875,3,0,0,0.0816,4,0,0,0.0909,2,0,0
Theo Johnson,NYG,TE,0.06,0,0.08,0,0.0821,0,0.0988,0,0,0,0,0,0.0476,1,0,0,0.1642,11,0,0,0.15,3,0,0
Thomas Fidone,NYG,TE,0,0,0,0,,,,,,0,,0,,0,,0,,0,,0,,0,,0
Bailey Zappe,NYJ,QB,0,0,0,0,,,,,,0,,0,,0,,0,,0,,0,,0,,0
Cade Klubnik,NYJ,QB,0,0,0,0,,,,,,0,,0,,0,,0,,0,,0,,0,,0
Geno Smith,NYJ,QB,0,0.01,0,0.01,0,0.1542,0,0.1305,0,0,0.1613,5,0,0,0.1071,3,0,0,0.1471,5,0,0,0.1538,2
Al-Jay Henderson,NYJ,RB,0,0,0,0,,,,,,,,,,,,,,,,,,,,
Andrew Beck,NYJ,RB,0,0,0,0,0,0.0196,0.1333,0,,0,,0,,0,,0,0,0,0.0196,1,0.1333,2,0,0
Braelon Allen,NYJ,RB,0.03,0.245,0.01,0.195,0.0166,0.1994,0.0333,0.1186,0.0135,1,0.2812,9,0,0,0.1538,2,0.0196,1,0.1176,6,0.0667,1,0.0833,1
Breece Hall,NYJ,RB,0.09,0.64,0.04,0.67,0.1325,0.4305,0.0495,0.5897,0.1081,8,0.4688,15,0.0323,1,0.8462,11,0.1569,8,0.3922,20,0.0667,1,0.3333,4
Chip Trayanum,NYJ,RB,0,0,0,0,,,,,,0,,0,,0,,0,,0,,0,,0,,0
Dominic Richardson,NYJ,RB,0,0,0,0,,,,,,,,,,,,,,,,,,,,
Isaiah Davis,NYJ,RB,0.04,0.105,0.02,0.125,0.0233,0.1351,0.0495,0,0.027,2,0.0938,3,0.0323,1,0,0,0.0196,1,0.1765,9,0.0667,1,0,0
Kene Nwangwu,NYJ,RB,0,0,0,0,0,0.0196,0,0.1667,,0,,0,,0,,0,0,0,0.0196,1,0,0,0.1667,2
Adonai Mitchell,NYJ,WR,0.1,0,0.095,0,0.1349,0.0149,0,0,0.1129,7,0.0299,2,0,0,0,0,0.1569,8,0,0,0,0,0,0
Arian Smith,NYJ,WR,0,0,0,0,,,,,,0,,0,,0,,0,,0,,0,,0,,0
Garrett Wilson,NYJ,WR,0.265,0,0.275,0,0.1744,0,0.114,0,0.2703,20,0,0,0.1613,5,0,0,0.0784,4,0,0,0.0667,1,0,0
Isaiah Williams,NYJ,WR,0.07,0,0.05,0,0.0196,0,0,0,,0,,0,,0,,0,0.0196,1,0,0,0,0,0,0
Jamaal Pritchett,NYJ,WR,0,0,0,0,,,,,,0,,0,,0,,0,,0,,0,,0,,0
Malik McClain,NYJ,WR,0,0,0,0,,,,,,0,,0,,0,,0,,0,,0,,0,,0
Omar Cooper,NYJ,WR,0.11,0,0.13,0,,,,,,0,,0,,0,,0,,0,,0,,0,,0
Tim Patrick,NYJ,WR,0.055,0,0.08,0,0.0808,0,0.1167,0,0.0674,6,0,0,0.1667,4,0,0,0.0941,8,0,0,0.0667,1,0,0
Connor Hulstein,NYJ,TE,0,0,0,0,,,,,,,,,,,,,,,,,,,,
Jelani Woods,NYJ,TE,0,0,0,0,0.0196,0,0,0,,0,,0,,0,,0,0.0196,1,0,0,0,0,0,0
Jeremy Ruckert,NYJ,TE,0,0,0,0,0.0399,0,0.0333,0,0.0405,3,0,0,0,0,0,0,0.0392,2,0,0,0.0667,1,0,0
Kenyon Sadiq,NYJ,TE,0.125,0,0.145,0,,,,,,0,,0,,0,,0,,0,,0,,0,,0
Mason Taylor,NYJ,TE,0.115,0,0.155,0,0.1373,0,0.1333,0,,0,,0,,0,,0,0.1373,7,0,0,0.1333,2,0,0
Andy Dalton,PHI,QB,0,0.01,0,0.01,,,,,,0,,0,,0,,0,,0,,0,,0,,0
Cole Payton,PHI,QB,0,0,0,0,,,,,,0,,0,,0,,0,,0,,0,,0,,0
Jalen Hurts,PHI,QB,0,0.245,0,0.4,0,0.2494,0,0.3956,0,0,0.2569,28,0,0,0.4483,26,0,0,0.2419,15,0,0,0.3429,12
Tanner McKee,PHI,QB,0,0.01,0,0.01,,,,,,0,,0,,0,,0,,0,,0,,0,,0
Carson Steele,PHI,RB,0,0,0,0,0.019,0.0952,0,0.129,0.019,2,0.0952,6,0,0,0.129,4,,0,,0,,0,,0
Dameon Pierce,PHI,RB,0,0,0,0,0.0069,0.0345,0,0,0.0139,1,0.0526,4,0,0,0,0,0,0,0.0164,1,0,0,0,0
Jaydon Blue,PHI,RB,0,0,0,0,,,,,,,,,,,,,,,,,,,,
Saquon Barkley,PHI,RB,0.115,0.555,0.05,0.44,0.1346,0.5092,0.0958,0.4527,0.1538,10,0.4862,53,0.0667,1,0.4483,26,0.1154,6,0.5323,33,0.125,2,0.4571,16
Tank Bigsby,PHI,RB,0.01,0.18,0.01,0.14,0.0096,0.3548,0,0.3357,0,0,0.5,24,0,0,0.5,11,0.0192,1,0.2097,13,0,0,0.1714,6
Will Shipley,PHI,RB,0,0,0,0,0.0173,0.0183,0,0.0086,0.0154,1,0.0367,4,0,0,0.0172,1,0.0192,1,0,0,0,0,0,0
Britain Covey,PHI,WR,0,0,0,0,0.0308,0,0,0,0.0308,2,0,0,0,0,0,0,,0,,0,,0,,0
Danny Gray,PHI,WR,0,0,0,0,,,,,,0,,0,,0,,0,,0,,0,,0,,0
Darius Cooper,PHI,WR,0,0,0,0,,,,,,0,,0,,0,,0,,0,,0,,0,,0
DeVonta Smith,PHI,WR,0.24,0,0.23,0,0.1808,0.0046,0.1938,0,0.1692,11,0.0092,1,0.2,3,0,0,0.1923,10,0,0,0.1875,3,0,0
Dontayvion Wicks,PHI,WR,0.145,0,0.16,0,0.0928,0,0.1286,0,0.1408,10,0,0,0.1905,4,0,0,0.0448,3,0,0,0.0667,1,0,0
Elijah Moore,PHI,WR,0.065,0,0.04,0,0.0508,0,0.0263,0.0104,0.1017,6,0,0,0.0526,1,0,0,0,0,0,0,0,0,0.0208,1
Johnny Wilson,PHI,WR,0,0,0,0,0.0308,0,0.0667,0,0.0308,2,0,0,0.0667,1,0,0,,0,,0,,0,,0
Makai Lemon,PHI,WR,0.15,0,0.15,0,,,,,,0,,0,,0,,0,,0,,0,,0,,0
Marquise Brown,PHI,WR,0.05,0,0.04,0,0.0824,0,0.0167,0,0.0381,4,0,0,0,0,0,0,0.1268,9,0,0,0.0333,1,0,0
Dallas Goedert,PHI,TE,0.15,0,0.21,0,0.1558,0.0046,0.2833,0.0143,0.1385,9,0.0092,1,0.0667,1,0,0,0.1731,9,0,0,0.5,8,0.0286,1
EJ Jenkins,PHI,TE,0,0,0,0,0.0308,0,0,0,0.0308,2,0,0,0,0,0,0,,0,,0,,0,,0
Eli Stowers,PHI,TE,0.055,0,0.075,0,,,,,,0,,0,,0,,0,,0,,0,,0,,0
Grant Calcaterra,PHI,TE,0.01,0,0.015,0,0.0365,0,0.0333,0,0.0154,1,0,0,0.0667,1,0,0,0.0577,3,0,0,0,0,0,0
Johnny Mundt,PHI,TE,0.01,0,0.02,0,0.0249,0,0.0385,0,0.038,3,0,0,0.0769,2,0,0,0.0118,1,0,0,0,0,0,0
Aaron Rodgers,PIT,QB,0,0.02,0,0.03,0,0.0409,0,0.0345,0,0,0.0625,2,0,0,0,0,0,0,0.0192,1,0,0,0.069,2
Drew Allar,PIT,QB,0,0,0,0,,,,,,0,,0,,0,,0,,0,,0,,0,,0
Mason Rudolph,PIT,QB,0,0.01,0,0.01,0,0.0481,0,0,0,0,0.0769,4,0,0,0,0,0,0,0.0192,1,0,0,0,0
Will Howard,PIT,QB,0,0,0,0,,,,,,0,,0,,0,,0,,0,,0,,0,,0
Eli Heidenreich,PIT,RB,0,0,0,0,,,,,,0,,0,,0,,0,,0,,0,,0,,0
Jaylen Warren,PIT,RB,0.11,0.4,0.045,0.4,0.09,0.3566,0.0263,0.3183,0.1228,7,0.194,13,0,0,0.1538,4,0.0571,4,0.5192,27,0.0526,1,0.4828,14
Lew Nichols,PIT,RB,0,0,0,0,,,,,,0,,0,,0,,0,,0,,0,,0,,0
Max Hurleman,PIT,RB,0,0,0,0,,,,,,0,,0,,0,,0,,0,,0,,0,,0
Rico Dowdle,PIT,RB,0.065,0.535,0.04,0.535,0.0832,0.4606,0.0789,0.4479,0.0781,5,0.4651,20,0.1579,3,0.3333,5,0.0882,6,0.4561,26,0,0,0.5625,9
Travis Homer,PIT,RB,0,0,0,0,,,,,,0,,0,,0,,0,,0,,0,,0,,0
Ben Skowronek,PIT,WR,0.03,0,0.02,0,0.0143,0,0,0,,0,,0,,0,,0,0.0143,1,0,0,0,0,0,0
Brandon Johnson,PIT,WR,0,0,0,0,,,,,,,,,,,,,,,,,,,,
Brandon Smith,PIT,WR,0,0,0,0,,,,,,0,,0,,0,,0,,0,,0,,0,,0
Cole Burgess,PIT,WR,0,0,0,0,,,,,,0,,0,,0,,0,,0,,0,,0,,0
DK Metcalf,PIT,WR,0.185,0,0.275,0,0.1068,0.0096,0.2715,0,0.1136,5,0,0,0.2273,5,0,0,0.1,7,0.0192,1,0.3158,6,0,0
Germie Bernard,PIT,WR,0.125,0,0.08,0,,,,,,0,,0,,0,,0,,0,,0,,0,,0
Kaden Wetjen,PIT,WR,0,0,0,0,,,,,,0,,0,,0,,0,,0,,0,,0,,0
Michael Pittman,PIT,WR,0.22,0,0.25,0,0.1813,0,0.2611,0,0.1935,12,0,0,0.2222,2,0,0,0.169,12,0,0,0.3,6,0,0
Roman Wilson,PIT,WR,0.055,0,0.02,0,0.0143,0,0,0,,0,,0,,0,,0,0.0143,1,0,0,0,0,0,0
Darnell Washington,PIT,TE,0.06,0,0.175,0,0.0357,0,0.1579,0,0,0,0,0,0.1053,2,0,0,0.0714,5,0,0,0.2105,4,0,0
Lake McRee,PIT,TE,0,0,0,0,,,,,,0,,0,,0,,0,,0,,0,,0,,0
Pat Freiermuth,PIT,TE,0.125,0,0.085,0,0.164,0,0.0789,0,0.2281,13,0,0,0.0526,1,0,0,0.1,7,0,0,0.1053,2,0,0
Riley Nowakowski,PIT,TE,0,0,0,0,,,,,,0,,0,,0,,0,,0,,0,,0,,0
Robert Tonyan,PIT,TE,0,0,0,0,,,,,,0,,0,,0,,0,,0,,0,,0,,0
Drew Lock,SEA,QB,0,0,0,0,0,0.0256,0,0.0556,0,0,0.0256,1,0,0,0.0556,1,,0,,0,,0,,0
Jalen Milroe,SEA,QB,0,0,0,0,,,,,,0,,0,,0,,0,,0,,0,,0,,0
Sam Darnold,SEA,QB,0,0.01,0,0.01,0,0.0637,0,0.05,0,0,0.1042,5,0,0,0.1,2,0,0,0.0233,2,0,0,0,0
Brady Russell,SEA,RB,0,0,0,0,,,,,,0,,0,,0,,0,,0,,0,,0,,0
Emanuel Wilson,SEA,RB,0.02,0.09,0.01,0.06,0.0361,0.2061,0.0333,0.1425,0.0423,3,0.1304,9,0,0,0.1471,5,0.0299,2,0.2817,20,0.0667,1,0.1379,4
George Holani,SEA,RB,0.02,0.04,0.01,0.02,0,0.0698,0,0,,0,,0,,0,,0,0,0,0.0698,6,0,0,0,0
Jacardia Wright,SEA,RB,0,0,0,0,,,,,,0,,0,,0,,0,,0,,0,,0,,0
Jadarian Price,SEA,RB,0.03,0.435,0.02,0.41,,,,,,0,,0,,0,,0,,0,,0,,0,,0
Robbie Ouzts,SEA,RB,0,0,0,0,,,,,,0,,0,,0,,0,,0,,0,,0,,0
Velus Jones,SEA,RB,0,0,0,0,,,,,,0,,0,,0,,0,,0,,0,,0,,0
Zach Charbonnet,SEA,RB,0.085,0.39,0.055,0.485,0.0247,0.3751,0.0312,0.5597,0.0227,1,0.3548,11,0,0,0.4643,13,0.0267,2,0.3953,34,0.0625,1,0.6552,19
Cooper Kupp,SEA,WR,0.12,0,0.125,0,0.1476,0.0072,0.1322,0,0.122,10,0.0145,1,0.0769,2,0,0,0.1733,13,0,0,0.1875,3,0,0
Emmanuel Henderson,SEA,WR,0,0,0,0,,,,,,0,,0,,0,,0,,0,,0,,0,,0
Irvin Charles,SEA,WR,0,0,0,0,0,0,0.0323,0,0,0,0,0,0.0323,1,0,0,,0,,0,,0,,0
Jake Bobo,SEA,WR,0.035,0,0.05,0,0.0247,0,0.0455,0,0.0227,1,0,0,0.0909,2,0,0,0.0267,2,0,0,0,0,0,0
Jaxon Smith-Njigba,SEA,WR,0.31,0,0.31,0,0.2403,0,0.2614,0,0.2273,10,0,0,0.2727,6,0,0,0.2533,19,0,0,0.25,4,0,0
Julian Hicks,SEA,WR,0,0,0,0,,,,,,,,,,,,,,,,,,,,
Montorie Foster Jr,SEA,WR,0,0,0,0,,,,,,0,,0,,0,,0,,0,,0,,0,,0
Rashid Shaheed,SEA,WR,0.135,0.035,0.14,0,0.111,0.0417,0.1455,0,0.0682,3,0.0625,3,0.0909,1,0,0,0.1538,8,0.0208,1,0.2,2,0,0
Ricky White,SEA,WR,0,0,0,0,,,,,,0,,0,,0,,0,,0,,0,,0,,0
Tory Horton,SEA,WR,0.07,0,0.055,0,0.04,0,0.0625,0,,0,,0,,0,,0,0.04,3,0,0,0.0625,1,0,0
AJ Barner,SEA,TE,0.125,0,0.165,0.015,0.1321,0.0116,0.1619,0.0172,0.0909,4,0,0,0.1364,3,0,0,0.1733,13,0.0233,2,0.1875,3,0.0345,1
Elijah Arroyo,SEA,TE,0,0,0,0,0.0533,0,0.0625,0,,0,,0,,0,,0,0.0533,4,0,0,0.0625,1,0,0
Eric Saubert,SEA,TE,0.05,0,0.06,0,0.0405,0,0.053,0,0.0411,3,0,0,0.0435,1,0,0,0.04,3,0,0,0.0625,1,0,0
Nick Kallerup,SEA,TE,0,0,0,0,0.0133,0,0,0,,0,,0,,0,,0,0.0133,1,0,0,0,0,0,0
Brock Purdy,SF,QB,0,0.075,0,0.14,0,0.0968,0,0.1232,0,0,0.1286,9,0,0,0.1724,5,0,0,0.0649,5,0,0,0.0741,2
Kurtis Rourke,SF,QB,0,0,0,0,,,,,,0,,0,,0,,0,,0,,0,,0,,0
Mac Jones,SF,QB,0,0,0,0,0,0.0065,0,0.064,0,0,0,0,0,0,0.0909,2,0,0,0.013,1,0,0,0.037,1
Christian McCaffrey,SF,RB,0.165,0.715,0.09,0.66,0.1721,0.426,0.0806,0.4061,0.0548,4,0.0857,6,0,0,0.0345,1,0.2895,22,0.7662,59,0.1613,5,0.7778,21
Isaac Guerendo,SF,RB,0,0,0,0,0,0.1286,0,0.1724,0,0,0.1286,9,0,0,0.1724,5,,0,,0,,0,,0
Jordan James,SF,RB,0,0.05,0,0.05,,,,,,0,,0,,0,,0,,0,,0,,0,,0
Kaelon Black,SF,RB,0.04,0.15,0.04,0.14,,,,,,0,,0,,0,,0,,0,,0,,0,,0
Kyle Juszczyk,SF,RB,0.035,0.01,0.035,0.01,0.04,0.0071,0.0323,0.053,0.0274,2,0.0143,1,0,0,0.069,2,0.0526,4,0,0,0.0645,2,0.037,1
Sincere McCormick,SF,RB,0,0,0,0,0.0149,0.0769,0,0.087,0.0149,1,0.0769,3,0,0,0.087,2,,0,,0,,0,,0
Christian Kirk,SF,WR,0.05,0,0.05,0,0.0783,0,0.0934,0,0.0566,3,0,0,0.0833,2,0,0,0.1,7,0,0,0.1034,3,0,0
De'Zhaun Stribling,SF,WR,0.135,0,0.135,0,,,,,,0,,0,,0,,0,,0,,0,,0,,0
Deebo Samuel,SF,WR,0.095,0,0.065,0,0.2072,0.0835,0.1149,0.048,0.1644,12,0.1143,8,0.087,2,0.069,2,0.25,9,0.0526,3,0.1429,4,0.027,1
Demarcus Robinson,SF,WR,0.085,0,0.12,0,0.0497,0,0.2215,0,0.0732,6,0,0,0.3462,9,0,0,0.0263,2,0,0,0.0968,3,0,0
Jacob Cowing,SF,WR,0,0,0,0,0.0274,0,0.0435,0,0.0274,2,0,0,0.0435,1,0,0,,0,,0,,0,,0
Jordan Watkins,SF,WR,0,0,0,0,,,,,,0,,0,,0,,0,,0,,0,,0,,0
KhaDarel Hodge,SF,WR,0,0,0,0,,,,,,,,,,,,,,,,,,,,
Mike Evans,SF,WR,0.205,0,0.26,0,0.0953,0,0.2639,0,0.129,8,0,0,0.25,8,0,0,0.0615,4,0,0,0.2778,5,0,0
Ricky Pearsall,SF,WR,0,0,0,0,0.0674,0.0071,0.0435,0,0.0822,6,0.0143,1,0.087,2,0,0,0.0526,4,0,0,0,0,0,0
Wesley Grimes,SF,WR,0,0,0,0,,,,,,0,,0,,0,,0,,0,,0,,0,,0
Will Pauling,SF,WR,0,0,0,0,,,,,,0,,0,,0,,0,,0,,0,,0,,0
Brayden Willis,SF,TE,0,0,0,0,,,,,,0,,0,,0,,0,,0,,0,,0,,0
George Kittle,SF,TE,0.165,0,0.18,0,0.1685,0.0065,0.1788,0,0.2055,15,0,0,0.2609,6,0,0,0.1316,10,0.013,1,0.0968,3,0,0
Jake Tonges,SF,TE,0.025,0,0.025,0,0.0526,0,0.0968,0,,0,,0,,0,,0,0.0526,4,0,0,0.0968,3,0,0
Khalil Dinkins,SF,TE,0,0,0,0,,,,,,0,,0,,0,,0,,0,,0,,0,,0
Luke Farrell,SF,TE,0,0,0,0,0.0292,0,0.0161,0,0.0189,1,0,0,0,0,0,0,0.0395,3,0,0,0.0323,1,0,0
Baker Mayfield,TB,QB,0,0.02,0,0.04,0,0.0896,0,0.0598,0,0,0.1111,6,0,0,0.0741,2,0,0,0.0682,3,0,0,0.0455,1
Easton Stick,TB,QB,0,0,0,0,,,,,,,,,,,,,,,,,,,,
Jalon Daniels,TB,QB,0,0,0,0,,,,,,0,,0,,0,,0,,0,,0,,0,,0
Bucky Irving,TB,RB,0.085,0.565,0.03,0.515,0.0953,0.4638,0.0312,0.2593,0.129,8,0.5185,28,0.0625,2,0.5185,14,0.0615,4,0.4091,18,0,0,0,0
Josh Williams,TB,RB,0,0,0,0,,,,,,0,,0,,0,,0,,0,,0,,0,,0
Kenneth Gainwell,TB,RB,0.11,0.155,0.05,0.135,0.1374,0.2355,0.0263,0.181,0.0462,3,0.2018,22,0,0,0.0517,3,0.2286,16,0.2692,14,0.0526,1,0.3103,9
Sean Tucker,TB,RB,0.01,0.23,0.01,0.28,0.0154,0.1322,0.0278,0.3056,0,0,0.037,2,0,0,0.1111,3,0.0308,2,0.2273,10,0.0556,1,0.5,11
Chris Godwin,TB,WR,0.185,0,0.235,0,0.0707,0,0.1302,0,0.0645,4,0,0,0.0938,3,0,0,0.0769,5,0,0,0.1667,3,0,0
David Sills,TB,WR,0,0,0,0,0.1053,0,0,0,,0,,0,,0,,0,0.1053,6,0,0,0,0,0,0
Dean Patterson,TB,WR,0,0,0,0,,,,,,0,,0,,0,,0,,0,,0,,0,,0
Emeka Egbuka,TB,WR,0.24,0.03,0.285,0.03,0.1846,0,0.1667,0.0455,,0,,0,,0,,0,0.1846,12,0,0,0.1667,3,0.0455,1
Eric Rivers,TB,WR,0,0,0,0,,,,,,0,,0,,0,,0,,0,,0,,0,,0
Garrett Greene,TB,WR,0,0,0,0,,,,,,0,,0,,0,,0,,0,,0,,0,,0
Jalen McMillan,TB,WR,0.115,0,0.125,0,0.0641,0.0206,0.0156,0,0.1129,7,0.0185,1,0.0312,1,0,0,0.0154,1,0.0227,1,0,0,0,0
Kameron Johnson,TB,WR,0,0,0,0,0,0,0.0312,0,0,0,0,0,0.0312,1,0,0,,0,,0,,0,,0
Ted Hurst,TB,WR,0.04,0,0.03,0,,,,,,0,,0,,0,,0,,0,,0,,0,,0
Tez Johnson,TB,WR,0.09,0,0.1,0,0.1077,0.0455,0,0,,0,,0,,0,,0,0.1077,7,0.0455,2,0,0,0,0
Bauer Sharp,TB,TE,0,0,0,0,,,,,,0,,0,,0,,0,,0,,0,,0,,0
CJ Dippre,TB,TE,0,0,0,0,,,,,,,,,,,,,,,,,,,,
Cade Otton,TB,TE,0.125,0,0.135,0,0.1268,0,0.1215,0,0.1613,10,0,0,0.1875,6,0,0,0.0923,6,0,0,0.0556,1,0,0
Ko Kieft,TB,TE,0,0,0,0,,,,,,0,,0,,0,,0,,0,,0,,0,,0
Payne Durham,TB,TE,0,0,0,0,0.0158,0,0.0156,0,0.0161,1,0,0,0.0312,1,0,0,0.0154,1,0,0,0,0,0,0
Cam Ward,TEN,QB,0,0.01,0,0.01,0,0.1935,0,0.0909,,0,,0,,0,,0,0,0,0.1935,6,0,0,0.0909,1
Hendon Hooker,TEN,QB,0,0,0,0,,,,,,0,,0,,0,,0,,0,,0,,0,,0
Mitchell Trubisky,TEN,QB,0,0,0,0,0,0.0102,0,0,0,0,0.0102,1,0,0,0,0,,0,,0,,0,,0
Julius Chestnut,TEN,RB,0,0,0,0,0,0.0611,0,0.1364,0,0,0.0577,3,0,0,0.0909,1,0,0,0.0645,2,0,0,0.1818,2
Kalel Mullings,TEN,RB,0,0,0,0,,,,,,0,,0,,0,,0,,0,,0,,0,,0
Michael Carter,TEN,RB,0,0,0,0,0.0522,0.112,0,0.1402,0.0345,2,0.0678,4,0,0,0.1304,3,0.07,7,0.1562,5,0,0,0.15,3
Nicholas Singleton,TEN,RB,0.035,0.08,0.035,0.08,,,,,,0,,0,,0,,0,,0,,0,,0,,0
Tony Pollard,TEN,RB,0.05,0.575,0.02,0.565,0.0421,0.5112,0,0.4545,0.0638,3,0.5385,28,0,0,0.5455,6,0.0204,1,0.4839,15,0,0,0.3636,4
Tyjae Spears,TEN,RB,0.08,0.315,0.03,0.295,0.1033,0.206,0,0.2727,0.0638,3,0.1538,8,0,0,0.3636,4,0.1429,7,0.2581,8,0,0,0.1818,2
Calvin Ridley,TEN,WR,0.11,0,0.11,0,0.0736,0.0192,0.0938,0,0.1064,5,0.0385,2,0.1875,3,0,0,0.0408,2,0,0,0,0,0,0
Carnell Tate,TEN,WR,0.165,0,0.17,0,,,,,,0,,0,,0,,0,,0,,0,,0,,0
Chimere Dike,TEN,WR,0.105,0.02,0.16,0.05,0.2245,0,0.3,0.1818,,0,,0,,0,,0,0.2245,11,0,0,0.3,3,0.1818,2
Elic Ayomanor,TEN,WR,0.07,0,0.05,0,0.1429,0,0.1,0,,0,,0,,0,,0,0.1429,7,0,0,0.1,1,0,0
KJ Osborn,TEN,WR,0,0,0,0,0.0484,0,0,0,0.0484,3,0,0,0,0,0,0,,0,,0,,0,,0
Tyren Montgomery,TEN,WR,0,0,0,0,,,,,,0,,0,,0,,0,,0,,0,,0,,0
Wan'Dale Robinson,TEN,WR,0.25,0,0.275,0,0.2375,0,0.1976,0,0.3556,16,0,0,0.0952,2,0,0,0.1194,8,0,0,0.3,6,0,0
Xavier Restrepo,TEN,WR,0,0,0,0,0.0204,0,0,0,,0,,0,,0,,0,0.0204,1,0,0,0,0,0,0
Daniel Bellinger,TEN,TE,0.045,0,0.05,0,0.0559,0,0,0,0.0222,1,0,0,0,0,0,0,0.0896,6,0,0,0,0,0,0
David Martin-Robinson,TEN,TE,0,0,0,0,0,0,0.1,0,,0,,0,,0,,0,0,0,0,0,0.1,1,0,0
Gunnar Helm,TEN,TE,0.09,0,0.1,0,0.1429,0,0.1,0,,0,,0,,0,,0,0.1429,7,0,0,0.1,1,0,0
Jaren Kanak,TEN,TE,0,0,0,0,,,,,,0,,0,,0,,0,,0,,0,,0,,0
Joel Wilson,TEN,TE,0,0,0,0,,,,,,0,,0,,0,,0,,0,,0,,0,,0
Kylen Granson,TEN,TE,0,0,0,0,0.058,0,0,0,0.0968,6,0,0,0,0,0,0,0.0192,1,0,0,0,0,0,0
Athan Kaliakmanis,WAS,QB,0,0,0,0,,,,,,0,,0,,0,,0,,0,,0,,0,,0
Jayden Daniels,WAS,QB,0,0.2,0,0.16,0,0.2034,0,0.1625,0,0,0.3365,35,0,0,0.2439,10,0,0,0.0702,4,0,0,0.0811,3
Marcus Mariota,WAS,QB,0,0.1,0,0.1,0,0.0487,0,0.0527,0,0,0.0096,1,0,0,0.0244,1,0,0,0.0877,5,0,0,0.0811,3
Sam Hartman,WAS,QB,0,0,0,0,,,,,,0,,0,,0,,0,,0,,0,,0,,0
Craig Reynolds,WAS,RB,0,0,0,0,,,,,,,,,,,,,,,,,,,,
Jacory Croskey-Merritt,WAS,RB,0.015,0.465,0.01,0.405,0.0278,0.3333,0,0.3514,,0,,0,,0,,0,0.0278,1,0.3333,19,0,0,0.3514,13
Jeremy McNichols,WAS,RB,0.015,0.08,0.01,0.08,0.0409,0.088,0.0179,0.0758,0.0263,2,0.1058,11,0,0,0.0976,4,0.0556,2,0.0702,4,0.0357,1,0.0541,2
Jerome Ford,WAS,RB,0,0,0,0,0.064,0.1165,0,0.1458,0.0169,1,0.2059,7,0,0,0.1667,3,0.1111,6,0.027,1,0,0,0.125,3
Kaytron Allen,WAS,RB,0,0,0,0,,,,,,0,,0,,0,,0,,0,,0,,0,,0
Rachaad White,WAS,RB,0.125,0.315,0.06,0.355,0.1495,0.234,0.0312,0.3527,0.1452,9,0.2407,13,0.0625,2,0.2963,8,0.1538,10,0.2273,10,0,0,0.4091,9
Robert Henry,WAS,RB,0,0,0,0,,,,,,0,,0,,0,,0,,0,,0,,0,,0
Antonio Williams,WAS,WR,0,0,0,0,,,,,,0,,0,,0,,0,,0,,0,,0,,0
Dyami Brown,WAS,WR,0.06,0,0.06,0,0.0865,0.0057,0.048,0,0.0789,6,0,0,0.0294,1,0,0,0.0941,8,0.0115,1,0.0667,1,0,0
Jacoby Jones,WAS,WR,0,0,0,0,,,,,,0,,0,,0,,0,,0,,0,,0,,0
Jaden Bradley,WAS,WR,0,0,0,0,,,,,,0,,0,,0,,0,,0,,0,,0,,0
Jaylin Lane,WAS,WR,0.045,0,0.045,0,0.0556,0,0,0,,0,,0,,0,,0,0.0556,2,0,0,0,0,0,0
Luke McCaffrey,WAS,WR,0.09,0,0.065,0,0.0336,0,0.0504,0,0.0395,3,0,0,0.0294,1,0,0,0.0278,1,0,0,0.0714,2,0,0
Stefon Diggs,WAS,WR,0.2,0,0.185,0,0.096,0.0066,0.0917,0,0.0556,4,0.0132,1,0.0455,1,0,0,0.1364,9,0,0,0.1379,4,0,0
Terry McLaurin,WAS,WR,0.25,0.01,0.28,0,0.1615,0,0.1565,0,0.1842,14,0,0,0.2059,7,0,0,0.1389,5,0,0,0.1071,3,0,0
Treylon Burks,WAS,WR,0.055,0,0.095,0,0.0278,0,0.1071,0,,0,,0,,0,,0,0.0278,1,0,0,0.1071,3,0,0
Ben Sinnott,WAS,TE,0,0,0,0,0,0,0.0326,0,0,0,0,0,0.0294,1,0,0,0,0,0,0,0.0357,1,0,0
Chig Okonkwo,WAS,TE,0.115,0.01,0.135,0,0.0936,0,0.0625,0,0.0851,4,0,0,0.125,2,0,0,0.102,5,0,0,0,0,0,0
Colson Yankoff,WAS,TE,0,0,0,0,,,,,,0,,0,,0,,0,,0,,0,,0,,0
Jack Westover,WAS,TE,0,0,0,0,,,,,,,,,,,,,,,,,,,,
John Bates,WAS,TE,0.03,0,0.055,0,0.0066,0,0.0651,0,0.0132,1,0,0,0.0588,2,0,0,0,0,0,0,0.0714,2,0,0
Joshua Simon,WAS,TE,0,0,0,0,,,,,,,,,,,,,,,,,,,,
Quentin Moore,WAS,TE,0,0,0,0,,,,,,0,,0,,0,,0,,0,,0,,0,,0
