Team,PF_avg,PA_avg,PF_med,PA_med,pYds_avg,pTD_avg,pYds_med,pTD_med,rYds_avg,rTD_avg,turnovers_avg,sacks_taken_avg,rYds_med,rTD_med,turnovers_med,sacks_taken_med,TotalYds_avg,TotalYds_med,def_sack_avg,def_int_avg,def_fumble_rec_avg,def_td_avg,def_sack_med,def_int_med,def_fumble_rec_med,def_td_med,PassYdsAllowed_avg,PassYdsAllowed_med,RushYdsAllowed_avg,Takeaways_avg,RushYdsAllowed_med,Takeaways_med,TotalYdsAllowed_avg,TotalYdsAllowed_med,Conference,Division,PointDiff_avg
ARI,324.623,421.897,323.0,421.0,3998.412,26.971,3996.0,27.0,1477.304,8.299,17.36,48.033,1470.5,8.0,17.0,48.0,5475.716,5466.5,28.435,8.758,3.848,1.169,28.0,9.0,4.0,1.0,3905.088,3907.0,2212.482,12.606,2210.0,12.0,6117.57,6117.0,NFC,West,-97.274
ATL,380.457,381.253,382.0,380.0,3787.435,29.837,3778.0,30.0,2096.871,13.116,11.455,25.722,2095.0,13.0,11.0,25.5,5884.3060000000005,5873.0,40.8,9.156,4.351,1.147,40.5,9.0,4.0,1.0,3817.911,3821.5,2196.058,13.507,2189.0,13.0,6013.969,6010.5,NFC,South,-0.7959999999999923
BAL,434.548,359.206,434.0,359.0,4196.111,38.001,4192.0,38.0,2242.591,15.074,13.314,50.374,2229.5,15.0,13.0,50.0,6438.701999999999,6421.5,30.974,10.651,3.93,1.25,31.0,11.0,4.0,1.0,3856.652,3846.0,1906.291,14.581,1897.5,14.0,5762.943,5743.5,AFC,North,75.34199999999998
BUF,454.405,364.654,453.0,363.0,4268.599,38.218,4263.0,38.0,2266.546,16.9,13.431,39.853,2265.5,17.0,13.0,40.0,6535.145,6528.5,48.038,9.706,4.998,1.32,48.0,9.0,5.0,1.0,3813.839,3814.5,2121.983,14.704,2118.0,14.0,5935.822,5932.5,AFC,East,89.75099999999998
CAR,315.542,411.95,314.5,412.0,3450.162,22.74,3446.0,23.0,1966.471,11.035,13.407,40.331,1962.0,11.0,13.0,40.0,5416.633,5408.0,30.745,8.774,3.795,1.086,31.0,9.0,4.0,1.0,3930.507,3925.0,2180.639,12.569,2179.0,12.0,6111.146000000001,6104.0,NFC,South,-96.40800000000002
CHI,384.605,393.409,386.0,391.0,3619.022,30.524,3620.5,30.5,2382.521,14.672,13.825,25.742,2380.0,15.0,14.0,26.0,6001.543,6000.5,36.992,8.571,4.238,1.113,37.0,8.0,4.0,1.0,3888.52,3885.5,2082.911,12.809,2077.0,13.0,5971.4310000000005,5962.5,NFC,North,-8.803999999999974
CIN,458.541,339.003,458.0,339.0,4727.732,41.235,4718.0,41.0,1734.574,12.935,11.606,38.438,1724.5,13.0,11.0,38.0,6462.3060000000005,6442.5,44.51,10.91,4.662,1.348,45.0,11.0,4.0,1.0,3725.39,3728.5,2054.841,15.572,2049.0,15.0,5780.231,5777.5,AFC,North,119.53800000000001
CLE,316.991,378.651,316.0,378.0,3252.824,22.94,3259.0,23.0,2074.063,11.544,17.487,42.006,2072.0,11.0,17.0,42.0,5326.887000000001,5331.0,58.36,8.896,5.545,1.203,58.0,9.0,5.0,1.0,3857.125,3858.0,1968.183,14.441,1962.5,14.0,5825.308,5820.5,AFC,North,-61.660000000000025
DAL,411.921,340.852,411.0,341.0,4032.447,33.436,4036.5,33.0,2119.829,13.248,12.004,27.241,2109.0,13.0,12.0,27.0,6152.276,6145.5,40.387,9.905,4.352,1.261,40.0,10.0,4.0,1.0,3805.233,3809.5,1873.424,14.257,1872.0,14.0,5678.657,5681.5,NFC,East,71.06900000000002
DEN,402.623,327.353,402.0,326.0,3690.345,28.843,3685.0,29.0,2298.11,17.202,13.445,25.098,2289.0,17.0,13.0,25.0,5988.455,5974.0,69.024,9.399,6.076,1.306,69.0,9.0,6.0,1.0,3883.467,3881.0,1649.313,15.475,1636.0,15.0,5532.780000000001,5517.0,AFC,West,75.26999999999998
DET,449.667,318.587,451.0,319.0,3892.929,34.958,3895.5,35.0,2483.547,16.912,10.189,36.255,2478.0,17.0,10.0,36.0,6376.476000000001,6373.5,45.571,9.998,4.626,1.269,45.0,10.0,4.0,1.0,3709.041,3729.0,1798.087,14.624,1789.0,15.0,5507.128000000001,5518.0,NFC,North,131.07999999999998
GB,435.893,364.348,435.0,364.0,4482.385,39.425,4480.0,39.0,1971.366,12.867,13.745,36.661,1970.0,13.0,13.0,36.0,6453.751,6450.0,39.383,9.551,4.404,1.154,39.0,9.5,4.0,1.0,3891.404,3880.5,1932.11,13.955,1934.5,14.0,5823.514,5815.0,NFC,North,71.54499999999996
HOU,393.613,358.874,393.0,357.0,3932.863,31.521,3921.0,31.0,2014.871,13.107,14.493,37.214,2010.5,13.0,14.0,37.0,5947.734,5931.5,43.481,10.071,4.605,1.219,43.0,10.0,4.0,1.0,3825.667,3818.5,1972.366,14.676,1968.0,14.0,5798.032999999999,5786.5,AFC,South,34.738999999999976
IND,350.855,379.833,351.0,379.0,3459.801,25.731,3454.5,26.0,2227.774,12.922,12.787,39.886,2228.5,13.0,13.0,40.0,5687.575,5683.0,40.248,9.478,4.283,1.218,40.0,9.0,4.0,1.0,3869.435,3866.0,1966.108,13.761,1961.0,14.0,5835.543,5827.0,AFC,South,-28.97800000000001
JAX,369.079,392.994,369.0,392.0,3931.833,30.066,3925.0,30.0,1950.838,11.79,15.156,44.774,1949.0,12.0,15.0,44.0,5882.671,5874.0,32.371,9.64,4.011,1.18,32.0,9.0,4.0,1.0,3896.847,3899.5,2053.007,13.651,2044.0,13.0,5949.854,5943.5,AFC,South,-23.91500000000002
KC,417.161,354.75,417.0,355.0,4360.736,37.797,4351.5,38.0,1766.763,10.988,13.448,46.423,1759.0,11.0,13.0,46.0,6127.499,6110.5,47.297,10.009,4.765,1.245,47.0,10.0,5.0,1.0,3808.069,3813.5,2036.021,14.774,2026.0,14.0,5844.09,5839.5,AFC,West,62.411
LA,395.186,366.175,396.0,366.0,4008.721,30.956,4001.0,31.0,1998.874,13.002,13.864,28.783,2000.0,13.0,14.0,29.0,6007.595,6001.0,43.003,9.627,4.483,1.284,43.0,9.0,4.0,1.0,4003.435,4001.0,1842.056,14.11,1842.5,14.0,5845.491,5843.5,NFC,West,29.010999999999967
LAC,363.634,400.097,362.0,401.5,3873.435,29.5,3873.0,29.0,1954.315,11.947,14.114,55.842,1949.5,12.0,14.0,56.0,5827.75,5822.5,46.319,9.038,4.753,1.181,46.0,9.0,5.0,1.0,3774.21,3779.0,2264.25,13.791,2263.5,14.0,6038.46,6042.5,AFC,West,-36.462999999999965
LV,276.592,431.15,274.0,430.0,3578.98,19.79,3580.0,20.0,1493.914,7.637,17.553,66.975,1494.5,7.0,17.0,67.0,5072.894,5074.5,40.725,8.833,4.537,1.17,41.0,9.0,4.0,1.0,3787.716,3785.5,2308.992,13.37,2300.0,13.0,6096.7080000000005,6085.5,AFC,West,-154.558
MIA,330.375,410.175,329.0,408.0,3472.478,26.182,3467.5,26.0,2004.906,11.618,13.716,44.101,1999.0,11.0,13.0,44.0,5477.384,5466.5,42.778,8.303,4.816,1.121,42.0,8.0,5.0,1.0,3918.882,3919.0,2240.188,13.119,2230.5,13.0,6159.07,6149.5,AFC,East,-79.80000000000001
MIN,352.665,384.33,353.0,383.0,3753.292,27.504,3749.0,27.0,1946.365,11.981,13.753,56.201,1941.0,12.0,14.0,56.0,5699.657,5690.0,55.761,8.301,5.383,1.142,55.0,8.0,5.0,1.0,3645.344,3646.0,2361.201,13.684,2353.5,14.0,6006.545,5999.5,NFC,North,-31.664999999999964
NE,382.565,383.378,383.0,382.0,3720.873,27.294,3703.5,27.0,2326.657,17.587,13.787,52.53,2320.0,18.0,14.0,52.0,6047.530000000001,6023.5,44.221,9.013,4.498,1.144,44.0,9.0,4.0,1.0,3959.519,3962.0,1906.7,13.511,1906.0,13.0,5866.219,5868.0,AFC,East,-0.8129999999999882
NO,363.181,378.233,363.0,376.0,3838.818,27.823,3847.0,28.0,1952.335,12.733,17.139,45.093,1959.0,12.0,17.0,45.0,5791.153,5806.0,37.153,9.374,4.21,1.203,37.0,9.0,4.0,1.0,3880.927,3877.5,1929.05,13.584,1918.5,13.0,5809.977,5796.0,NFC,South,-15.052000000000021
NYG,313.985,406.392,314.0,407.0,3350.361,21.443,3357.0,21.0,2066.996,13.049,15.817,44.242,2065.0,13.0,16.0,44.0,5417.357,5422.0,39.617,9.099,4.52,1.211,39.0,9.0,4.0,1.0,4008.363,4001.0,2041.618,13.619,2032.5,13.5,6049.981,6033.5,NFC,East,-92.40699999999998
NYJ,328.691,397.83,330.0,395.0,3461.575,23.668,3448.5,24.0,1987.684,11.622,13.157,61.556,1985.0,11.0,13.0,61.0,5449.259,5433.5,34.471,9.328,3.942,1.163,34.0,9.0,4.0,1.0,3804.174,3798.5,2184.676,13.27,2186.5,13.0,5988.85,5985.0,AFC,East,-69.13900000000001
PHI,413.331,358.482,414.5,358.0,3982.959,34.995,3973.0,35.0,2220.797,13.905,12.779,37.793,2211.5,14.0,13.0,38.0,6203.755999999999,6184.5,39.77,9.725,4.343,1.155,40.0,10.0,4.0,1.0,3711.618,3715.0,2066.632,14.068,2071.0,14.0,5778.25,5786.0,NFC,East,54.84899999999999
PIT,347.101,394.876,347.0,395.0,3866.176,26.117,3862.5,26.0,1848.109,11.433,15.605,37.509,1851.5,11.0,15.0,37.0,5714.285,5714.0,37.989,9.436,4.264,1.197,38.0,9.0,4.0,1.0,3895.503,3887.5,2057.014,13.7,2046.0,14.0,5952.517,5933.5,AFC,North,-47.77499999999998
SEA,399.945,353.469,400.0,353.0,4118.187,33.121,4108.0,33.0,1948.843,12.478,12.198,35.335,1946.0,12.0,12.0,35.0,6067.03,6054.0,40.477,9.644,4.278,1.224,40.0,9.0,4.0,1.0,3854.162,3851.0,1835.521,13.922,1821.0,14.0,5689.683,5672.0,NFC,West,46.476
SF,426.556,344.132,425.0,343.5,3795.526,34.958,3787.5,35.0,2452.387,15.965,11.083,28.517,2443.0,16.0,11.0,28.0,6247.9130000000005,6230.5,25.1,10.126,3.453,1.16,25.0,10.0,3.0,1.0,3956.354,3958.0,1798.22,13.579,1794.0,14.0,5754.574,5752.0,NFC,West,82.42399999999998
TB,366.22,370.706,365.0,368.0,3846.872,29.169,3838.0,29.0,1969.434,12.002,13.274,40.598,1969.0,12.0,13.0,40.5,5816.306,5807.0,37.677,9.452,4.276,1.134,38.0,9.0,4.0,1.0,3887.915,3895.5,1907.796,13.728,1900.0,14.0,5795.711,5795.5,NFC,South,-4.48599999999999
TEN,301.133,411.16,300.0,411.0,3349.662,21.42,3343.5,21.0,1905.239,10.335,15.81,45.402,1904.5,10.0,16.0,45.0,5254.901,5248.0,42.556,8.608,4.502,1.127,42.0,8.0,4.0,1.0,3761.423,3766.5,2310.266,13.11,2311.0,13.0,6071.689,6077.5,AFC,South,-110.02700000000004
WAS,395.7,379.185,395.0,379.0,4169.259,33.512,4164.0,33.0,1944.425,13.685,13.465,42.058,1930.5,14.0,13.0,42.0,6113.684,6094.5,42.353,9.494,4.645,1.162,42.0,9.0,5.0,1.0,3937.07,3932.5,2037.315,14.139,2040.0,14.0,5974.385,5972.5,NFC,East,16.514999999999986
