Team,Slot,Games,Player,pAtt_avg,pAtt_med,pAtt_std,pAtt_p05,pAtt_p95,pCmp_avg,pCmp_med,pCmp_std,pCmp_p05,pCmp_p95,pYds_avg,pYds_med,pYds_std,pYds_p05,pYds_p95,pTD_avg,pTD_med,pTD_std,pTD_p05,pTD_p95,int_avg,int_med,int_std,int_p05,int_p95,rAtt_avg,rAtt_med,rAtt_std,rAtt_p05,rAtt_p95,rYds_avg,rYds_med,rYds_std,rYds_p05,rYds_p95,rTD_avg,rTD_med,rTD_std,rTD_p05,rTD_p95,recYds_avg,recYds_med,recYds_std,recYds_p05,recYds_p95,recTD_avg,recTD_med,recTD_std,recTD_p05,recTD_p95,targets_avg,targets_med,targets_std,targets_p05,targets_p95,rec_avg,rec_med,rec_std,rec_p05,rec_p95,touches_avg,touches_med,touches_std,touches_p05,touches_p95,fumbles_avg,fumbles_med,fumbles_std,fumbles_p05,fumbles_p95,fumbles_lost_avg,fumbles_lost_med,fumbles_lost_std,fumbles_lost_p05,fumbles_lost_p95,sacks_taken_avg,sacks_taken_med,sacks_taken_std,sacks_taken_p05,sacks_taken_p95,def_sack_avg,def_sack_med,def_sack_std,def_sack_p05,def_sack_p95,def_int_avg,def_int_med,def_int_std,def_int_p05,def_int_p95,def_fumble_rec_avg,def_fumble_rec_med,def_fumble_rec_std,def_fumble_rec_p05,def_fumble_rec_p95,def_td_avg,def_td_med,def_td_std,def_td_p05,def_td_p95,pts_allowed_avg,pts_allowed_med,pts_allowed_std,pts_allowed_p05,pts_allowed_p95,dk_score_avg,dk_score_med,dk_score_std,dk_score_p05,dk_score_p95,fd_score_avg,fd_score_med,fd_score_std,fd_score_p05,fd_score_p95
BUF,DST,100,Defense,0.0,0.0,0.0,0.0,0.0,0.0,0.0,0.0,0.0,0.0,0.0,0.0,0.0,0.0,0.0,0.0,0.0,0.0,0.0,0.0,0.0,0.0,0.0,0.0,0.0,0.0,0.0,0.0,0.0,0.0,0.0,0.0,0.0,0.0,0.0,0.0,0.0,0.0,0.0,0.0,0.0,0.0,0.0,0.0,0.0,0.0,0.0,0.0,0.0,0.0,0.0,0.0,0.0,0.0,0.0,0.0,0.0,0.0,0.0,0.0,0.0,0.0,0.0,0.0,0.0,0.0,0.0,0.0,0.0,0.0,0.0,0.0,0.0,0.0,0.0,0.0,0.0,0.0,0.0,0.0,1.98,2.0,1.4,0.0,5.0,0.54,0.0,0.7,0.0,2.0,0.17,0.0,0.43,0.0,1.0,0.06,0.0,0.24,0.0,1.0,29.06,27.0,12.99,10.0,52.15,2.85,3.0,4.18,-3.0,9.1,2.85,3.0,4.18,-3.0,9.1
BUF,QB,100,Josh Allen,33.5,34.0,5.77,23.95,42.05,24.51,24.5,5.14,17.0,32.05,228.56,218.5,64.61,135.9,351.1,1.66,1.5,1.13,0.0,4.0,0.66,0.0,0.81,0.0,2.0,5.57,6.0,2.41,2.0,9.0,21.43,18.0,17.18,0.95,52.25,0.11,0.0,0.31,0.0,1.0,0.0,0.0,0.0,0.0,0.0,0.0,0.0,0.0,0.0,0.0,0.0,0.0,0.0,0.0,0.0,0.0,0.0,0.0,0.0,0.0,5.57,6.0,2.41,2.0,9.0,0.12,0.0,0.33,0.0,1.0,0.07,0.0,0.26,0.0,1.0,1.78,2.0,1.35,0.0,4.0,0.0,0.0,0.0,0.0,0.0,0.0,0.0,0.0,0.0,0.0,0.0,0.0,0.0,0.0,0.0,0.0,0.0,0.0,0.0,0.0,0.0,0.0,0.0,0.0,0.0,18.26,17.3,7.12,7.43,30.88,17.03,16.3,6.92,6.62,27.9
BUF,QB2,100,Mitchell Trubisky,0.0,0.0,0.0,0.0,0.0,0.0,0.0,0.0,0.0,0.0,0.0,0.0,0.0,0.0,0.0,0.0,0.0,0.0,0.0,0.0,0.0,0.0,0.0,0.0,0.0,0.28,0.0,0.55,0.0,1.05,0.95,0.0,3.17,-0.05,9.0,0.01,0.0,0.1,0.0,0.0,0.0,0.0,0.0,0.0,0.0,0.0,0.0,0.0,0.0,0.0,0.0,0.0,0.0,0.0,0.0,0.0,0.0,0.0,0.0,0.0,0.28,0.0,0.55,0.0,1.05,0.0,0.0,0.0,0.0,0.0,0.0,0.0,0.0,0.0,0.0,0.0,0.0,0.0,0.0,0.0,0.0,0.0,0.0,0.0,0.0,0.0,0.0,0.0,0.0,0.0,0.0,0.0,0.0,0.0,0.0,0.0,0.0,0.0,0.0,0.0,0.0,0.0,0.0,0.0,0.0,0.16,0.0,0.75,-0.0,0.9,0.16,0.0,0.75,-0.0,0.9
BUF,RB1,100,James Cook,0.0,0.0,0.0,0.0,0.0,0.0,0.0,0.0,0.0,0.0,0.0,0.0,0.0,0.0,0.0,0.0,0.0,0.0,0.0,0.0,0.0,0.0,0.0,0.0,0.0,11.63,11.0,3.48,7.0,18.0,49.67,47.5,25.1,14.95,88.45,0.31,0.0,0.51,0.0,1.0,17.99,15.0,18.65,-0.1,56.2,0.11,0.0,0.35,0.0,1.0,2.6,2.0,1.79,0.0,6.0,1.93,2.0,1.48,0.0,4.05,13.56,13.0,3.94,8.0,20.05,0.07,0.0,0.26,0.0,1.0,0.04,0.0,0.2,0.0,0.0,0.0,0.0,0.0,0.0,0.0,0.0,0.0,0.0,0.0,0.0,0.0,0.0,0.0,0.0,0.0,0.0,0.0,0.0,0.0,0.0,0.0,0.0,0.0,0.0,0.0,0.0,0.0,0.0,0.0,0.0,11.27,9.7,6.56,3.1,23.64,10.11,8.25,5.9,2.79,21.31
BUF,RB2,100,Ray Davis,0.0,0.0,0.0,0.0,0.0,0.0,0.0,0.0,0.0,0.0,0.0,0.0,0.0,0.0,0.0,0.0,0.0,0.0,0.0,0.0,0.0,0.0,0.0,0.0,0.0,5.73,6.0,2.29,2.0,10.0,23.03,20.0,16.17,2.95,56.0,0.12,0.0,0.33,0.0,1.0,10.57,6.0,14.46,0.0,39.45,0.06,0.0,0.24,0.0,1.0,1.16,1.0,1.07,0.0,3.0,0.92,1.0,0.99,0.0,3.0,6.65,6.0,2.38,2.95,10.05,0.01,0.0,0.1,0.0,0.0,0.01,0.0,0.1,0.0,0.0,0.0,0.0,0.0,0.0,0.0,0.0,0.0,0.0,0.0,0.0,0.0,0.0,0.0,0.0,0.0,0.0,0.0,0.0,0.0,0.0,0.0,0.0,0.0,0.0,0.0,0.0,0.0,0.0,0.0,0.0,5.35,3.9,4.36,0.5,14.12,4.88,3.6,4.06,0.5,13.41
BUF,RB3,100,Ty.Johnson,0.0,0.0,0.0,0.0,0.0,0.0,0.0,0.0,0.0,0.0,0.0,0.0,0.0,0.0,0.0,0.0,0.0,0.0,0.0,0.0,0.0,0.0,0.0,0.0,0.0,2.93,3.0,1.53,1.0,5.05,12.64,9.0,11.96,0.0,33.2,0.08,0.0,0.27,0.0,1.0,8.05,4.5,10.97,0.0,32.05,0.11,0.0,0.35,0.0,1.0,1.58,1.0,1.25,0.0,4.0,1.01,1.0,1.05,0.0,3.0,3.94,4.0,1.91,1.0,7.05,0.01,0.0,0.1,0.0,0.0,0.0,0.0,0.0,0.0,0.0,0.0,0.0,0.0,0.0,0.0,0.0,0.0,0.0,0.0,0.0,0.0,0.0,0.0,0.0,0.0,0.0,0.0,0.0,0.0,0.0,0.0,0.0,0.0,0.0,0.0,0.0,0.0,0.0,0.0,0.0,4.21,2.6,4.12,0.2,11.9,3.69,2.2,3.78,0.2,10.45
BUF,RB4,100,Reggie Gilliam,0.0,0.0,0.0,0.0,0.0,0.0,0.0,0.0,0.0,0.0,0.0,0.0,0.0,0.0,0.0,0.0,0.0,0.0,0.0,0.0,0.0,0.0,0.0,0.0,0.0,0.16,0.0,0.42,0.0,1.0,1.31,0.0,5.37,0.0,10.1,0.0,0.0,0.0,0.0,0.0,0.0,0.0,0.0,0.0,0.0,0.0,0.0,0.0,0.0,0.0,0.0,0.0,0.0,0.0,0.0,0.0,0.0,0.0,0.0,0.0,0.16,0.0,0.42,0.0,1.0,0.0,0.0,0.0,0.0,0.0,0.0,0.0,0.0,0.0,0.0,0.0,0.0,0.0,0.0,0.0,0.0,0.0,0.0,0.0,0.0,0.0,0.0,0.0,0.0,0.0,0.0,0.0,0.0,0.0,0.0,0.0,0.0,0.0,0.0,0.0,0.0,0.0,0.0,0.0,0.0,0.13,0.0,0.54,0.0,1.01,0.13,0.0,0.54,0.0,1.01
BUF,TE1,100,Dalton Kincaid,0.0,0.0,0.0,0.0,0.0,0.0,0.0,0.0,0.0,0.0,0.0,0.0,0.0,0.0,0.0,0.0,0.0,0.0,0.0,0.0,0.0,0.0,0.0,0.0,0.0,0.0,0.0,0.0,0.0,0.0,0.0,0.0,0.0,0.0,0.0,0.0,0.0,0.0,0.0,0.0,31.39,28.0,23.89,1.0,74.6,0.16,0.0,0.37,0.0,1.0,4.87,5.0,2.13,1.0,8.0,3.58,3.5,1.89,1.0,7.0,3.58,3.5,1.89,1.0,7.0,0.02,0.0,0.14,0.0,0.0,0.01,0.0,0.1,0.0,0.0,0.0,0.0,0.0,0.0,0.0,0.0,0.0,0.0,0.0,0.0,0.0,0.0,0.0,0.0,0.0,0.0,0.0,0.0,0.0,0.0,0.0,0.0,0.0,0.0,0.0,0.0,0.0,0.0,0.0,0.0,7.72,6.95,5.31,1.1,16.7,5.85,4.95,4.33,0.6,13.63
BUF,TE2,100,Dawson Knox,0.0,0.0,0.0,0.0,0.0,0.0,0.0,0.0,0.0,0.0,0.0,0.0,0.0,0.0,0.0,0.0,0.0,0.0,0.0,0.0,0.0,0.0,0.0,0.0,0.0,0.0,0.0,0.0,0.0,0.0,0.0,0.0,0.0,0.0,0.0,0.0,0.0,0.0,0.0,0.0,17.19,14.0,17.7,0.0,46.05,0.09,0.0,0.29,0.0,1.0,2.26,2.0,1.43,0.0,4.05,1.76,2.0,1.31,0.0,4.0,1.76,2.0,1.31,0.0,4.0,0.0,0.0,0.0,0.0,0.0,0.0,0.0,0.0,0.0,0.0,0.0,0.0,0.0,0.0,0.0,0.0,0.0,0.0,0.0,0.0,0.0,0.0,0.0,0.0,0.0,0.0,0.0,0.0,0.0,0.0,0.0,0.0,0.0,0.0,0.0,0.0,0.0,0.0,0.0,0.0,4.02,3.35,3.75,0.0,11.53,3.14,2.35,3.21,0.0,10.03
BUF,TE3,100,Q.Morris,0.0,0.0,0.0,0.0,0.0,0.0,0.0,0.0,0.0,0.0,0.0,0.0,0.0,0.0,0.0,0.0,0.0,0.0,0.0,0.0,0.0,0.0,0.0,0.0,0.0,0.0,0.0,0.0,0.0,0.0,0.0,0.0,0.0,0.0,0.0,0.0,0.0,0.0,0.0,0.0,2.87,0.0,5.92,0.0,14.1,0.02,0.0,0.14,0.0,0.0,0.55,0.0,0.66,0.0,2.0,0.35,0.0,0.54,0.0,1.0,0.35,0.0,0.54,0.0,1.0,0.0,0.0,0.0,0.0,0.0,0.0,0.0,0.0,0.0,0.0,0.0,0.0,0.0,0.0,0.0,0.0,0.0,0.0,0.0,0.0,0.0,0.0,0.0,0.0,0.0,0.0,0.0,0.0,0.0,0.0,0.0,0.0,0.0,0.0,0.0,0.0,0.0,0.0,0.0,0.0,0.76,0.0,1.54,0.0,2.6,0.58,0.0,1.34,0.0,2.1
BUF,TE4,100,Z.Davidson,0.0,0.0,0.0,0.0,0.0,0.0,0.0,0.0,0.0,0.0,0.0,0.0,0.0,0.0,0.0,0.0,0.0,0.0,0.0,0.0,0.0,0.0,0.0,0.0,0.0,0.0,0.0,0.0,0.0,0.0,0.0,0.0,0.0,0.0,0.0,0.0,0.0,0.0,0.0,0.0,0.4,0.0,2.34,0.0,0.0,0.0,0.0,0.0,0.0,0.0,0.07,0.0,0.26,0.0,1.0,0.04,0.0,0.2,0.0,0.0,0.04,0.0,0.2,0.0,0.0,0.0,0.0,0.0,0.0,0.0,0.0,0.0,0.0,0.0,0.0,0.0,0.0,0.0,0.0,0.0,0.0,0.0,0.0,0.0,0.0,0.0,0.0,0.0,0.0,0.0,0.0,0.0,0.0,0.0,0.0,0.0,0.0,0.0,0.0,0.0,0.0,0.0,0.0,0.0,0.0,0.08,0.0,0.41,0.0,0.0,0.06,0.0,0.32,0.0,0.0
BUF,WR1,100,Khalil Shakir,0.0,0.0,0.0,0.0,0.0,0.0,0.0,0.0,0.0,0.0,0.0,0.0,0.0,0.0,0.0,0.0,0.0,0.0,0.0,0.0,0.0,0.0,0.0,0.0,0.0,0.05,0.0,0.22,0.0,0.05,0.1,0.0,0.58,0.0,0.0,0.0,0.0,0.0,0.0,0.0,55.39,50.5,31.9,11.9,110.2,0.33,0.0,0.57,0.0,1.05,7.04,7.0,2.62,3.0,11.0,5.49,5.0,2.37,2.0,10.0,5.54,5.0,2.38,2.0,10.0,0.01,0.0,0.1,0.0,0.0,0.01,0.0,0.1,0.0,0.0,0.0,0.0,0.0,0.0,0.0,0.0,0.0,0.0,0.0,0.0,0.0,0.0,0.0,0.0,0.0,0.0,0.0,0.0,0.0,0.0,0.0,0.0,0.0,0.0,0.0,0.0,0.0,0.0,0.0,0.0,13.31,12.3,7.36,4.18,28.33,10.25,9.6,5.95,2.7,21.16
BUF,WR2,100,Keon Coleman,0.0,0.0,0.0,0.0,0.0,0.0,0.0,0.0,0.0,0.0,0.0,0.0,0.0,0.0,0.0,0.0,0.0,0.0,0.0,0.0,0.0,0.0,0.0,0.0,0.0,0.06,0.0,0.24,0.0,1.0,0.32,0.0,2.19,0.0,0.05,0.0,0.0,0.0,0.0,0.0,26.98,22.5,22.14,0.0,66.0,0.27,0.0,0.49,0.0,1.0,3.8,4.0,1.84,1.0,7.0,2.57,2.0,1.47,0.0,5.0,2.63,3.0,1.49,0.0,5.0,0.01,0.0,0.1,0.0,0.0,0.0,0.0,0.0,0.0,0.0,0.0,0.0,0.0,0.0,0.0,0.0,0.0,0.0,0.0,0.0,0.0,0.0,0.0,0.0,0.0,0.0,0.0,0.0,0.0,0.0,0.0,0.0,0.0,0.0,0.0,0.0,0.0,0.0,0.0,0.0,6.94,5.35,5.41,0.0,14.44,5.62,4.15,4.76,0.0,12.47
BUF,WR3,100,M.Hollins,0.0,0.0,0.0,0.0,0.0,0.0,0.0,0.0,0.0,0.0,0.0,0.0,0.0,0.0,0.0,0.0,0.0,0.0,0.0,0.0,0.0,0.0,0.0,0.0,0.0,0.0,0.0,0.0,0.0,0.0,0.0,0.0,0.0,0.0,0.0,0.0,0.0,0.0,0.0,0.0,19.53,19.0,15.29,0.0,45.05,0.22,0.0,0.46,0.0,1.0,3.14,3.0,1.63,0.0,6.0,2.36,2.0,1.52,0.0,5.0,2.36,2.0,1.52,0.0,5.0,0.0,0.0,0.0,0.0,0.0,0.0,0.0,0.0,0.0,0.0,0.0,0.0,0.0,0.0,0.0,0.0,0.0,0.0,0.0,0.0,0.0,0.0,0.0,0.0,0.0,0.0,0.0,0.0,0.0,0.0,0.0,0.0,0.0,0.0,0.0,0.0,0.0,0.0,0.0,0.0,5.63,4.75,4.44,0.0,14.51,4.45,3.6,3.87,0.0,12.32
BUF,WR4,100,Curtis Samuel,0.0,0.0,0.0,0.0,0.0,0.0,0.0,0.0,0.0,0.0,0.0,0.0,0.0,0.0,0.0,0.0,0.0,0.0,0.0,0.0,0.0,0.0,0.0,0.0,0.0,0.26,0.0,0.46,0.0,1.0,1.43,0.0,3.76,0.0,7.05,0.0,0.0,0.0,0.0,0.0,19.06,13.0,19.73,0.0,54.5,0.11,0.0,0.31,0.0,1.0,2.96,3.0,1.64,1.0,5.05,2.25,2.0,1.45,0.0,5.0,2.51,2.0,1.48,0.95,5.0,0.0,0.0,0.0,0.0,0.0,0.0,0.0,0.0,0.0,0.0,0.0,0.0,0.0,0.0,0.0,0.0,0.0,0.0,0.0,0.0,0.0,0.0,0.0,0.0,0.0,0.0,0.0,0.0,0.0,0.0,0.0,0.0,0.0,0.0,0.0,0.0,0.0,0.0,0.0,0.0,4.99,3.6,4.24,0.29,13.3,3.83,2.55,3.55,0.29,10.61
BUF,WR5,100,A.Cooper,0.0,0.0,0.0,0.0,0.0,0.0,0.0,0.0,0.0,0.0,0.0,0.0,0.0,0.0,0.0,0.0,0.0,0.0,0.0,0.0,0.0,0.0,0.0,0.0,0.0,0.0,0.0,0.0,0.0,0.0,0.0,0.0,0.0,0.0,0.0,0.0,0.0,0.0,0.0,0.0,14.37,8.0,15.98,0.0,45.1,0.12,0.0,0.36,0.0,1.0,2.52,2.0,1.62,0.0,5.05,1.76,2.0,1.22,0.0,4.0,1.76,2.0,1.22,0.0,4.0,0.01,0.0,0.1,0.0,0.0,0.0,0.0,0.0,0.0,0.0,0.0,0.0,0.0,0.0,0.0,0.0,0.0,0.0,0.0,0.0,0.0,0.0,0.0,0.0,0.0,0.0,0.0,0.0,0.0,0.0,0.0,0.0,0.0,0.0,0.0,0.0,0.0,0.0,0.0,0.0,3.91,2.85,3.63,0.0,9.82,3.02,1.95,3.2,0.0,8.62
BUF,WR6,100,M.Valdes-Scantling,0.0,0.0,0.0,0.0,0.0,0.0,0.0,0.0,0.0,0.0,0.0,0.0,0.0,0.0,0.0,0.0,0.0,0.0,0.0,0.0,0.0,0.0,0.0,0.0,0.0,0.0,0.0,0.0,0.0,0.0,0.0,0.0,0.0,0.0,0.0,0.0,0.0,0.0,0.0,0.0,4.33,0.0,10.64,-0.05,24.25,0.06,0.0,0.24,0.0,1.0,0.6,0.0,0.68,0.0,2.0,0.44,0.0,0.59,0.0,1.05,0.44,0.0,0.59,0.0,1.05,0.02,0.0,0.14,0.0,0.0,0.0,0.0,0.0,0.0,0.0,0.0,0.0,0.0,0.0,0.0,0.0,0.0,0.0,0.0,0.0,0.0,0.0,0.0,0.0,0.0,0.0,0.0,0.0,0.0,0.0,0.0,0.0,0.0,0.0,0.0,0.0,0.0,0.0,0.0,0.0,1.21,0.0,2.56,0.0,7.24,0.97,0.0,2.37,0.0,6.74
BUF,WR7,100,Tyrell Shavers,0.0,0.0,0.0,0.0,0.0,0.0,0.0,0.0,0.0,0.0,0.0,0.0,0.0,0.0,0.0,0.0,0.0,0.0,0.0,0.0,0.0,0.0,0.0,0.0,0.0,0.0,0.0,0.0,0.0,0.0,0.0,0.0,0.0,0.0,0.0,0.0,0.0,0.0,0.0,0.0,0.44,0.0,2.14,0.0,0.05,0.0,0.0,0.0,0.0,0.0,0.07,0.0,0.26,0.0,1.0,0.05,0.0,0.22,0.0,0.05,0.05,0.0,0.22,0.0,0.05,0.0,0.0,0.0,0.0,0.0,0.0,0.0,0.0,0.0,0.0,0.0,0.0,0.0,0.0,0.0,0.0,0.0,0.0,0.0,0.0,0.0,0.0,0.0,0.0,0.0,0.0,0.0,0.0,0.0,0.0,0.0,0.0,0.0,0.0,0.0,0.0,0.0,0.0,0.0,0.0,0.09,0.0,0.42,0.0,0.05,0.07,0.0,0.32,0.0,0.03
KC,DST,100,Defense,0.0,0.0,0.0,0.0,0.0,0.0,0.0,0.0,0.0,0.0,0.0,0.0,0.0,0.0,0.0,0.0,0.0,0.0,0.0,0.0,0.0,0.0,0.0,0.0,0.0,0.0,0.0,0.0,0.0,0.0,0.0,0.0,0.0,0.0,0.0,0.0,0.0,0.0,0.0,0.0,0.0,0.0,0.0,0.0,0.0,0.0,0.0,0.0,0.0,0.0,0.0,0.0,0.0,0.0,0.0,0.0,0.0,0.0,0.0,0.0,0.0,0.0,0.0,0.0,0.0,0.0,0.0,0.0,0.0,0.0,0.0,0.0,0.0,0.0,0.0,0.0,0.0,0.0,0.0,0.0,1.78,2.0,1.35,0.0,4.0,0.66,0.0,0.81,0.0,2.0,0.14,0.0,0.35,0.0,1.0,0.12,0.0,0.38,0.0,1.0,22.52,21.0,8.61,10.0,38.0,4.41,4.0,4.55,-2.0,14.0,4.41,4.0,4.55,-2.0,14.0
KC,QB,100,Patrick Mahomes,37.33,37.0,5.85,27.95,47.05,28.49,28.0,5.56,20.0,37.1,280.67,277.0,66.78,179.4,382.75,2.48,2.0,1.52,0.95,5.05,0.54,0.0,0.7,0.0,2.0,2.17,2.0,1.39,0.0,4.05,8.94,7.0,9.5,0.0,27.1,0.06,0.0,0.24,0.0,1.0,0.0,0.0,0.0,0.0,0.0,0.0,0.0,0.0,0.0,0.0,0.0,0.0,0.0,0.0,0.0,0.0,0.0,0.0,0.0,0.0,2.17,2.0,1.39,0.0,4.05,0.08,0.0,0.27,0.0,1.0,0.02,0.0,0.14,0.0,0.0,1.98,2.0,1.4,0.0,5.0,0.0,0.0,0.0,0.0,0.0,0.0,0.0,0.0,0.0,0.0,0.0,0.0,0.0,0.0,0.0,0.0,0.0,0.0,0.0,0.0,0.0,0.0,0.0,0.0,0.0,22.86,21.79,8.87,9.92,36.79,21.16,20.29,8.39,8.92,34.89
KC,QB2,100,C.Wentz,0.0,0.0,0.0,0.0,0.0,0.0,0.0,0.0,0.0,0.0,0.0,0.0,0.0,0.0,0.0,0.0,0.0,0.0,0.0,0.0,0.0,0.0,0.0,0.0,0.0,0.05,0.0,0.22,0.0,0.05,0.25,0.0,1.23,0.0,0.05,0.01,0.0,0.1,0.0,0.0,0.0,0.0,0.0,0.0,0.0,0.0,0.0,0.0,0.0,0.0,0.0,0.0,0.0,0.0,0.0,0.0,0.0,0.0,0.0,0.0,0.05,0.0,0.22,0.0,0.05,0.0,0.0,0.0,0.0,0.0,0.0,0.0,0.0,0.0,0.0,0.0,0.0,0.0,0.0,0.0,0.0,0.0,0.0,0.0,0.0,0.0,0.0,0.0,0.0,0.0,0.0,0.0,0.0,0.0,0.0,0.0,0.0,0.0,0.0,0.0,0.0,0.0,0.0,0.0,0.0,0.08,0.0,0.68,0.0,0.0,0.08,0.0,0.68,0.0,0.0
KC,RB1,100,Kareem Hunt,0.0,0.0,0.0,0.0,0.0,0.0,0.0,0.0,0.0,0.0,0.0,0.0,0.0,0.0,0.0,0.0,0.0,0.0,0.0,0.0,0.0,0.0,0.0,0.0,0.0,9.94,10.0,3.35,4.0,15.05,44.28,40.0,24.1,11.0,87.0,0.32,0.0,0.55,0.0,1.0,13.62,8.0,15.36,-0.05,44.0,0.08,0.0,0.27,0.0,1.0,1.98,2.0,1.35,0.0,4.0,1.37,1.0,1.17,0.0,3.0,11.31,11.0,3.7,5.0,17.05,0.1,0.0,0.36,0.0,1.0,0.05,0.0,0.22,0.0,0.05,0.0,0.0,0.0,0.0,0.0,0.0,0.0,0.0,0.0,0.0,0.0,0.0,0.0,0.0,0.0,0.0,0.0,0.0,0.0,0.0,0.0,0.0,0.0,0.0,0.0,0.0,0.0,0.0,0.0,0.0,9.49,8.3,5.8,2.58,19.93,8.67,7.6,5.42,2.08,19.03
KC,RB2,100,Isiah Pacheco,0.0,0.0,0.0,0.0,0.0,0.0,0.0,0.0,0.0,0.0,0.0,0.0,0.0,0.0,0.0,0.0,0.0,0.0,0.0,0.0,0.0,0.0,0.0,0.0,0.0,3.97,4.0,1.89,1.0,7.0,16.59,14.5,15.16,-1.0,43.05,0.16,0.0,0.42,0.0,1.0,25.09,20.0,21.85,0.0,63.0,0.28,0.0,0.51,0.0,1.0,3.0,3.0,1.72,1.0,6.0,2.36,2.0,1.42,1.0,5.0,6.33,6.0,2.59,2.0,11.0,0.02,0.0,0.14,0.0,0.0,0.02,0.0,0.14,0.0,0.0,0.0,0.0,0.0,0.0,0.0,0.0,0.0,0.0,0.0,0.0,0.0,0.0,0.0,0.0,0.0,0.0,0.0,0.0,0.0,0.0,0.0,0.0,0.0,0.0,0.0,0.0,0.0,0.0,0.0,0.0,9.15,6.55,6.95,1.59,22.0,7.95,5.45,6.47,1.1,20.1
KC,RB3,100,Carson Steele,0.0,0.0,0.0,0.0,0.0,0.0,0.0,0.0,0.0,0.0,0.0,0.0,0.0,0.0,0.0,0.0,0.0,0.0,0.0,0.0,0.0,0.0,0.0,0.0,0.0,2.22,2.0,1.59,0.0,4.1,9.59,7.0,11.19,0.0,29.05,0.08,0.0,0.27,0.0,1.0,2.74,0.0,6.64,0.0,18.0,0.02,0.0,0.14,0.0,0.0,0.53,0.0,0.7,0.0,2.0,0.33,0.0,0.62,0.0,2.0,2.55,2.0,1.74,0.0,6.0,0.02,0.0,0.14,0.0,0.0,0.01,0.0,0.1,0.0,0.0,0.0,0.0,0.0,0.0,0.0,0.0,0.0,0.0,0.0,0.0,0.0,0.0,0.0,0.0,0.0,0.0,0.0,0.0,0.0,0.0,0.0,0.0,0.0,0.0,0.0,0.0,0.0,0.0,0.0,0.0,2.14,1.1,2.86,0.0,8.82,1.96,1.1,2.73,0.0,8.05
KC,RB4,100,Chris Oladokun,0.0,0.0,0.0,0.0,0.0,0.0,0.0,0.0,0.0,0.0,0.0,0.0,0.0,0.0,0.0,0.0,0.0,0.0,0.0,0.0,0.0,0.0,0.0,0.0,0.0,0.04,0.0,0.2,0.0,0.0,0.06,0.0,0.58,0.0,0.0,0.0,0.0,0.0,0.0,0.0,0.0,0.0,0.0,0.0,0.0,0.0,0.0,0.0,0.0,0.0,0.0,0.0,0.0,0.0,0.0,0.0,0.0,0.0,0.0,0.0,0.04,0.0,0.2,0.0,0.0,0.0,0.0,0.0,0.0,0.0,0.0,0.0,0.0,0.0,0.0,0.0,0.0,0.0,0.0,0.0,0.0,0.0,0.0,0.0,0.0,0.0,0.0,0.0,0.0,0.0,0.0,0.0,0.0,0.0,0.0,0.0,0.0,0.0,0.0,0.0,0.0,0.0,0.0,0.0,0.0,0.01,0.0,0.06,0.0,0.0,0.01,0.0,0.06,0.0,0.0
KC,RB6,100,Matt Araiza,0.0,0.0,0.0,0.0,0.0,0.0,0.0,0.0,0.0,0.0,0.0,0.0,0.0,0.0,0.0,0.0,0.0,0.0,0.0,0.0,0.0,0.0,0.0,0.0,0.0,0.03,0.0,0.17,0.0,0.0,0.1,0.0,0.76,0.0,0.0,0.0,0.0,0.0,0.0,0.0,0.0,0.0,0.0,0.0,0.0,0.0,0.0,0.0,0.0,0.0,0.0,0.0,0.0,0.0,0.0,0.0,0.0,0.0,0.0,0.0,0.03,0.0,0.17,0.0,0.0,0.0,0.0,0.0,0.0,0.0,0.0,0.0,0.0,0.0,0.0,0.0,0.0,0.0,0.0,0.0,0.0,0.0,0.0,0.0,0.0,0.0,0.0,0.0,0.0,0.0,0.0,0.0,0.0,0.0,0.0,0.0,0.0,0.0,0.0,0.0,0.0,0.0,0.0,0.0,0.0,0.01,0.0,0.08,0.0,0.0,0.01,0.0,0.08,0.0,0.0
KC,TE1,100,Travis Kelce,0.0,0.0,0.0,0.0,0.0,0.0,0.0,0.0,0.0,0.0,0.0,0.0,0.0,0.0,0.0,0.0,0.0,0.0,0.0,0.0,0.0,0.0,0.0,0.0,0.0,0.06,0.0,0.24,0.0,1.0,0.21,0.0,1.02,0.0,0.05,0.01,0.0,0.1,0.0,0.0,64.53,60.5,34.12,17.8,133.0,0.56,0.0,0.66,0.0,2.0,8.23,8.0,2.54,4.0,12.0,6.63,7.0,2.31,3.0,10.0,6.69,7.0,2.33,3.0,10.0,0.01,0.0,0.1,0.0,0.0,0.0,0.0,0.0,0.0,0.0,0.0,0.0,0.0,0.0,0.0,0.0,0.0,0.0,0.0,0.0,0.0,0.0,0.0,0.0,0.0,0.0,0.0,0.0,0.0,0.0,0.0,0.0,0.0,0.0,0.0,0.0,0.0,0.0,0.0,0.0,16.99,16.2,8.06,6.18,30.31,13.19,12.9,6.49,4.19,24.5
KC,TE2,100,Noah Gray,0.0,0.0,0.0,0.0,0.0,0.0,0.0,0.0,0.0,0.0,0.0,0.0,0.0,0.0,0.0,0.0,0.0,0.0,0.0,0.0,0.0,0.0,0.0,0.0,0.0,0.05,0.0,0.22,0.0,0.05,0.13,0.0,0.68,0.0,0.0,0.0,0.0,0.0,0.0,0.0,21.06,18.0,18.71,0.0,58.05,0.24,0.0,0.45,0.0,1.0,2.71,2.5,1.82,0.0,6.0,2.12,2.0,1.61,0.0,5.0,2.17,2.0,1.61,0.0,5.0,0.04,0.0,0.2,0.0,0.0,0.02,0.0,0.14,0.0,0.0,0.0,0.0,0.0,0.0,0.0,0.0,0.0,0.0,0.0,0.0,0.0,0.0,0.0,0.0,0.0,0.0,0.0,0.0,0.0,0.0,0.0,0.0,0.0,0.0,0.0,0.0,0.0,0.0,0.0,0.0,5.64,4.45,5.1,0.0,15.41,4.54,3.25,4.46,0.0,13.11
KC,TE3,100,P.Hendershot,0.0,0.0,0.0,0.0,0.0,0.0,0.0,0.0,0.0,0.0,0.0,0.0,0.0,0.0,0.0,0.0,0.0,0.0,0.0,0.0,0.0,0.0,0.0,0.0,0.0,0.0,0.0,0.0,0.0,0.0,0.0,0.0,0.0,0.0,0.0,0.0,0.0,0.0,0.0,0.0,1.58,0.0,5.62,0.0,13.05,0.0,0.0,0.0,0.0,0.0,0.17,0.0,0.38,0.0,1.0,0.14,0.0,0.35,0.0,1.0,0.14,0.0,0.35,0.0,1.0,0.0,0.0,0.0,0.0,0.0,0.0,0.0,0.0,0.0,0.0,0.0,0.0,0.0,0.0,0.0,0.0,0.0,0.0,0.0,0.0,0.0,0.0,0.0,0.0,0.0,0.0,0.0,0.0,0.0,0.0,0.0,0.0,0.0,0.0,0.0,0.0,0.0,0.0,0.0,0.0,0.3,0.0,0.84,0.0,2.3,0.23,0.0,0.7,0.0,1.8
KC,TE4,100,J.Fortson,0.0,0.0,0.0,0.0,0.0,0.0,0.0,0.0,0.0,0.0,0.0,0.0,0.0,0.0,0.0,0.0,0.0,0.0,0.0,0.0,0.0,0.0,0.0,0.0,0.0,0.0,0.0,0.0,0.0,0.0,0.0,0.0,0.0,0.0,0.0,0.0,0.0,0.0,0.0,0.0,2.02,0.0,6.63,0.0,11.05,0.03,0.0,0.17,0.0,0.0,0.25,0.0,0.52,0.0,1.0,0.22,0.0,0.5,0.0,1.0,0.22,0.0,0.5,0.0,1.0,0.0,0.0,0.0,0.0,0.0,0.0,0.0,0.0,0.0,0.0,0.0,0.0,0.0,0.0,0.0,0.0,0.0,0.0,0.0,0.0,0.0,0.0,0.0,0.0,0.0,0.0,0.0,0.0,0.0,0.0,0.0,0.0,0.0,0.0,0.0,0.0,0.0,0.0,0.0,0.0,0.6,0.0,1.61,0.0,3.51,0.49,0.0,1.41,0.0,2.71
KC,TE5,100,Wanya Morris,0.0,0.0,0.0,0.0,0.0,0.0,0.0,0.0,0.0,0.0,0.0,0.0,0.0,0.0,0.0,0.0,0.0,0.0,0.0,0.0,0.0,0.0,0.0,0.0,0.0,0.0,0.0,0.0,0.0,0.0,0.0,0.0,0.0,0.0,0.0,0.0,0.0,0.0,0.0,0.0,0.33,0.0,2.32,0.0,0.0,0.0,0.0,0.0,0.0,0.0,0.05,0.0,0.22,0.0,0.05,0.03,0.0,0.17,0.0,0.0,0.03,0.0,0.17,0.0,0.0,0.0,0.0,0.0,0.0,0.0,0.0,0.0,0.0,0.0,0.0,0.0,0.0,0.0,0.0,0.0,0.0,0.0,0.0,0.0,0.0,0.0,0.0,0.0,0.0,0.0,0.0,0.0,0.0,0.0,0.0,0.0,0.0,0.0,0.0,0.0,0.0,0.0,0.0,0.0,0.0,0.06,0.0,0.38,0.0,0.0,0.05,0.0,0.31,0.0,0.0
KC,TE6,100,Jared Wiley,0.0,0.0,0.0,0.0,0.0,0.0,0.0,0.0,0.0,0.0,0.0,0.0,0.0,0.0,0.0,0.0,0.0,0.0,0.0,0.0,0.0,0.0,0.0,0.0,0.0,0.0,0.0,0.0,0.0,0.0,0.0,0.0,0.0,0.0,0.0,0.0,0.0,0.0,0.0,0.0,0.05,0.0,0.5,0.0,0.0,0.0,0.0,0.0,0.0,0.0,0.02,0.0,0.14,0.0,0.0,0.01,0.0,0.1,0.0,0.0,0.01,0.0,0.1,0.0,0.0,0.0,0.0,0.0,0.0,0.0,0.0,0.0,0.0,0.0,0.0,0.0,0.0,0.0,0.0,0.0,0.0,0.0,0.0,0.0,0.0,0.0,0.0,0.0,0.0,0.0,0.0,0.0,0.0,0.0,0.0,0.0,0.0,0.0,0.0,0.0,0.0,0.0,0.0,0.0,0.0,0.02,0.0,0.15,0.0,0.0,0.01,0.0,0.1,0.0,0.0
KC,WR1,100,Xavier Worthy,0.0,0.0,0.0,0.0,0.0,0.0,0.0,0.0,0.0,0.0,0.0,0.0,0.0,0.0,0.0,0.0,0.0,0.0,0.0,0.0,0.0,0.0,0.0,0.0,0.0,1.03,1.0,1.11,0.0,3.0,4.22,1.0,6.3,-0.05,16.1,0.05,0.0,0.26,0.0,0.0,52.88,49.5,28.79,10.9,95.05,0.38,0.0,0.65,0.0,2.0,6.71,6.5,2.42,3.0,11.0,5.23,5.0,2.15,2.0,9.0,6.26,6.0,2.66,2.0,11.05,0.06,0.0,0.24,0.0,1.0,0.04,0.0,0.2,0.0,0.0,0.0,0.0,0.0,0.0,0.0,0.0,0.0,0.0,0.0,0.0,0.0,0.0,0.0,0.0,0.0,0.0,0.0,0.0,0.0,0.0,0.0,0.0,0.0,0.0,0.0,0.0,0.0,0.0,0.0,0.0,13.55,12.7,6.95,3.78,27.5,10.78,10.2,6.17,2.4,20.4
KC,WR10,100,S.Moore,0.0,0.0,0.0,0.0,0.0,0.0,0.0,0.0,0.0,0.0,0.0,0.0,0.0,0.0,0.0,0.0,0.0,0.0,0.0,0.0,0.0,0.0,0.0,0.0,0.0,0.0,0.0,0.0,0.0,0.0,0.0,0.0,0.0,0.0,0.0,0.0,0.0,0.0,0.0,0.0,2.16,0.0,8.35,0.0,10.05,0.01,0.0,0.1,0.0,0.0,0.2,0.0,0.53,0.0,1.0,0.16,0.0,0.44,0.0,1.0,0.16,0.0,0.44,0.0,1.0,0.0,0.0,0.0,0.0,0.0,0.0,0.0,0.0,0.0,0.0,0.0,0.0,0.0,0.0,0.0,0.0,0.0,0.0,0.0,0.0,0.0,0.0,0.0,0.0,0.0,0.0,0.0,0.0,0.0,0.0,0.0,0.0,0.0,0.0,0.0,0.0,0.0,0.0,0.0,0.0,0.44,0.0,1.38,0.0,2.21,0.36,0.0,1.21,0.0,1.71
KC,WR11,100,J.Ross,0.0,0.0,0.0,0.0,0.0,0.0,0.0,0.0,0.0,0.0,0.0,0.0,0.0,0.0,0.0,0.0,0.0,0.0,0.0,0.0,0.0,0.0,0.0,0.0,0.0,0.0,0.0,0.0,0.0,0.0,0.0,0.0,0.0,0.0,0.0,0.0,0.0,0.0,0.0,0.0,0.19,0.0,1.8,0.0,0.0,0.0,0.0,0.0,0.0,0.0,0.04,0.0,0.2,0.0,0.0,0.02,0.0,0.14,0.0,0.0,0.02,0.0,0.14,0.0,0.0,0.0,0.0,0.0,0.0,0.0,0.0,0.0,0.0,0.0,0.0,0.0,0.0,0.0,0.0,0.0,0.0,0.0,0.0,0.0,0.0,0.0,0.0,0.0,0.0,0.0,0.0,0.0,0.0,0.0,0.0,0.0,0.0,0.0,0.0,0.0,0.0,0.0,0.0,0.0,0.0,0.04,0.0,0.3,0.0,0.0,0.03,0.0,0.24,0.0,0.0
KC,WR12,100,Mike Caliendo,0.0,0.0,0.0,0.0,0.0,0.0,0.0,0.0,0.0,0.0,0.0,0.0,0.0,0.0,0.0,0.0,0.0,0.0,0.0,0.0,0.0,0.0,0.0,0.0,0.0,0.0,0.0,0.0,0.0,0.0,0.0,0.0,0.0,0.0,0.0,0.0,0.0,0.0,0.0,0.0,0.04,0.0,0.4,0.0,0.0,0.0,0.0,0.0,0.0,0.0,0.03,0.0,0.17,0.0,0.0,0.01,0.0,0.1,0.0,0.0,0.01,0.0,0.1,0.0,0.0,0.0,0.0,0.0,0.0,0.0,0.0,0.0,0.0,0.0,0.0,0.0,0.0,0.0,0.0,0.0,0.0,0.0,0.0,0.0,0.0,0.0,0.0,0.0,0.0,0.0,0.0,0.0,0.0,0.0,0.0,0.0,0.0,0.0,0.0,0.0,0.0,0.0,0.0,0.0,0.0,0.01,0.0,0.14,0.0,0.0,0.01,0.0,0.09,0.0,0.0
KC,WR13,100,B.Cupp,0.0,0.0,0.0,0.0,0.0,0.0,0.0,0.0,0.0,0.0,0.0,0.0,0.0,0.0,0.0,0.0,0.0,0.0,0.0,0.0,0.0,0.0,0.0,0.0,0.0,0.0,0.0,0.0,0.0,0.0,0.0,0.0,0.0,0.0,0.0,0.0,0.0,0.0,0.0,0.0,0.94,0.0,3.82,0.0,7.05,0.0,0.0,0.0,0.0,0.0,0.08,0.0,0.27,0.0,1.0,0.08,0.0,0.27,0.0,1.0,0.08,0.0,0.27,0.0,1.0,0.0,0.0,0.0,0.0,0.0,0.0,0.0,0.0,0.0,0.0,0.0,0.0,0.0,0.0,0.0,0.0,0.0,0.0,0.0,0.0,0.0,0.0,0.0,0.0,0.0,0.0,0.0,0.0,0.0,0.0,0.0,0.0,0.0,0.0,0.0,0.0,0.0,0.0,0.0,0.0,0.17,0.0,0.63,0.0,1.7,0.13,0.0,0.5,0.0,1.2
KC,WR2,100,D.Hopkins,0.0,0.0,0.0,0.0,0.0,0.0,0.0,0.0,0.0,0.0,0.0,0.0,0.0,0.0,0.0,0.0,0.0,0.0,0.0,0.0,0.0,0.0,0.0,0.0,0.0,0.0,0.0,0.0,0.0,0.0,0.0,0.0,0.0,0.0,0.0,0.0,0.0,0.0,0.0,0.0,27.64,21.0,23.94,0.0,77.3,0.28,0.0,0.57,0.0,1.0,3.52,3.0,1.87,1.0,6.0,2.67,3.0,1.68,0.0,5.05,2.67,3.0,1.68,0.0,5.05,0.01,0.0,0.1,0.0,0.0,0.0,0.0,0.0,0.0,0.0,0.0,0.0,0.0,0.0,0.0,0.0,0.0,0.0,0.0,0.0,0.0,0.0,0.0,0.0,0.0,0.0,0.0,0.0,0.0,0.0,0.0,0.0,0.0,0.0,0.0,0.0,0.0,0.0,0.0,0.0,7.13,5.7,5.89,0.0,19.41,5.76,4.25,5.18,0.0,16.91
KC,WR3,100,S.Perine,0.0,0.0,0.0,0.0,0.0,0.0,0.0,0.0,0.0,0.0,0.0,0.0,0.0,0.0,0.0,0.0,0.0,0.0,0.0,0.0,0.0,0.0,0.0,0.0,0.0,0.84,1.0,1.01,0.0,3.0,4.37,0.0,7.39,-0.05,22.05,0.01,0.0,0.1,0.0,0.0,12.61,11.5,12.39,0.0,38.05,0.09,0.0,0.29,0.0,1.0,1.91,2.0,1.47,0.0,5.0,1.42,1.0,1.12,0.0,3.0,2.26,2.0,1.47,0.0,5.0,0.03,0.0,0.17,0.0,0.0,0.01,0.0,0.1,0.0,0.0,0.0,0.0,0.0,0.0,0.0,0.0,0.0,0.0,0.0,0.0,0.0,0.0,0.0,0.0,0.0,0.0,0.0,0.0,0.0,0.0,0.0,0.0,0.0,0.0,0.0,0.0,0.0,0.0,0.0,0.0,3.69,3.0,3.11,0.0,10.01,2.95,2.35,2.75,0.0,9.01
KC,WR4,100,Ju.Watson,0.0,0.0,0.0,0.0,0.0,0.0,0.0,0.0,0.0,0.0,0.0,0.0,0.0,0.0,0.0,0.0,0.0,0.0,0.0,0.0,0.0,0.0,0.0,0.0,0.0,0.0,0.0,0.0,0.0,0.0,0.0,0.0,0.0,0.0,0.0,0.0,0.0,0.0,0.0,0.0,12.15,9.0,13.28,0.0,37.05,0.11,0.0,0.31,0.0,1.0,1.78,2.0,1.15,0.0,4.0,1.32,1.0,1.02,0.0,3.0,1.32,1.0,1.02,0.0,3.0,0.0,0.0,0.0,0.0,0.0,0.0,0.0,0.0,0.0,0.0,0.0,0.0,0.0,0.0,0.0,0.0,0.0,0.0,0.0,0.0,0.0,0.0,0.0,0.0,0.0,0.0,0.0,0.0,0.0,0.0,0.0,0.0,0.0,0.0,0.0,0.0,0.0,0.0,0.0,0.0,3.2,2.2,3.18,0.0,9.92,2.54,1.6,2.8,0.0,8.16
KC,WR5,100,JuJu Smith-Schuster,0.0,0.0,0.0,0.0,0.0,0.0,0.0,0.0,0.0,0.0,0.0,0.0,0.0,0.0,0.0,0.0,0.0,0.0,0.0,0.0,0.0,0.0,0.0,0.0,0.0,0.0,0.0,0.0,0.0,0.0,0.0,0.0,0.0,0.0,0.0,0.0,0.0,0.0,0.0,0.0,10.3,5.5,13.34,0.0,40.05,0.08,0.0,0.31,0.0,1.0,1.65,1.0,1.33,0.0,4.0,1.22,1.0,1.13,0.0,3.0,1.22,1.0,1.13,0.0,3.0,0.0,0.0,0.0,0.0,0.0,0.0,0.0,0.0,0.0,0.0,0.0,0.0,0.0,0.0,0.0,0.0,0.0,0.0,0.0,0.0,0.0,0.0,0.0,0.0,0.0,0.0,0.0,0.0,0.0,0.0,0.0,0.0,0.0,0.0,0.0,0.0,0.0,0.0,0.0,0.0,2.73,1.9,3.21,0.0,9.4,2.12,1.4,2.78,0.0,7.62
KC,WR6,100,Rashee Rice,0.0,0.0,0.0,0.0,0.0,0.0,0.0,0.0,0.0,0.0,0.0,0.0,0.0,0.0,0.0,0.0,0.0,0.0,0.0,0.0,0.0,0.0,0.0,0.0,0.0,0.04,0.0,0.2,0.0,0.0,0.21,0.0,1.25,0.0,0.0,0.0,0.0,0.0,0.0,0.0,14.98,8.0,19.61,-0.1,61.0,0.13,0.0,0.37,0.0,1.0,1.56,1.0,1.14,0.0,3.0,1.28,1.0,1.05,0.0,3.0,1.32,1.0,1.06,0.0,3.0,0.01,0.0,0.1,0.0,0.0,0.0,0.0,0.0,0.0,0.0,0.0,0.0,0.0,0.0,0.0,0.0,0.0,0.0,0.0,0.0,0.0,0.0,0.0,0.0,0.0,0.0,0.0,0.0,0.0,0.0,0.0,0.0,0.0,0.0,0.0,0.0,0.0,0.0,0.0,0.0,3.57,2.35,3.71,0.0,10.5,2.92,1.7,3.37,0.0,9.32
KC,WR7,100,Marquise Brown,0.0,0.0,0.0,0.0,0.0,0.0,0.0,0.0,0.0,0.0,0.0,0.0,0.0,0.0,0.0,0.0,0.0,0.0,0.0,0.0,0.0,0.0,0.0,0.0,0.0,0.0,0.0,0.0,0.0,0.0,0.0,0.0,0.0,0.0,0.0,0.0,0.0,0.0,0.0,0.0,9.39,5.0,13.61,0.0,31.65,0.13,0.0,0.39,0.0,1.0,1.49,1.0,1.32,0.0,3.05,1.08,1.0,1.21,0.0,3.0,1.08,1.0,1.21,0.0,3.0,0.0,0.0,0.0,0.0,0.0,0.0,0.0,0.0,0.0,0.0,0.0,0.0,0.0,0.0,0.0,0.0,0.0,0.0,0.0,0.0,0.0,0.0,0.0,0.0,0.0,0.0,0.0,0.0,0.0,0.0,0.0,0.0,0.0,0.0,0.0,0.0,0.0,0.0,0.0,0.0,2.8,1.7,4.11,0.0,11.93,2.26,1.2,3.6,0.0,10.4
KC,WR8,100,M.Hardman,0.0,0.0,0.0,0.0,0.0,0.0,0.0,0.0,0.0,0.0,0.0,0.0,0.0,0.0,0.0,0.0,0.0,0.0,0.0,0.0,0.0,0.0,0.0,0.0,0.0,0.27,0.0,0.51,0.0,1.0,1.07,0.0,2.59,0.0,6.05,0.0,0.0,0.0,0.0,0.0,4.44,0.0,9.16,0.0,23.35,0.03,0.0,0.17,0.0,0.0,0.76,1.0,0.87,0.0,2.0,0.56,0.0,0.8,0.0,2.0,0.83,1.0,0.93,0.0,3.0,0.0,0.0,0.0,0.0,0.0,0.0,0.0,0.0,0.0,0.0,0.0,0.0,0.0,0.0,0.0,0.0,0.0,0.0,0.0,0.0,0.0,0.0,0.0,0.0,0.0,0.0,0.0,0.0,0.0,0.0,0.0,0.0,0.0,0.0,0.0,0.0,0.0,0.0,0.0,0.0,1.29,0.4,1.94,0.0,4.69,1.01,0.4,1.66,0.0,4.17
KC,WR9,100,Nikko Remigio,0.0,0.0,0.0,0.0,0.0,0.0,0.0,0.0,0.0,0.0,0.0,0.0,0.0,0.0,0.0,0.0,0.0,0.0,0.0,0.0,0.0,0.0,0.0,0.0,0.0,0.0,0.0,0.0,0.0,0.0,0.0,0.0,0.0,0.0,0.0,0.0,0.0,0.0,0.0,0.0,1.93,0.0,5.2,0.0,15.05,0.03,0.0,0.17,0.0,0.0,0.31,0.0,0.54,0.0,1.0,0.23,0.0,0.47,0.0,1.0,0.23,0.0,0.47,0.0,1.0,0.0,0.0,0.0,0.0,0.0,0.0,0.0,0.0,0.0,0.0,0.0,0.0,0.0,0.0,0.0,0.0,0.0,0.0,0.0,0.0,0.0,0.0,0.0,0.0,0.0,0.0,0.0,0.0,0.0,0.0,0.0,0.0,0.0,0.0,0.0,0.0,0.0,0.0,0.0,0.0,0.6,0.0,1.69,0.0,2.66,0.49,0.0,1.53,0.0,2.13
