name,team,pos,salary,dk_id,snapshot_ts
omarion hampton,LAC,RB,6800,44220317,2026-09-22T17:18:22.183877+00:00
ladd mcconkey,LAC,WR,5900,44220645,2026-09-22T17:18:22.183877+00:00
justin herbert,LAC,QB,5800,44220227,2026-09-22T17:18:22.183877+00:00
quentin johnston,LAC,WR,4900,44220675,2026-09-22T17:18:22.183877+00:00
keaton mitchell,LAC,RB,4300,44220395,2026-09-22T17:18:22.183877+00:00
trey lance,LAC,QB,4000,44220290,2026-09-22T17:18:22.183877+00:00
dj uiagalelei,LAC,QB,4000,44220291,2026-09-22T17:18:22.183877+00:00
kimani vidal,LAC,RB,4000,44220423,2026-09-22T17:18:22.183877+00:00
scott matlock,LAC,RB,4000,44220575,2026-09-22T17:18:22.183877+00:00
amar johnson,LAC,RB,4000,44220577,2026-09-22T17:18:22.183877+00:00
alec ingold,LAC,RB,4000,44220579,2026-09-22T17:18:22.183877+00:00
gregory desrosiers,LAC,RB,4000,44220581,2026-09-22T17:18:22.183877+00:00
tre' harris,LAC,WR,3900,44220731,2026-09-22T17:18:22.183877+00:00
oronde gadsden,LAC,TE,3500,44221137,2026-09-22T17:18:22.183877+00:00
brenen thompson,LAC,WR,3000,44220815,2026-09-22T17:18:22.183877+00:00
keandre lambert-smith,LAC,WR,3000,44220817,2026-09-22T17:18:22.183877+00:00
derius davis,LAC,WR,3000,44221047,2026-09-22T17:18:22.183877+00:00
gary jennings,LAC,WR,3000,44221049,2026-09-22T17:18:22.183877+00:00
theo wease,LAC,WR,3000,44221051,2026-09-22T17:18:22.183877+00:00
marquez valdes-scantling,LAC,WR,3000,44221053,2026-09-22T17:18:22.183877+00:00
david njoku,LAC,TE,2700,44221169,2026-09-22T17:18:22.183877+00:00
charlie kolar,LAC,TE,2500,44221193,2026-09-22T17:18:22.183877+00:00
evan svoboda,LAC,TE,2500,44221351,2026-09-22T17:18:22.183877+00:00
patrick herbert,LAC,TE,2500,44221353,2026-09-22T17:18:22.183877+00:00
Chargers,LAC,DST,2200,44221421,2026-09-22T17:18:22.183877+00:00
josh allen,BUF,QB,8000,44220217,2026-09-22T17:18:22.183877+00:00
james cook,BUF,RB,6900,44220315,2026-09-22T17:18:22.183877+00:00
dj moore,BUF,WR,5800,44220647,2026-09-22T17:18:22.183877+00:00
dalton kincaid,BUF,TE,5500,44221109,2026-09-22T17:18:22.183877+00:00
khalil shakir,BUF,WR,4800,44220679,2026-09-22T17:18:22.183877+00:00
ray davis,BUF,RB,4400,44220387,2026-09-22T17:18:22.183877+00:00
keon coleman,BUF,WR,4300,44220709,2026-09-22T17:18:22.183877+00:00
kyle allen,BUF,QB,4000,44220292,2026-09-22T17:18:22.183877+00:00
shane buechele,BUF,QB,4000,44220293,2026-09-22T17:18:22.183877+00:00
ty johnson,BUF,RB,4000,44220417,2026-09-22T17:18:22.183877+00:00
frank gore,BUF,RB,4000,44220583,2026-09-22T17:18:22.183877+00:00
brock lampe,BUF,RB,4000,44220585,2026-09-22T17:18:22.183877+00:00
joshua palmer,BUF,WR,3500,44220757,2026-09-22T17:18:22.183877+00:00
skyler bell,BUF,WR,3000,44221055,2026-09-22T17:18:22.183877+00:00
tyrell shavers,BUF,WR,3000,44221057,2026-09-22T17:18:22.183877+00:00
stephen gosnell,BUF,WR,3000,44221059,2026-09-22T17:18:22.183877+00:00
greg dortch,BUF,WR,3000,44221061,2026-09-22T17:18:22.183877+00:00
ja'mori maclin,BUF,WR,3000,44221063,2026-09-22T17:18:22.183877+00:00
trent sherfield,BUF,WR,3000,44221065,2026-09-22T17:18:22.183877+00:00
dawson knox,BUF,TE,2800,44221165,2026-09-22T17:18:22.183877+00:00
jackson hawes,BUF,TE,2500,44221355,2026-09-22T17:18:22.183877+00:00
keleki latu,BUF,TE,2500,44221357,2026-09-22T17:18:22.183877+00:00
Bills,BUF,DST,2800,44221409,2026-09-22T17:18:22.183877+00:00
chuba hubbard,CAR,RB,6100,44220331,2026-09-22T17:18:22.183877+00:00
tetairoa mcmillan,CAR,WR,6000,44220643,2026-09-22T17:18:22.183877+00:00
bryce young,CAR,QB,5600,44220229,2026-09-22T17:18:22.183877+00:00
jalen coker,CAR,WR,5500,44220655,2026-09-22T17:18:22.183877+00:00
jonathon brooks,CAR,RB,4600,44220377,2026-09-22T17:18:22.183877+00:00
kenny pickett,CAR,QB,4000,44220269,2026-09-22T17:18:22.183877+00:00
haynes king,CAR,QB,4000,44220270,2026-09-22T17:18:22.183877+00:00
aj dillon,CAR,RB,4000,44220503,2026-09-22T17:18:22.183877+00:00
trevor etienne,CAR,RB,4000,44220505,2026-09-22T17:18:22.183877+00:00
anthony tyus,CAR,RB,4000,44220507,2026-09-22T17:18:22.183877+00:00
ahmani marshall,CAR,RB,4000,44220509,2026-09-22T17:18:22.183877+00:00
xavier legette,CAR,WR,3500,44220755,2026-09-22T17:18:22.183877+00:00
darren waller,CAR,TE,3400,44221143,2026-09-22T17:18:22.183877+00:00
brycen tremayne,CAR,WR,3000,44220939,2026-09-22T17:18:22.183877+00:00
john metchie,CAR,WR,3000,44220941,2026-09-22T17:18:22.183877+00:00
chris brazzell,CAR,WR,3000,44220943,2026-09-22T17:18:22.183877+00:00
ej williams,CAR,WR,3000,44220945,2026-09-22T17:18:22.183877+00:00
ja'seem reed,CAR,WR,3000,44220947,2026-09-22T17:18:22.183877+00:00
casey washington,CAR,WR,3000,44220949,2026-09-22T17:18:22.183877+00:00
david moore,CAR,WR,3000,44220951,2026-09-22T17:18:22.183877+00:00
tommy tremble,CAR,TE,2500,44221185,2026-09-22T17:18:22.183877+00:00
mitchell evans,CAR,TE,2500,44221279,2026-09-22T17:18:22.183877+00:00
feleipe franks,CAR,TE,2500,44221281,2026-09-22T17:18:22.183877+00:00
ja'tavion sanders,CAR,TE,2500,44221283,2026-09-22T17:18:22.183877+00:00
Panthers,CAR,DST,3000,44221406,2026-09-22T17:18:22.183877+00:00
quinshon judkins,CLE,RB,5500,44220345,2026-09-22T17:18:22.183877+00:00
deshaun watson,CLE,QB,4700,44220243,2026-09-22T17:18:22.183877+00:00
raheim sanders,CLE,RB,4500,44220381,2026-09-22T17:18:22.183877+00:00
denzel boston,CLE,WR,4500,44220693,2026-09-22T17:18:22.183877+00:00
kc concepcion,CLE,WR,4300,44220705,2026-09-22T17:18:22.183877+00:00
shedeur sanders,CLE,QB,4200,44220249,2026-09-22T17:18:22.183877+00:00
taylen green,CLE,QB,4000,44220271,2026-09-22T17:18:22.183877+00:00
dillon gabriel,CLE,QB,4000,44220272,2026-09-22T17:18:22.183877+00:00
dylan sampson,CLE,RB,4000,44220427,2026-09-22T17:18:22.183877+00:00
jaleel mclaughlin,CLE,RB,4000,44220511,2026-09-22T17:18:22.183877+00:00
michael burton,CLE,RB,4000,44220513,2026-09-22T17:18:22.183877+00:00
eric gray,CLE,RB,4000,44220515,2026-09-22T17:18:22.183877+00:00
harold fannin,CLE,TE,4000,44221127,2026-09-22T17:18:22.183877+00:00
jerry jeudy,CLE,WR,3800,44220737,2026-09-22T17:18:22.183877+00:00
isaiah bond,CLE,WR,3000,44220953,2026-09-22T17:18:22.183877+00:00
tylan wallace,CLE,WR,3000,44220955,2026-09-22T17:18:22.183877+00:00
malachi corley,CLE,WR,3000,44220957,2026-09-22T17:18:22.183877+00:00
bub means,CLE,WR,3000,44220959,2026-09-22T17:18:22.183877+00:00
jimmy horn,CLE,WR,3000,44220961,2026-09-22T17:18:22.183877+00:00
blake whiteheart,CLE,TE,2500,44221285,2026-09-22T17:18:22.183877+00:00
carsen ryan,CLE,TE,2500,44221287,2026-09-22T17:18:22.183877+00:00
joe royer,CLE,TE,2500,44221289,2026-09-22T17:18:22.183877+00:00
messiah swinson,CLE,TE,2500,44221291,2026-09-22T17:18:22.183877+00:00
Browns,CLE,DST,2500,44221416,2026-09-22T17:18:22.183877+00:00
breece hall,NYJ,RB,6400,44220325,2026-09-22T17:18:22.183877+00:00
garrett wilson,NYJ,WR,6300,44220635,2026-09-22T17:18:22.183877+00:00
geno smith,NYJ,QB,4900,44220240,2026-09-22T17:18:22.183877+00:00
braelon allen,NYJ,RB,4400,44220389,2026-09-22T17:18:22.183877+00:00
adonai mitchell,NYJ,WR,4300,44220707,2026-09-22T17:18:22.183877+00:00
cade klubnik,NYJ,QB,4000,44220278,2026-09-22T17:18:22.183877+00:00
bailey zappe,NYJ,QB,4000,44220279,2026-09-22T17:18:22.183877+00:00
isaiah davis,NYJ,RB,4000,44220531,2026-09-22T17:18:22.183877+00:00
kene nwangwu,NYJ,RB,4000,44220533,2026-09-22T17:18:22.183877+00:00
andrew beck,NYJ,RB,4000,44220535,2026-09-22T17:18:22.183877+00:00
chip trayanum,NYJ,RB,4000,44220537,2026-09-22T17:18:22.183877+00:00
al-jay henderson,NYJ,RB,4000,44220539,2026-09-22T17:18:22.183877+00:00
kenyon sadiq,NYJ,TE,3500,44221139,2026-09-22T17:18:22.183877+00:00
isaiah williams,NYJ,WR,3300,44220781,2026-09-22T17:18:22.183877+00:00
omar cooper,NYJ,WR,3000,44220809,2026-09-22T17:18:22.183877+00:00
arian smith,NYJ,WR,3000,44220983,2026-09-22T17:18:22.183877+00:00
tim patrick,NYJ,WR,3000,44220985,2026-09-22T17:18:22.183877+00:00
malik mcclain,NYJ,WR,3000,44220987,2026-09-22T17:18:22.183877+00:00
jamaal pritchett,NYJ,WR,3000,44220989,2026-09-22T17:18:22.183877+00:00
sterling shepard,NYJ,WR,3000,44220991,2026-09-22T17:18:22.183877+00:00
tyler johnson,NYJ,WR,3000,44220993,2026-09-22T17:18:22.183877+00:00
mason taylor,NYJ,TE,2500,44221187,2026-09-22T17:18:22.183877+00:00
jeremy ruckert,NYJ,TE,2500,44221305,2026-09-22T17:18:22.183877+00:00
jelani woods,NYJ,TE,2500,44221307,2026-09-22T17:18:22.183877+00:00
Jets,NYJ,DST,2100,44221422,2026-09-22T17:18:22.183877+00:00
jahmyr gibbs,DET,RB,8800,44220303,2026-09-22T17:18:22.183877+00:00
amon-ra st brown,DET,WR,7900,44220615,2026-09-22T17:18:22.183877+00:00
jared goff,DET,QB,6300,44220222,2026-09-22T17:18:22.183877+00:00
jameson williams,DET,WR,5400,44220657,2026-09-22T17:18:22.183877+00:00
sione vaki,DET,RB,4300,44220399,2026-09-22T17:18:22.183877+00:00
sam laporta,DET,TE,4300,44221121,2026-09-22T17:18:22.183877+00:00
joshua dobbs,DET,QB,4000,44220280,2026-09-22T17:18:22.183877+00:00
luke altmyer,DET,QB,4000,44220281,2026-09-22T17:18:22.183877+00:00
jacob saylors,DET,RB,4000,44220541,2026-09-22T17:18:22.183877+00:00
isiah pacheco,DET,RB,4000,44220543,2026-09-22T17:18:22.183877+00:00
jabari small,DET,RB,4000,44220545,2026-09-22T17:18:22.183877+00:00
isaac teslaa,DET,WR,3400,44220765,2026-09-22T17:18:22.183877+00:00
tom kennedy,DET,WR,3000,44220995,2026-09-22T17:18:22.183877+00:00
tay martin,DET,WR,3000,44220997,2026-09-22T17:18:22.183877+00:00
kendrick law,DET,WR,3000,44220999,2026-09-22T17:18:22.183877+00:00
lucky jackson,DET,WR,3000,44221001,2026-09-22T17:18:22.183877+00:00
dominic lovett,DET,WR,3000,44221003,2026-09-22T17:18:22.183877+00:00
brock wright,DET,TE,2500,44221183,2026-09-22T17:18:22.183877+00:00
tyler conklin,DET,TE,2500,44221309,2026-09-22T17:18:22.183877+00:00
jackson meeks,DET,TE,2500,44221311,2026-09-22T17:18:22.183877+00:00
thomas gordon,DET,TE,2500,44221313,2026-09-22T17:18:22.183877+00:00
Lions,DET,DST,3500,44221401,2026-09-22T17:18:22.183877+00:00
nico collins,HOU,WR,7000,44220623,2026-09-22T17:18:22.183877+00:00
david montgomery,HOU,RB,6000,44220333,2026-09-22T17:18:22.183877+00:00
cj stroud,HOU,QB,5500,44220230,2026-09-22T17:18:22.183877+00:00
woody marks,HOU,RB,5000,44220361,2026-09-22T17:18:22.183877+00:00
kayshon boutte,HOU,WR,4500,44220695,2026-09-22T17:18:22.183877+00:00
dalton schultz,HOU,TE,4200,44221123,2026-09-22T17:18:22.183877+00:00
davis mills,HOU,QB,4000,44220267,2026-09-22T17:18:22.183877+00:00
graham mertz,HOU,QB,4000,44220268,2026-09-22T17:18:22.183877+00:00
british brooks,HOU,RB,4000,44220497,2026-09-22T17:18:22.183877+00:00
jawhar jordan,HOU,RB,4000,44220499,2026-09-22T17:18:22.183877+00:00
noah whittington,HOU,RB,4000,44220501,2026-09-22T17:18:22.183877+00:00
xavier hutchinson,HOU,WR,4000,44220723,2026-09-22T17:18:22.183877+00:00
jaylin noel,HOU,WR,3600,44220747,2026-09-22T17:18:22.183877+00:00
jared wayne,HOU,WR,3100,44220795,2026-09-22T17:18:22.183877+00:00
lewis bond,HOU,WR,3000,44220925,2026-09-22T17:18:22.183877+00:00
tank dell,HOU,WR,3000,44220927,2026-09-22T17:18:22.183877+00:00
jayden higgins,HOU,WR,3000,44220929,2026-09-22T17:18:22.183877+00:00
daniel sobkowicz,HOU,WR,3000,44220931,2026-09-22T17:18:22.183877+00:00
mitch tinsley,HOU,WR,3000,44220933,2026-09-22T17:18:22.183877+00:00
josh kelly,HOU,WR,3000,44220935,2026-09-22T17:18:22.183877+00:00
bryce oliver,HOU,WR,3000,44220937,2026-09-22T17:18:22.183877+00:00
foster moreau,HOU,TE,2500,44221179,2026-09-22T17:18:22.183877+00:00
marlin klein,HOU,TE,2500,44221271,2026-09-22T17:18:22.183877+00:00
cade stover,HOU,TE,2500,44221273,2026-09-22T17:18:22.183877+00:00
brevin jordan,HOU,TE,2500,44221275,2026-09-22T17:18:22.183877+00:00
zaire mitchell-paden,HOU,TE,2500,44221277,2026-09-22T17:18:22.183877+00:00
Texans,HOU,DST,3200,44221404,2026-09-22T17:18:22.183877+00:00
jonathan taylor,IND,RB,7600,44220309,2026-09-22T17:18:22.183877+00:00
josh downs,IND,WR,5700,44220649,2026-09-22T17:18:22.183877+00:00
alec pierce,IND,WR,5600,44220651,2026-09-22T17:18:22.183877+00:00
tyler warren,IND,TE,5300,44221111,2026-09-22T17:18:22.183877+00:00
daniel jones,IND,QB,5000,44220237,2026-09-22T17:18:22.183877+00:00
keenan allen,IND,WR,4600,44220689,2026-09-22T17:18:22.183877+00:00
seth mcgowan,IND,RB,4100,44220409,2026-09-22T17:18:22.183877+00:00
anthony richardson,IND,QB,4000,44220265,2026-09-22T17:18:22.183877+00:00
riley leonard,IND,QB,4000,44220266,2026-09-22T17:18:22.183877+00:00
dj giddens,IND,RB,4000,44220491,2026-09-22T17:18:22.183877+00:00
anderson castle,IND,RB,4000,44220493,2026-09-22T17:18:22.183877+00:00
davon booth,IND,RB,4000,44220495,2026-09-22T17:18:22.183877+00:00
deion burks,IND,WR,3300,44220773,2026-09-22T17:18:22.183877+00:00
ashton dulin,IND,WR,3200,44220783,2026-09-22T17:18:22.183877+00:00
laquon treadwell,IND,WR,3100,44220799,2026-09-22T17:18:22.183877+00:00
anthony gould,IND,WR,3000,44220919,2026-09-22T17:18:22.183877+00:00
dj montgomery,IND,WR,3000,44220921,2026-09-22T17:18:22.183877+00:00
nick westbrook-ikhine,IND,WR,3000,44220923,2026-09-22T17:18:22.183877+00:00
mo alie-cox,IND,TE,2500,44221259,2026-09-22T17:18:22.183877+00:00
drew ogletree,IND,TE,2500,44221261,2026-09-22T17:18:22.183877+00:00
will mallory,IND,TE,2500,44221263,2026-09-22T17:18:22.183877+00:00
carson towt,IND,TE,2500,44221265,2026-09-22T17:18:22.183877+00:00
pharaoh brown,IND,TE,2500,44221267,2026-09-22T17:18:22.183877+00:00
kenny fletcher,IND,TE,2500,44221269,2026-09-22T17:18:22.183877+00:00
Colts,IND,DST,2500,44221415,2026-09-22T17:18:22.183877+00:00
drake maye,NE,QB,6100,44220224,2026-09-22T17:18:22.183877+00:00
rhamondre stevenson,NE,RB,5400,44220347,2026-09-22T17:18:22.183877+00:00
treveyon henderson,NE,RB,5200,44220355,2026-09-22T17:18:22.183877+00:00
romeo doubs,NE,WR,5100,44220667,2026-09-22T17:18:22.183877+00:00
mack hollins,NE,WR,4200,44220713,2026-09-22T17:18:22.183877+00:00
tommy devito,NE,QB,4000,44220285,2026-09-22T17:18:22.183877+00:00
behren morton,NE,QB,4000,44220286,2026-09-22T17:18:22.183877+00:00
corey kiner,NE,RB,4000,44220551,2026-09-22T17:18:22.183877+00:00
myles montgomery,NE,RB,4000,44220553,2026-09-22T17:18:22.183877+00:00
reggie gilliam,NE,RB,4000,44220555,2026-09-22T17:18:22.183877+00:00
lan larison,NE,RB,4000,44220557,2026-09-22T17:18:22.183877+00:00
hunter henry,NE,TE,3900,44221129,2026-09-22T17:18:22.183877+00:00
demario douglas,NE,WR,3700,44220743,2026-09-22T17:18:22.183877+00:00
kyle williams,NE,WR,3400,44220769,2026-09-22T17:18:22.183877+00:00
efton chism,NE,WR,3000,44221017,2026-09-22T17:18:22.183877+00:00
aj brown,NE,WR,3000,44221019,2026-09-22T17:18:22.183877+00:00
jeremiah webb,NE,WR,3000,44221021,2026-09-22T17:18:22.183877+00:00
cameron dorner,NE,WR,3000,44221023,2026-09-22T17:18:22.183877+00:00
chandler brayboy,NE,WR,3000,44221025,2026-09-22T17:18:22.183877+00:00
kyle dixon,NE,WR,3000,44221027,2026-09-22T17:18:22.183877+00:00
eli raridon,NE,TE,2900,44221161,2026-09-22T17:18:22.183877+00:00
cameron latu,NE,TE,2500,44221323,2026-09-22T17:18:22.183877+00:00
tanner arkin,NE,TE,2500,44221325,2026-09-22T17:18:22.183877+00:00
julian hill,NE,TE,2500,44221327,2026-09-22T17:18:22.183877+00:00
Patriots,NE,DST,2700,44221411,2026-09-22T17:18:22.183877+00:00
parker washington,JAX,WR,6000,44220641,2026-09-22T17:18:22.183877+00:00
trevor lawrence,JAX,QB,5700,44220228,2026-09-22T17:18:22.183877+00:00
bhayshul tuten,JAX,RB,5600,44220341,2026-09-22T17:18:22.183877+00:00
jakobi meyers,JAX,WR,4800,44220681,2026-09-22T17:18:22.183877+00:00
chris rodriguez,JAX,RB,4600,44220379,2026-09-22T17:18:22.183877+00:00
brian thomas,JAX,WR,4600,44220691,2026-09-22T17:18:22.183877+00:00
nick mullens,JAX,QB,4000,44220282,2026-09-22T17:18:22.183877+00:00
quinn ewers,JAX,QB,4000,44220283,2026-09-22T17:18:22.183877+00:00
joey aguilar,JAX,QB,4000,44220284,2026-09-22T17:18:22.183877+00:00
lequint allen,JAX,RB,4000,44220547,2026-09-22T17:18:22.183877+00:00
j'mari taylor,JAX,RB,4000,44220549,2026-09-22T17:18:22.183877+00:00
ameer abdullah,JAX,RB,4000,44220607,2026-09-22T17:18:22.183877+00:00
brenton strange,JAX,TE,3400,44221141,2026-09-22T17:18:22.183877+00:00
travis hunter,JAX,WR,3100,44220793,2026-09-22T17:18:22.183877+00:00
josh cameron,JAX,WR,3000,44221005,2026-09-22T17:18:22.183877+00:00
cj williams,JAX,WR,3000,44221007,2026-09-22T17:18:22.183877+00:00
trebor pena,JAX,WR,3000,44221009,2026-09-22T17:18:22.183877+00:00
tim jones,JAX,WR,3000,44221011,2026-09-22T17:18:22.183877+00:00
michael wortham,JAX,WR,3000,44221013,2026-09-22T17:18:22.183877+00:00
austin trammell,JAX,WR,3000,44221015,2026-09-22T17:18:22.183877+00:00
nate boerkircher,JAX,TE,2500,44221315,2026-09-22T17:18:22.183877+00:00
quintin morris,JAX,TE,2500,44221317,2026-09-22T17:18:22.183877+00:00
tanner koziol,JAX,TE,2500,44221319,2026-09-22T17:18:22.183877+00:00
hayden rucci,JAX,TE,2500,44221321,2026-09-22T17:18:22.183877+00:00
Jaguars,JAX,DST,2900,44221408,2026-09-22T17:18:22.183877+00:00
kenneth walker,KC,RB,7400,44220311,2026-09-22T17:18:22.183877+00:00
rashee rice,KC,WR,6400,44220633,2026-09-22T17:18:22.183877+00:00
patrick mahomes,KC,QB,6200,44220223,2026-09-22T17:18:22.183877+00:00
travis kelce,KC,TE,4500,44221117,2026-09-22T17:18:22.183877+00:00
emmett johnson,KC,RB,4400,44220385,2026-09-22T17:18:22.183877+00:00
xavier worthy,KC,WR,4400,44220699,2026-09-22T17:18:22.183877+00:00
justin fields,KC,QB,4000,44220251,2026-09-22T17:18:22.183877+00:00
garrett nussmeier,KC,QB,4000,44220289,2026-09-22T17:18:22.183877+00:00
brashard smith,KC,RB,4000,44220567,2026-09-22T17:18:22.183877+00:00
nate carter,KC,RB,4000,44220569,2026-09-22T17:18:22.183877+00:00
ben vansumeren,KC,RB,4000,44220571,2026-09-22T17:18:22.183877+00:00
jaydn ott,KC,RB,4000,44220573,2026-09-22T17:18:22.183877+00:00
cyrus allen,KC,WR,3600,44220749,2026-09-22T17:18:22.183877+00:00
tyquan thornton,KC,WR,3300,44220771,2026-09-22T17:18:22.183877+00:00
jalen royals,KC,WR,3000,44220811,2026-09-22T17:18:22.183877+00:00
nikko remigio,KC,WR,3000,44221037,2026-09-22T17:18:22.183877+00:00
jeff caldwell,KC,WR,3000,44221039,2026-09-22T17:18:22.183877+00:00
jimmy holiday,KC,WR,3000,44221041,2026-09-22T17:18:22.183877+00:00
omari evans,KC,WR,3000,44221043,2026-09-22T17:18:22.183877+00:00
andrew armstrong,KC,WR,3000,44221045,2026-09-22T17:18:22.183877+00:00
noah gray,KC,TE,3000,44221159,2026-09-22T17:18:22.183877+00:00
jake briningstool,KC,TE,2500,44221341,2026-09-22T17:18:22.183877+00:00
jared wiley,KC,TE,2500,44221343,2026-09-22T17:18:22.183877+00:00
john michael gyllenborg,KC,TE,2500,44221345,2026-09-22T17:18:22.183877+00:00
james winchester,KC,TE,2500,44221347,2026-09-22T17:18:22.183877+00:00
thomas odukoya,KC,TE,2500,44221349,2026-09-22T17:18:22.183877+00:00
Chiefs,KC,DST,3700,44221399,2026-09-22T17:18:22.183877+00:00
de'von achane,MIA,RB,6500,44220323,2026-09-22T17:18:22.183877+00:00
malik willis,MIA,QB,4900,44220239,2026-09-22T17:18:22.183877+00:00
malik washington,MIA,WR,4200,44220711,2026-09-22T17:18:22.183877+00:00
kyle mccord,MIA,QB,4000,44220287,2026-09-22T17:18:22.183877+00:00
brady cook,MIA,QB,4000,44220288,2026-09-22T17:18:22.183877+00:00
jaylen wright,MIA,RB,4000,44220419,2026-09-22T17:18:22.183877+00:00
ollie gordon,MIA,RB,4000,44220559,2026-09-22T17:18:22.183877+00:00
carlos washington,MIA,RB,4000,44220561,2026-09-22T17:18:22.183877+00:00
dj herman,MIA,RB,4000,44220563,2026-09-22T17:18:22.183877+00:00
jarquez hunter,MIA,RB,4000,44220565,2026-09-22T17:18:22.183877+00:00
caleb douglas,MIA,WR,3900,44220733,2026-09-22T17:18:22.183877+00:00
chris bell,MIA,WR,3400,44220767,2026-09-22T17:18:22.183877+00:00
ryan miller,MIA,WR,3200,44220787,2026-09-22T17:18:22.183877+00:00
kevin coleman,MIA,WR,3000,44221029,2026-09-22T17:18:22.183877+00:00
jalen tolbert,MIA,WR,3000,44221031,2026-09-22T17:18:22.183877+00:00
jalen reagor,MIA,WR,3000,44221033,2026-09-22T17:18:22.183877+00:00
will sheppard,MIA,WR,3000,44221035,2026-09-22T17:18:22.183877+00:00
greg dulcich,MIA,TE,3000,44221157,2026-09-22T17:18:22.183877+00:00
will kacmarek,MIA,TE,2500,44221329,2026-09-22T17:18:22.183877+00:00
seydou traore,MIA,TE,2500,44221331,2026-09-22T17:18:22.183877+00:00
justin joly,MIA,TE,2500,44221333,2026-09-22T17:18:22.183877+00:00
cole turner,MIA,TE,2500,44221335,2026-09-22T17:18:22.183877+00:00
cal adomitis,MIA,TE,2500,44221337,2026-09-22T17:18:22.183877+00:00
tre watson,MIA,TE,2500,44221339,2026-09-22T17:18:22.183877+00:00
Dolphins,MIA,DST,2000,44221423,2026-09-22T17:18:22.183877+00:00
tony pollard,TEN,RB,5400,44220349,2026-09-22T17:18:22.183877+00:00
cam ward,TEN,QB,5100,44220236,2026-09-22T17:18:22.183877+00:00
carnell tate,TEN,WR,5000,44220671,2026-09-22T17:18:22.183877+00:00
tyjae spears,TEN,RB,4900,44220363,2026-09-22T17:18:22.183877+00:00
wan'dale robinson,TEN,WR,4500,44220697,2026-09-22T17:18:22.183877+00:00
mitchell trubisky,TEN,QB,4000,44220263,2026-09-22T17:18:22.183877+00:00
hendon hooker,TEN,QB,4000,44220264,2026-09-22T17:18:22.183877+00:00
julius chestnut,TEN,RB,4000,44220485,2026-09-22T17:18:22.183877+00:00
michael carter,TEN,RB,4000,44220487,2026-09-22T17:18:22.183877+00:00
kalel mullings,TEN,RB,4000,44220489,2026-09-22T17:18:22.183877+00:00
nick singleton,TEN,RB,4000,44220609,2026-09-22T17:18:22.183877+00:00
calvin ridley,TEN,WR,4000,44220725,2026-09-22T17:18:22.183877+00:00
elic ayomanor,TEN,WR,3300,44220775,2026-09-22T17:18:22.183877+00:00
chimere dike,TEN,WR,3000,44220911,2026-09-22T17:18:22.183877+00:00
kj osborn,TEN,WR,3000,44220913,2026-09-22T17:18:22.183877+00:00
xavier restrepo,TEN,WR,3000,44220915,2026-09-22T17:18:22.183877+00:00
tyren montgomery,TEN,WR,3000,44220917,2026-09-22T17:18:22.183877+00:00
gunnar helm,TEN,TE,2900,44221163,2026-09-22T17:18:22.183877+00:00
daniel bellinger,TEN,TE,2500,44221181,2026-09-22T17:18:22.183877+00:00
david martin-robinson,TEN,TE,2500,44221251,2026-09-22T17:18:22.183877+00:00
kylen granson,TEN,TE,2500,44221253,2026-09-22T17:18:22.183877+00:00
jaren kanak,TEN,TE,2500,44221255,2026-09-22T17:18:22.183877+00:00
joel wilson,TEN,TE,2500,44221257,2026-09-22T17:18:22.183877+00:00
Titans,TEN,DST,2400,44221417,2026-09-22T17:18:22.183877+00:00
malik nabers,NYG,WR,6500,44220631,2026-09-22T17:18:22.183877+00:00
cam skattebo,NYG,RB,6200,44220329,2026-09-22T17:18:22.183877+00:00
jaxson dart,NYG,QB,5900,44220226,2026-09-22T17:18:22.183877+00:00
najee harris,NYG,RB,4700,44220375,2026-09-22T17:18:22.183877+00:00
isaiah likely,NYG,TE,4700,44221115,2026-09-22T17:18:22.183877+00:00
malachi fields,NYG,WR,4400,44220703,2026-09-22T17:18:22.183877+00:00
devin singletary,NYG,RB,4200,44220391,2026-09-22T17:18:22.183877+00:00
tyrone tracy,NYG,RB,4100,44220413,2026-09-22T17:18:22.183877+00:00
darnell mooney,NYG,WR,4100,44220717,2026-09-22T17:18:22.183877+00:00
jameis winston,NYG,QB,4000,44220261,2026-09-22T17:18:22.183877+00:00
jake haener,NYG,QB,4000,44220262,2026-09-22T17:18:22.183877+00:00
grant finley,NYG,RB,4000,44220479,2026-09-22T17:18:22.183877+00:00
patrick ricard,NYG,RB,4000,44220481,2026-09-22T17:18:22.183877+00:00
phil mafah,NYG,RB,4000,44220483,2026-09-22T17:18:22.183877+00:00
odell beckham,NYG,WR,3300,44220779,2026-09-22T17:18:22.183877+00:00
calvin austin,NYG,WR,3000,44220899,2026-09-22T17:18:22.183877+00:00
gunner olszewski,NYG,WR,3000,44220901,2026-09-22T17:18:22.183877+00:00
dalen cambre,NYG,WR,3000,44220903,2026-09-22T17:18:22.183877+00:00
jalin hyatt,NYG,WR,3000,44220905,2026-09-22T17:18:22.183877+00:00
charlie jones,NYG,WR,3000,44220907,2026-09-22T17:18:22.183877+00:00
braxton berrios,NYG,WR,3000,44220909,2026-09-22T17:18:22.183877+00:00
theo johnson,NYG,TE,2700,44221171,2026-09-22T17:18:22.183877+00:00
chris manhertz,NYG,TE,2500,44221245,2026-09-22T17:18:22.183877+00:00
thomas fidone,NYG,TE,2500,44221247,2026-09-22T17:18:22.183877+00:00
ben mann,NYG,TE,2500,44221249,2026-09-22T17:18:22.183877+00:00
Giants,NYG,DST,3400,44221402,2026-09-22T17:18:22.183877+00:00
ja'marr chase,CIN,WR,8100,44220613,2026-09-22T17:18:22.183877+00:00
joe burrow,CIN,QB,6600,44220220,2026-09-22T17:18:22.183877+00:00
chase brown,CIN,RB,6600,44220321,2026-09-22T17:18:22.183877+00:00
tee higgins,CIN,WR,6100,44220639,2026-09-22T17:18:22.183877+00:00
joe flacco,CIN,QB,4400,44220246,2026-09-22T17:18:22.183877+00:00
samaje perine,CIN,RB,4100,44220415,2026-09-22T17:18:22.183877+00:00
josh johnson,CIN,QB,4000,44220276,2026-09-22T17:18:22.183877+00:00
sean clifford,CIN,QB,4000,44220277,2026-09-22T17:18:22.183877+00:00
tahj brooks,CIN,RB,4000,44220525,2026-09-22T17:18:22.183877+00:00
kentrel bullock,CIN,RB,4000,44220527,2026-09-22T17:18:22.183877+00:00
kendall milton,CIN,RB,4000,44220529,2026-09-22T17:18:22.183877+00:00
mike gesicki,CIN,TE,3300,44221147,2026-09-22T17:18:22.183877+00:00
andrei iosivas,CIN,WR,3000,44220821,2026-09-22T17:18:22.183877+00:00
colbie young,CIN,WR,3000,44220973,2026-09-22T17:18:22.183877+00:00
dohnte meyers,CIN,WR,3000,44220975,2026-09-22T17:18:22.183877+00:00
ke'shawn williams,CIN,WR,3000,44220977,2026-09-22T17:18:22.183877+00:00
noah thomas,CIN,WR,3000,44220979,2026-09-22T17:18:22.183877+00:00
jordan moore,CIN,WR,3000,44220981,2026-09-22T17:18:22.183877+00:00
drew sample,CIN,TE,2600,44221175,2026-09-22T17:18:22.183877+00:00
erick all,CIN,TE,2500,44221297,2026-09-22T17:18:22.183877+00:00
jack endries,CIN,TE,2500,44221299,2026-09-22T17:18:22.183877+00:00
william wagner,CIN,TE,2500,44221301,2026-09-22T17:18:22.183877+00:00
tanner hudson,CIN,TE,2500,44221303,2026-09-22T17:18:22.183877+00:00
Bengals,CIN,DST,2900,44221407,2026-09-22T17:18:22.183877+00:00
jaylen warren,PIT,RB,5700,44220339,2026-09-22T17:18:22.183877+00:00
dk metcalf,PIT,WR,5400,44220659,2026-09-22T17:18:22.183877+00:00
aaron rodgers,PIT,QB,5000,44220238,2026-09-22T17:18:22.183877+00:00
rico dowdle,PIT,RB,4700,44220373,2026-09-22T17:18:22.183877+00:00
michael pittman,PIT,WR,4700,44220683,2026-09-22T17:18:22.183877+00:00
mason rudolph,PIT,QB,4000,44220273,2026-09-22T17:18:22.183877+00:00
will howard,PIT,QB,4000,44220274,2026-09-22T17:18:22.183877+00:00
drew allar,PIT,QB,4000,44220275,2026-09-22T17:18:22.183877+00:00
travis homer,PIT,RB,4000,44220517,2026-09-22T17:18:22.183877+00:00
eli heidenreich,PIT,RB,4000,44220519,2026-09-22T17:18:22.183877+00:00
lew nichols,PIT,RB,4000,44220521,2026-09-22T17:18:22.183877+00:00
riley nowakowski,PIT,RB,4000,44220523,2026-09-22T17:18:22.183877+00:00
germie bernard,PIT,WR,3900,44220729,2026-09-22T17:18:22.183877+00:00
pat freiermuth,PIT,TE,3800,44221131,2026-09-22T17:18:22.183877+00:00
roman wilson,PIT,WR,3400,44220761,2026-09-22T17:18:22.183877+00:00
ben skowronek,PIT,WR,3000,44220963,2026-09-22T17:18:22.183877+00:00
kaden wetjen,PIT,WR,3000,44220965,2026-09-22T17:18:22.183877+00:00
cole burgess,PIT,WR,3000,44220967,2026-09-22T17:18:22.183877+00:00
brandon smith,PIT,WR,3000,44220969,2026-09-22T17:18:22.183877+00:00
brandon johnson,PIT,WR,3000,44220971,2026-09-22T17:18:22.183877+00:00
darnell washington,PIT,TE,2800,44221167,2026-09-22T17:18:22.183877+00:00
robert tonyan,PIT,TE,2500,44221293,2026-09-22T17:18:22.183877+00:00
lake mcree,PIT,TE,2500,44221295,2026-09-22T17:18:22.183877+00:00
Steelers,PIT,DST,2700,44221412,2026-09-22T17:18:22.183877+00:00
jaxon smith-njigba,SEA,WR,8600,44220611,2026-09-22T17:18:22.183877+00:00
sam darnold,SEA,QB,5400,44220231,2026-09-22T17:18:22.183877+00:00
jadarian price,SEA,RB,5300,44220353,2026-09-22T17:18:22.183877+00:00
drew lock,SEA,QB,5200,44220234,2026-09-22T17:18:22.183877+00:00
emanuel wilson,SEA,RB,4900,44220365,2026-09-22T17:18:22.183877+00:00
george holani,SEA,RB,4500,44220383,2026-09-22T17:18:22.183877+00:00
rashid shaheed,SEA,WR,4200,44220715,2026-09-22T17:18:22.183877+00:00
jalen milroe,SEA,QB,4000,44220250,2026-09-22T17:18:22.183877+00:00
zach charbonnet,SEA,RB,4000,44220469,2026-09-22T17:18:22.183877+00:00
brady russell,SEA,RB,4000,44220471,2026-09-22T17:18:22.183877+00:00
velus jones,SEA,RB,4000,44220473,2026-09-22T17:18:22.183877+00:00
jacardia wright,SEA,RB,4000,44220475,2026-09-22T17:18:22.183877+00:00
robbie ouzts,SEA,RB,4000,44220477,2026-09-22T17:18:22.183877+00:00
cooper kupp,SEA,WR,4000,44220727,2026-09-22T17:18:22.183877+00:00
aj barner,SEA,TE,3100,44221155,2026-09-22T17:18:22.183877+00:00
tory horton,SEA,WR,3000,44220803,2026-09-22T17:18:22.183877+00:00
montorie foster,SEA,WR,3000,44220887,2026-09-22T17:18:22.183877+00:00
irvin charles,SEA,WR,3000,44220889,2026-09-22T17:18:22.183877+00:00
jake bobo,SEA,WR,3000,44220891,2026-09-22T17:18:22.183877+00:00
ricky white,SEA,WR,3000,44220893,2026-09-22T17:18:22.183877+00:00
julian hicks,SEA,WR,3000,44220895,2026-09-22T17:18:22.183877+00:00
emmanuel henderson,SEA,WR,3000,44220897,2026-09-22T17:18:22.183877+00:00
eric saubert,SEA,TE,2500,44221239,2026-09-22T17:18:22.183877+00:00
elijah arroyo,SEA,TE,2500,44221241,2026-09-22T17:18:22.183877+00:00
nick kallerup,SEA,TE,2500,44221243,2026-09-22T17:18:22.183877+00:00
Seahawks,SEA,DST,3800,44221398,2026-09-22T17:18:22.183877+00:00
jayden daniels,WAS,QB,6000,44220225,2026-09-22T17:18:22.183877+00:00
stefon diggs,WAS,WR,5500,44220653,2026-09-22T17:18:22.183877+00:00
jacory croskey-merritt,WAS,RB,5300,44220351,2026-09-22T17:18:22.183877+00:00
rachaad white,WAS,RB,5100,44220357,2026-09-22T17:18:22.183877+00:00
terry mclaurin,WAS,WR,5100,44220669,2026-09-22T17:18:22.183877+00:00
marcus mariota,WAS,QB,4500,44220245,2026-09-22T17:18:22.183877+00:00
kaytron allen,WAS,RB,4300,44220397,2026-09-22T17:18:22.183877+00:00
antonio williams,WAS,WR,4100,44220721,2026-09-22T17:18:22.183877+00:00
athan kaliakmanis,WAS,QB,4000,44220259,2026-09-22T17:18:22.183877+00:00
sam hartman,WAS,QB,4000,44220260,2026-09-22T17:18:22.183877+00:00
jeremy mcnichols,WAS,RB,4000,44220463,2026-09-22T17:18:22.183877+00:00
craig reynolds,WAS,RB,4000,44220465,2026-09-22T17:18:22.183877+00:00
robert henry,WAS,RB,4000,44220467,2026-09-22T17:18:22.183877+00:00
chig okonkwo,WAS,TE,3600,44221135,2026-09-22T17:18:22.183877+00:00
dyami brown,WAS,WR,3200,44220785,2026-09-22T17:18:22.183877+00:00
jaylin lane,WAS,WR,3000,44220875,2026-09-22T17:18:22.183877+00:00
treylon burks,WAS,WR,3000,44220877,2026-09-22T17:18:22.183877+00:00
luke mccaffrey,WAS,WR,3000,44220879,2026-09-22T17:18:22.183877+00:00
jaden bradley,WAS,WR,3000,44220881,2026-09-22T17:18:22.183877+00:00
river cracraft,WAS,WR,3000,44220883,2026-09-22T17:18:22.183877+00:00
van jefferson,WAS,WR,3000,44220885,2026-09-22T17:18:22.183877+00:00
ben sinnott,WAS,TE,2600,44221173,2026-09-22T17:18:22.183877+00:00
john bates,WAS,TE,2500,44221189,2026-09-22T17:18:22.183877+00:00
colson yankoff,WAS,TE,2500,44221233,2026-09-22T17:18:22.183877+00:00
jack westover,WAS,TE,2500,44221235,2026-09-22T17:18:22.183877+00:00
tyler ott,WAS,TE,2500,44221237,2026-09-22T17:18:22.183877+00:00
Commanders,WAS,DST,2300,44221419,2026-09-22T17:18:22.183877+00:00
trey mcbride,ARI,TE,6700,44221105,2026-09-22T17:18:22.183877+00:00
jeremiyah love,ARI,RB,5500,44220343,2026-09-22T17:18:22.183877+00:00
michael wilson,ARI,WR,5200,44220665,2026-09-22T17:18:22.183877+00:00
tyler allgeier,ARI,RB,5000,44220359,2026-09-22T17:18:22.183877+00:00
jacoby brissett,ARI,QB,4800,44220241,2026-09-22T17:18:22.183877+00:00
marvin harrison,ARI,WR,4700,44220687,2026-09-22T17:18:22.183877+00:00
gardner minshew,ARI,QB,4000,44220257,2026-09-22T17:18:22.183877+00:00
carson beck,ARI,QB,4000,44220258,2026-09-22T17:18:22.183877+00:00
bam knight,ARI,RB,4000,44220455,2026-09-22T17:18:22.183877+00:00
james conner,ARI,RB,4000,44220457,2026-09-22T17:18:22.183877+00:00
trey benson,ARI,RB,4000,44220459,2026-09-22T17:18:22.183877+00:00
evan hull,ARI,RB,4000,44220461,2026-09-22T17:18:22.183877+00:00
kendrick bourne,ARI,WR,3700,44220741,2026-09-22T17:18:22.183877+00:00
jalen brooks,ARI,WR,3000,44220865,2026-09-22T17:18:22.183877+00:00
simi fehoko,ARI,WR,3000,44220867,2026-09-22T17:18:22.183877+00:00
devin duvernay,ARI,WR,3000,44220869,2026-09-22T17:18:22.183877+00:00
reggie virgil,ARI,WR,3000,44220871,2026-09-22T17:18:22.183877+00:00
harrison wallace,ARI,WR,3000,44220873,2026-09-22T17:18:22.183877+00:00
elijah higgins,ARI,TE,2500,44221221,2026-09-22T17:18:22.183877+00:00
hunter long,ARI,TE,2500,44221223,2026-09-22T17:18:22.183877+00:00
tip reiman,ARI,TE,2500,44221225,2026-09-22T17:18:22.183877+00:00
jameson geers,ARI,TE,2500,44221227,2026-09-22T17:18:22.183877+00:00
teagan quitoriano,ARI,TE,2500,44221229,2026-09-22T17:18:22.183877+00:00
shawn bowman,ARI,TE,2500,44221231,2026-09-22T17:18:22.183877+00:00
Cardinals,ARI,DST,2300,44221420,2026-09-22T17:18:22.183877+00:00
christian mccaffrey,SF,RB,8300,44220305,2026-09-22T17:18:22.183877+00:00
mike evans,SF,WR,6800,44220627,2026-09-22T17:18:22.183877+00:00
brock purdy,SF,QB,6500,44220221,2026-09-22T17:18:22.183877+00:00
deebo samuel,SF,WR,5300,44220663,2026-09-22T17:18:22.183877+00:00
kaelon black,SF,RB,4800,44220367,2026-09-22T17:18:22.183877+00:00
george kittle,SF,TE,4800,44221113,2026-09-22T17:18:22.183877+00:00
mac jones,SF,QB,4000,44220255,2026-09-22T17:18:22.183877+00:00
kurtis rourke,SF,QB,4000,44220256,2026-09-22T17:18:22.183877+00:00
jordan james,SF,RB,4000,44220447,2026-09-22T17:18:22.183877+00:00
isaac guerendo,SF,RB,4000,44220449,2026-09-22T17:18:22.183877+00:00
sincere mccormick,SF,RB,4000,44220451,2026-09-22T17:18:22.183877+00:00
kyle juszczyk,SF,RB,4000,44220453,2026-09-22T17:18:22.183877+00:00
demarcus robinson,SF,WR,3800,44220735,2026-09-22T17:18:22.183877+00:00
jacob cowing,SF,WR,3300,44220777,2026-09-22T17:18:22.183877+00:00
jordan watkins,SF,WR,3100,44220797,2026-09-22T17:18:22.183877+00:00
de'zhaun stribling,SF,WR,3000,44220819,2026-09-22T17:18:22.183877+00:00
khadarel hodge,SF,WR,3000,44220853,2026-09-22T17:18:22.183877+00:00
christian kirk,SF,WR,3000,44220855,2026-09-22T17:18:22.183877+00:00
brandon aiyuk,SF,WR,3000,44220857,2026-09-22T17:18:22.183877+00:00
ricky pearsall,SF,WR,3000,44220859,2026-09-22T17:18:22.183877+00:00
wesley grimes,SF,WR,3000,44220861,2026-09-22T17:18:22.183877+00:00
will pauling,SF,WR,3000,44220863,2026-09-22T17:18:22.183877+00:00
jake tonges,SF,TE,2500,44221177,2026-09-22T17:18:22.183877+00:00
luke farrell,SF,TE,2500,44221213,2026-09-22T17:18:22.183877+00:00
brayden willis,SF,TE,2500,44221215,2026-09-22T17:18:22.183877+00:00
jack stoll,SF,TE,2500,44221217,2026-09-22T17:18:22.183877+00:00
khalil dinkins,SF,TE,2500,44221219,2026-09-22T17:18:22.183877+00:00
49ers,SF,DST,3600,44221400,2026-09-22T17:18:22.183877+00:00
justin jefferson,MIN,WR,7500,44220619,2026-09-22T17:18:22.183877+00:00
aaron jones,MIN,RB,5900,44220335,2026-09-22T17:18:22.183877+00:00
kyler murray,MIN,QB,5100,44220235,2026-09-22T17:18:22.183877+00:00
jordan addison,MIN,WR,4900,44220677,2026-09-22T17:18:22.183877+00:00
carson wentz,MIN,QB,4600,44220244,2026-09-22T17:18:22.183877+00:00
demond claiborne,MIN,RB,4400,44220393,2026-09-22T17:18:22.183877+00:00
deejay dallas,MIN,RB,4200,44220407,2026-09-22T17:18:22.183877+00:00
jj mccarthy,MIN,QB,4100,44220248,2026-09-22T17:18:22.183877+00:00
max brosmer,MIN,QB,4000,44220296,2026-09-22T17:18:22.183877+00:00
jordan mason,MIN,RB,4000,44220421,2026-09-22T17:18:22.183877+00:00
max bredeson,MIN,RB,4000,44220589,2026-09-22T17:18:22.183877+00:00
jerome ford,MIN,RB,4000,44220591,2026-09-22T17:18:22.183877+00:00
jauan jennings,MIN,WR,3600,44220751,2026-09-22T17:18:22.183877+00:00
tj hockenson,MIN,TE,3200,44221149,2026-09-22T17:18:22.183877+00:00
tai felton,MIN,WR,3000,44221079,2026-09-22T17:18:22.183877+00:00
myles price,MIN,WR,3000,44221081,2026-09-22T17:18:22.183877+00:00
dillon bell,MIN,WR,3000,44221083,2026-09-22T17:18:22.183877+00:00
jeshaun jones,MIN,WR,3000,44221085,2026-09-22T17:18:22.183877+00:00
michael briscoe,MIN,WR,3000,44221087,2026-09-22T17:18:22.183877+00:00
trayvon rudolph,MIN,WR,3000,44221089,2026-09-22T17:18:22.183877+00:00
josh oliver,MIN,TE,2500,44221369,2026-09-22T17:18:22.183877+00:00
gavin bartholomew,MIN,TE,2500,44221371,2026-09-22T17:18:22.183877+00:00
ben yurosek,MIN,TE,2500,44221373,2026-09-22T17:18:22.183877+00:00
andrew depaola,MIN,TE,2500,44221375,2026-09-22T17:18:22.183877+00:00
cam grandy,MIN,TE,2500,44221377,2026-09-22T17:18:22.183877+00:00
Vikings,MIN,DST,3100,44221405,2026-09-22T17:18:22.183877+00:00
bucky irving,TB,RB,6300,44220327,2026-09-22T17:18:22.183877+00:00
emeka egbuka,TB,WR,6200,44220637,2026-09-22T17:18:22.183877+00:00
baker mayfield,TB,QB,5300,44220233,2026-09-22T17:18:22.183877+00:00
chris godwin,TB,WR,5300,44220661,2026-09-22T17:18:22.183877+00:00
kenny gainwell,TB,RB,4800,44220369,2026-09-22T17:18:22.183877+00:00
jalen mcmillan,TB,WR,4100,44220719,2026-09-22T17:18:22.183877+00:00
jalon daniels,TB,QB,4000,44220294,2026-09-22T17:18:22.183877+00:00
easton stick,TB,QB,4000,44220295,2026-09-22T17:18:22.183877+00:00
sean tucker,TB,RB,4000,44220425,2026-09-22T17:18:22.183877+00:00
josh williams,TB,RB,4000,44220587,2026-09-22T17:18:22.183877+00:00
cade otton,TB,TE,3100,44221153,2026-09-22T17:18:22.183877+00:00
ted hurst,TB,WR,3000,44220813,2026-09-22T17:18:22.183877+00:00
tez johnson,TB,WR,3000,44221067,2026-09-22T17:18:22.183877+00:00
kameron johnson,TB,WR,3000,44221069,2026-09-22T17:18:22.183877+00:00
david sills,TB,WR,3000,44221071,2026-09-22T17:18:22.183877+00:00
eric rivers,TB,WR,3000,44221073,2026-09-22T17:18:22.183877+00:00
garrett greene,TB,WR,3000,44221075,2026-09-22T17:18:22.183877+00:00
dean patterson,TB,WR,3000,44221077,2026-09-22T17:18:22.183877+00:00
payne durham,TB,TE,2500,44221359,2026-09-22T17:18:22.183877+00:00
ko kieft,TB,TE,2500,44221361,2026-09-22T17:18:22.183877+00:00
bauer sharp,TB,TE,2500,44221363,2026-09-22T17:18:22.183877+00:00
evan deckers,TB,TE,2500,44221365,2026-09-22T17:18:22.183877+00:00
cj dippre,TB,TE,2500,44221367,2026-09-22T17:18:22.183877+00:00
Buccaneers,TB,DST,2600,44221414,2026-09-22T17:18:22.183877+00:00
derrick henry,BAL,RB,7700,44220307,2026-09-22T17:18:22.183877+00:00
lamar jackson,BAL,QB,7500,44220218,2026-09-22T17:18:22.183877+00:00
zay flowers,BAL,WR,6900,44220625,2026-09-22T17:18:22.183877+00:00
rashod bateman,BAL,WR,4700,44220685,2026-09-22T17:18:22.183877+00:00
mark andrews,BAL,TE,4400,44221119,2026-09-22T17:18:22.183877+00:00
justice hill,BAL,RB,4200,44220405,2026-09-22T17:18:22.183877+00:00
tyler huntley,BAL,QB,4000,44220297,2026-09-22T17:18:22.183877+00:00
joe fagnano,BAL,QB,4000,44220298,2026-09-22T17:18:22.183877+00:00
skylar thompson,BAL,QB,4000,44220299,2026-09-22T17:18:22.183877+00:00
rasheen ali,BAL,RB,4000,44220593,2026-09-22T17:18:22.183877+00:00
adam randall,BAL,RB,4000,44220595,2026-09-22T17:18:22.183877+00:00
jonathan ward,BAL,RB,4000,44220597,2026-09-22T17:18:22.183877+00:00
devontez walker,BAL,WR,3500,44220753,2026-09-22T17:18:22.183877+00:00
elijah sarratt,BAL,WR,3400,44220763,2026-09-22T17:18:22.183877+00:00
chris moore,BAL,WR,3100,44220791,2026-09-22T17:18:22.183877+00:00
ja'kobi lane,BAL,WR,3000,44220805,2026-09-22T17:18:22.183877+00:00
lajohntay wester,BAL,WR,3000,44220807,2026-09-22T17:18:22.183877+00:00
gage larvadain,BAL,WR,3000,44221091,2026-09-22T17:18:22.183877+00:00
xavier guillory,BAL,WR,3000,44221093,2026-09-22T17:18:22.183877+00:00
durham smythe,BAL,TE,2500,44221379,2026-09-22T17:18:22.183877+00:00
matt hibner,BAL,TE,2500,44221381,2026-09-22T17:18:22.183877+00:00
josh cuevas,BAL,TE,2500,44221383,2026-09-22T17:18:22.183877+00:00
ty pezza,BAL,TE,2500,44221385,2026-09-22T17:18:22.183877+00:00
nick vannett,BAL,TE,2500,44221387,2026-09-22T17:18:22.183877+00:00
Ravens,BAL,DST,2800,44221410,2026-09-22T17:18:22.183877+00:00
ceedee lamb,DAL,WR,7800,44220617,2026-09-22T17:18:22.183877+00:00
dak prescott,DAL,QB,6700,44220219,2026-09-22T17:18:22.183877+00:00
javonte williams,DAL,RB,6700,44220319,2026-09-22T17:18:22.183877+00:00
george pickens,DAL,WR,6600,44220629,2026-09-22T17:18:22.183877+00:00
emari demercado,DAL,RB,4200,44220401,2026-09-22T17:18:22.183877+00:00
jake ferguson,DAL,TE,4100,44221125,2026-09-22T17:18:22.183877+00:00
sam howell,DAL,QB,4000,44220300,2026-09-22T17:18:22.183877+00:00
joe milton,DAL,QB,4000,44220301,2026-09-22T17:18:22.183877+00:00
tyler goodson,DAL,RB,4000,44220599,2026-09-22T17:18:22.183877+00:00
malik davis,DAL,RB,4000,44220601,2026-09-22T17:18:22.183877+00:00
israel abanikanda,DAL,RB,4000,44220603,2026-09-22T17:18:22.183877+00:00
hunter luepke,DAL,RB,4000,44220605,2026-09-22T17:18:22.183877+00:00
ryan flournoy,DAL,WR,3800,44220739,2026-09-22T17:18:22.183877+00:00
jonathan mingo,DAL,WR,3000,44221095,2026-09-22T17:18:22.183877+00:00
camden brown,DAL,WR,3000,44221097,2026-09-22T17:18:22.183877+00:00
anthony smith,DAL,WR,3000,44221099,2026-09-22T17:18:22.183877+00:00
jordan hudson,DAL,WR,3000,44221101,2026-09-22T17:18:22.183877+00:00
kavontae turpin,DAL,WR,3000,44221103,2026-09-22T17:18:22.183877+00:00
brevyn spann-ford,DAL,TE,2500,44221191,2026-09-22T17:18:22.183877+00:00
luke schoonmaker,DAL,TE,2500,44221389,2026-09-22T17:18:22.183877+00:00
princeton fant,DAL,TE,2500,44221391,2026-09-22T17:18:22.183877+00:00
dj rogers,DAL,TE,2500,44221393,2026-09-22T17:18:22.183877+00:00
michael trigg,DAL,TE,2500,44221395,2026-09-22T17:18:22.183877+00:00
james mitchell,DAL,TE,2500,44221397,2026-09-22T17:18:22.183877+00:00
Cowboys,DAL,DST,2400,44221418,2026-09-22T17:18:22.183877+00:00
ashton jeanty,LV,RB,7100,44220313,2026-09-22T17:18:22.183877+00:00
brock bowers,LV,TE,6600,44221107,2026-09-22T17:18:22.183877+00:00
tre tucker,LV,WR,5000,44220673,2026-09-22T17:18:22.183877+00:00
kirk cousins,LV,QB,4800,44220242,2026-09-22T17:18:22.183877+00:00
fernando mendoza,LV,QB,4300,44220247,2026-09-22T17:18:22.183877+00:00
mike washington,LV,RB,4100,44220411,2026-09-22T17:18:22.183877+00:00
aidan o'connell,LV,QB,4000,44220254,2026-09-22T17:18:22.183877+00:00
dylan laube,LV,RB,4000,44220437,2026-09-22T17:18:22.183877+00:00
chris collier,LV,RB,4000,44220439,2026-09-22T17:18:22.183877+00:00
dare ogunbowale,LV,RB,4000,44220441,2026-09-22T17:18:22.183877+00:00
connor heyward,LV,RB,4000,44220443,2026-09-22T17:18:22.183877+00:00
roman hemby,LV,RB,4000,44220445,2026-09-22T17:18:22.183877+00:00
jalen nailor,LV,WR,3700,44220745,2026-09-22T17:18:22.183877+00:00
jack bech,LV,WR,3500,44220759,2026-09-22T17:18:22.183877+00:00
michael mayer,LV,TE,3300,44221145,2026-09-22T17:18:22.183877+00:00
cody white,LV,WR,3200,44220789,2026-09-22T17:18:22.183877+00:00
malik benson,LV,WR,3000,44220839,2026-09-22T17:18:22.183877+00:00
dareke young,LV,WR,3000,44220841,2026-09-22T17:18:22.183877+00:00
dont'e thornton,LV,WR,3000,44220843,2026-09-22T17:18:22.183877+00:00
justin shorter,LV,WR,3000,44220845,2026-09-22T17:18:22.183877+00:00
corey rucker,LV,WR,3000,44220847,2026-09-22T17:18:22.183877+00:00
deven thompkins,LV,WR,3000,44220849,2026-09-22T17:18:22.183877+00:00
ronnie bell,LV,WR,3000,44220851,2026-09-22T17:18:22.183877+00:00
ian thomas,LV,TE,2500,44221205,2026-09-22T17:18:22.183877+00:00
chris myarick,LV,TE,2500,44221207,2026-09-22T17:18:22.183877+00:00
carter runyon,LV,TE,2500,44221209,2026-09-22T17:18:22.183877+00:00
patrick gurd,LV,TE,2500,44221211,2026-09-22T17:18:22.183877+00:00
Raiders,LV,DST,2600,44221413,2026-09-22T17:18:22.183877+00:00
chris olave,NO,WR,7200,44220621,2026-09-22T17:18:22.183877+00:00
travis etienne,NO,RB,5800,44220337,2026-09-22T17:18:22.183877+00:00
tyler shough,NO,QB,5400,44220232,2026-09-22T17:18:22.183877+00:00
alvin kamara,NO,RB,4800,44220371,2026-09-22T17:18:22.183877+00:00
devaughn vele,NO,WR,4400,44220701,2026-09-22T17:18:22.183877+00:00
kendre miller,NO,RB,4300,44220403,2026-09-22T17:18:22.183877+00:00
spencer rattler,NO,QB,4000,44220252,2026-09-22T17:18:22.183877+00:00
zach wilson,NO,QB,4000,44220253,2026-09-22T17:18:22.183877+00:00
cj donaldson,NO,RB,4000,44220429,2026-09-22T17:18:22.183877+00:00
audric estime,NO,RB,4000,44220431,2026-09-22T17:18:22.183877+00:00
ty chandler,NO,RB,4000,44220433,2026-09-22T17:18:22.183877+00:00
zamir white,NO,RB,4000,44220435,2026-09-22T17:18:22.183877+00:00
juwan johnson,NO,TE,3700,44221133,2026-09-22T17:18:22.183877+00:00
noah fant,NO,TE,3200,44221151,2026-09-22T17:18:22.183877+00:00
bryce lance,NO,WR,3000,44220801,2026-09-22T17:18:22.183877+00:00
barion brown,NO,WR,3000,44220823,2026-09-22T17:18:22.183877+00:00
kevin austin,NO,WR,3000,44220825,2026-09-22T17:18:22.183877+00:00
jordyn tyson,NO,WR,3000,44220827,2026-09-22T17:18:22.183877+00:00
mason tipton,NO,WR,3000,44220829,2026-09-22T17:18:22.183877+00:00
jalen moreno-cropper,NO,WR,3000,44220831,2026-09-22T17:18:22.183877+00:00
kyrese rowan,NO,WR,3000,44220833,2026-09-22T17:18:22.183877+00:00
trey palmer,NO,WR,3000,44220835,2026-09-22T17:18:22.183877+00:00
cedric tillman,NO,WR,3000,44220837,2026-09-22T17:18:22.183877+00:00
oscar delp,NO,TE,2500,44221195,2026-09-22T17:18:22.183877+00:00
treyton welch,NO,TE,2500,44221197,2026-09-22T17:18:22.183877+00:00
moliki matavao,NO,TE,2500,44221199,2026-09-22T17:18:22.183877+00:00
stone smartt,NO,TE,2500,44221201,2026-09-22T17:18:22.183877+00:00
zach wood,NO,TE,2500,44221203,2026-09-22T17:18:22.183877+00:00
Saints,NO,DST,3300,44221403,2026-09-22T17:18:22.183877+00:00
