Team,Conference,Division,Wins_Expected,Losses_Expected,PF_Avg,PA_Avg,Div_Wins_Avg,Div_Losses_Avg,Division_%,Playoffs_%,Champion_%,games_played
BUF,AFC,East,3.0,0.0,101.0,78.0,0.0,0.0,0.0,0.0,0.0,3
MIA,AFC,East,0.0,3.0,36.0,86.0,0.0,0.0,0.0,0.0,0.0,3
NE,AFC,East,1.0,2.0,36.0,51.0,0.0,0.0,0.0,0.0,0.0,3
NYJ,AFC,East,1.0,2.0,64.0,61.0,0.0,0.0,0.0,0.0,0.0,3
BAL,AFC,North,2.0,1.0,92.0,78.0,0.0,0.0,0.0,0.0,0.0,3
CIN,AFC,North,2.0,1.0,80.0,63.0,0.0,1.0,0.0,0.0,0.0,3
CLE,AFC,North,2.0,1.0,54.0,71.0,0.0,0.0,0.0,0.0,0.0,3
PIT,AFC,North,2.0,1.0,53.0,60.0,1.0,0.0,0.0,0.0,0.0,3
HOU,AFC,South,0.0,3.0,54.0,75.0,0.0,1.0,0.0,0.0,0.0,3
IND,AFC,South,1.0,2.0,72.0,91.0,1.0,0.0,0.0,0.0,0.0,3
JAX,AFC,South,2.0,1.0,82.0,36.0,0.0,0.0,0.0,0.0,0.0,3
TEN,AFC,South,0.0,3.0,37.0,59.0,0.0,0.0,0.0,0.0,0.0,3
DEN,AFC,West,2.0,1.0,60.0,70.0,0.0,1.0,0.0,0.0,0.0,3
KC,AFC,West,3.0,0.0,88.0,50.0,1.0,0.0,0.0,0.0,0.0,3
LV,AFC,West,3.0,0.0,88.0,54.0,1.0,0.0,0.0,0.0,0.0,3
LAC,AFC,West,0.0,3.0,44.0,76.0,0.0,1.0,0.0,0.0,0.0,3
DAL,NFC,East,1.0,2.0,88.0,82.0,1.0,1.0,0.0,0.0,0.0,3
NYG,NFC,East,2.0,1.0,46.0,55.0,1.0,0.0,0.0,0.0,0.0,3
PHI,NFC,East,2.0,1.0,55.0,69.0,1.0,0.0,0.0,0.0,0.0,3
WAS,NFC,East,1.0,2.0,75.0,92.0,0.0,2.0,0.0,0.0,0.0,3
CHI,NFC,North,2.0,1.0,89.0,53.0,0.0,1.0,0.0,0.0,0.0,3
DET,NFC,North,2.0,1.0,93.0,95.0,0.0,0.0,0.0,0.0,0.0,3
GB,NFC,North,1.0,2.0,56.0,91.0,0.0,1.0,0.0,0.0,0.0,3
MIN,NFC,North,3.0,0.0,71.0,41.0,2.0,0.0,0.0,0.0,0.0,3
ATL,NFC,South,1.0,2.0,51.0,68.0,0.0,1.0,0.0,0.0,0.0,3
CAR,NFC,South,1.0,2.0,89.0,83.0,1.0,0.0,0.0,0.0,0.0,3
NO,NFC,South,1.0,2.0,81.0,83.0,0.0,0.0,0.0,0.0,0.0,3
TB,NFC,South,0.0,3.0,62.0,79.0,0.0,0.0,0.0,0.0,0.0,3
ARI,NFC,West,1.0,2.0,63.0,81.0,0.0,2.0,0.0,0.0,0.0,3
LA,NFC,West,1.0,2.0,61.0,63.0,0.0,1.0,0.0,0.0,0.0,3
SF,NFC,West,3.0,0.0,98.0,50.0,2.0,0.0,0.0,0.0,0.0,3
SEA,NFC,West,2.0,1.0,75.0,50.0,1.0,0.0,0.0,0.0,0.0,3
