Team,PF_avg,PA_avg,PointDiff_avg,pYds_avg,rYds_avg,TotalYds_avg,games_played
BUF,101.0,78.0,23.0,786.0,346.0,1132.0,3
MIA,36.0,86.0,-50.0,627.0,175.0,802.0,3
NE,36.0,51.0,-15.0,585.0,215.0,800.0,3
NYJ,64.0,61.0,3.0,783.0,224.0,1007.0,3
BAL,92.0,78.0,14.0,745.0,301.0,1046.0,3
CIN,80.0,63.0,17.0,743.0,197.0,940.0,3
CLE,54.0,71.0,-17.0,587.0,124.0,711.0,3
PIT,53.0,60.0,-7.0,700.0,253.0,953.0,3
HOU,54.0,75.0,-21.0,794.0,168.0,962.0,3
IND,72.0,91.0,-19.0,611.0,258.0,869.0,3
JAX,82.0,36.0,46.0,616.0,277.0,893.0,3
TEN,37.0,59.0,-22.0,504.0,173.0,677.0,3
DEN,60.0,70.0,-10.0,605.0,121.0,726.0,3
KC,88.0,50.0,38.0,812.0,416.0,1228.0,3
LV,88.0,54.0,34.0,661.0,308.0,969.0,3
LAC,44.0,76.0,-32.0,627.0,278.0,905.0,3
DAL,88.0,82.0,6.0,730.0,169.0,899.0,3
NYG,46.0,55.0,-9.0,479.0,177.0,656.0,3
PHI,55.0,69.0,-14.0,620.0,174.0,794.0,3
WAS,75.0,92.0,-17.0,554.0,242.0,796.0,3
CHI,89.0,53.0,36.0,654.0,431.0,1085.0,3
DET,93.0,95.0,-2.0,802.0,307.0,1109.0,3
GB,56.0,91.0,-35.0,844.0,68.0,912.0,3
MIN,71.0,41.0,30.0,462.0,262.0,724.0,3
ATL,51.0,68.0,-17.0,485.0,481.0,966.0,3
CAR,89.0,83.0,6.0,939.0,184.0,1123.0,3
NO,81.0,83.0,-2.0,917.0,179.0,1096.0,3
TB,62.0,79.0,-17.0,615.0,180.0,795.0,3
ARI,63.0,81.0,-18.0,652.0,230.0,882.0,3
LA,61.0,63.0,-2.0,872.0,362.0,1234.0,3
SF,98.0,50.0,48.0,789.0,273.0,1062.0,3
SEA,75.0,50.0,25.0,814.0,280.0,1094.0,3
