team,season,pressured_pct_allowed,hurry_rate_allowed,hit_rate_allowed
ARI,2018,0.26523788233043954,0.08660828810789864,0.08480394877231741
ARI,2019,0.2041032308764644,0.09967832205594773,0.025315129411034344
ARI,2020,0.17269934325144728,0.08405720246751859,0.04432107039196435
ARI,2021,0.22028256206840732,0.12463355485449362,0.03623068455072489
ARI,2022,0.18888926078527515,0.06784050915527487,0.05985927278406607
ARI,2023,0.20685760401065337,0.04895103606358973,0.0915858094092969
ARI,2024,0.1571382036227877,0.0690717378561704,0.03626266237448947
ARI,2025,0.24632382596440444,0.06999365546529525,0.09691429218271651
ATL,2018,0.21427254953434344,0.07941570017706436,0.07192365299054884
ATL,2019,0.2306980867636594,0.07424766010784441,0.09015787298809678
ATL,2020,0.24842782173079897,0.0803737070305526,0.10813916945928896
ATL,2021,0.2828957755374185,0.08197548041141105,0.13662580068568508
ATL,2022,0.18805442878459266,0.02861697829330758,0.08380686500182935
ATL,2023,0.1978631066861775,0.06036501559917279,0.07042585153236826
ATL,2024,0.19593528306472638,0.04856515563142791,0.0937809901848263
ATL,2025,0.1967697921661512,0.06731598153052541,0.08457648961527552
BAL,2018,0.2464518710753711,0.13258486735067432,0.05303394694026972
BAL,2019,0.16339091279030796,0.05797742066752863,0.049192962990630355
BAL,2020,0.23824688376798214,0.10389713728227792,0.060905218406852576
BAL,2021,0.22053226283693853,0.08606137086319551,0.05782248354870949
BAL,2022,0.1882645999960078,0.07599671926444351,0.043179954127524726
BAL,2023,0.16174215726466834,0.0385806980631319,0.05193555508498525
BAL,2024,0.19657838287896753,0.09495735444153518,0.058307147464100546
BAL,2025,0.21818683632916036,0.05752198412314228,0.07140660098045248
BUF,2018,0.2917145580486884,0.1390732195348398,0.08310472874642866
BUF,2019,0.22490848330330895,0.0765313589018204,0.08121695230397268
BUF,2020,0.21746851424364297,0.09650969567025576,0.07720775653620461
BUF,2021,0.24299941877184864,0.12529657530423444,0.08226542823005292
BUF,2022,0.18723796233181442,0.06506851173233268,0.06772436935406054
BUF,2023,0.18078660365841323,0.07258856055981744,0.07258856055981744
BUF,2024,0.16596954037613482,0.06337018814361511,0.07393188616755096
BUF,2025,0.18005192989291785,0.052120295495318325,0.05843790707050843
CAR,2018,0.20286637322468254,0.09338293370659989,0.057961820921337864
CAR,2019,0.23670662322421654,0.10644794890556483,0.049022081732825906
CAR,2020,0.19842098086370788,0.07420622048561433,0.0677535056607783
CAR,2021,0.28467492315863085,0.12094996735237165,0.08702497650963327
CAR,2022,0.18587908979885168,0.06056734386704156,0.05012469837272405
CAR,2023,0.23449917067703188,0.05862479266925797,0.0806090899202297
CAR,2024,0.2397632552899176,0.10298555931915923,0.0788483188537313
CAR,2025,0.2458252022409027,0.09800874076271285,0.08836853675326568
CHI,2018,0.2034665088868715,0.10491241864479312,0.04291871671832446
CHI,2019,0.2263560807796674,0.09922458335547064,0.05736421225238147
CHI,2020,0.20646425259839035,0.05837954728644141,0.09540072361442864
CHI,2021,0.2427492462166345,0.08549658986246246,0.06870261685376447
CHI,2022,0.2579471572782294,0.07198525319392449,0.06998566282742658
CHI,2023,0.2404609848830215,0.09098523752330544,0.06986366452682381
CHI,2024,0.22652981882535453,0.07354864247576447,0.0544259954320657
CHI,2025,0.2419440786996819,0.1380584855856942,0.06971270064228123
CIN,2018,0.22915551237584772,0.10936967636120004,0.05555285148505399
CIN,2019,0.1973328899731431,0.08099484289942441,0.04565163872513012
CIN,2020,0.24319892032762458,0.05695164589950702,0.11236405812605439
CIN,2021,0.2630442742813942,0.0868175683588838,0.0803386453470268
CIN,2022,0.17134794507961376,0.03352459795035921,0.07325745478041458
CIN,2023,0.21818263990954914,0.05490688951366137,0.09247476128616652
CIN,2024,0.21478215414627388,0.05265627004876392,0.0956127008780187
CIN,2025,0.20027530520809286,0.06139826874992628,0.08771181249989468
CLE,2018,0.26722069835637124,0.16504807839658223,0.04244093444483543
CLE,2019,0.2182914129436362,0.10999179721966165,0.040612355896490454
CLE,2020,0.18283702698269164,0.08500317921125136,0.05453034138080277
CLE,2021,0.23600613227192424,0.1054495484619236,0.05021407069615409
CLE,2022,0.2257481749150837,0.07094942640188344,0.08384932211131679
CLE,2023,0.2166228726585087,0.06151019840920618,0.08959094116123509
CLE,2024,0.25496342254454163,0.06176948896697658,0.10645380013457666
CLE,2025,0.3001558237088169,0.09478604959225798,0.12638139945634397
DAL,2018,0.2791464867822027,0.1175353628556643,0.0763979858561818
DAL,2019,0.18894387970936982,0.064022306347803,0.08900662102011636
DAL,2020,0.21842966328143054,0.07942896846597473,0.07801059402908234
DAL,2021,0.1938366246343717,0.06595829588252926,0.07672699725110546
DAL,2022,0.20233181603564998,0.06843576130617574,0.09075177042775477
DAL,2023,0.18455067243097426,0.04386860246310043,0.07412281105834212
DAL,2024,0.23261456649298962,0.10390117303353537,0.06978436994789688
DAL,2025,0.20885929736965017,0.07753110281146104,0.08227790502440764
DEN,2018,0.25633800246396304,0.12183966783780961,0.08069900077569207
DEN,2019,0.24511492311934968,0.11012409589420058,0.06394302342243904
DEN,2020,0.2768730301224617,0.1074918822828381,0.11726387158127792
DEN,2021,0.282965683471775,0.13149581761335424,0.0848897050415325
DEN,2022,0.27633441140928533,0.06717521603319643,0.112976499692194
DEN,2023,0.2524147243290162,0.07423962480265182,0.09238708864330004
DEN,2024,0.17144185665708894,0.07235160923143204,0.058195859599195335
DEN,2025,0.20095926796318025,0.09783543308733775,0.07007132369768784
DET,2018,0.21088179091143489,0.09106259152993779,0.05431803705294535
DET,2019,0.2325269518879267,0.09363501418305772,0.07178684420701092
DET,2020,0.22065645797106753,0.07511709207525703,0.07981191032996059
DET,2021,0.23322257874184216,0.08667055291081972,0.09139803761504625
DET,2022,0.1908250598669479,0.06895359306116604,0.08498931237771629
DET,2023,0.19844483652383255,0.0604533939079225,0.08936588664649413
DET,2024,0.21778956466284496,0.06628378054956151,0.09784748557316222
DET,2025,0.24155116229567097,0.06119296111490331,0.11916524006586435
GB,2018,0.26030826457070116,0.13015413228535058,0.057541826905102365
GB,2019,0.21504006447582735,0.08771371050987695,0.06932212604812855
GB,2020,0.1454719045451038,0.057582628882436926,0.05000596718737944
GB,2021,0.2319375093781651,0.10488893736210014,0.07091083089268742
GB,2022,0.19452060529249496,0.06664131847983623,0.07024355191117873
GB,2023,0.19183090094100402,0.07307843845371582,0.07307843845371582
GB,2024,0.22046153314267367,0.07602121832505988,0.09882758382257785
GB,2025,0.2166611107188193,0.05989006312552728,0.10392687424723852
HOU,2018,0.30931177351430833,0.12753613410305603,0.08649002197793455
HOU,2019,0.24190750004445766,0.09208978694874241,0.06734924717146833
HOU,2020,0.26568919324071205,0.11452120398306555,0.0763474693220437
HOU,2021,0.22651679477772302,0.07985124420221891,0.07496239251636877
HOU,2022,0.2290733223279636,0.060449904503212616,0.10817351332153836
HOU,2023,0.21439234548308114,0.07626036450069329,0.07338261489689354
HOU,2024,0.28550968304925467,0.10655385300402806,0.0901609525418699
HOU,2025,0.20467370616932304,0.07744410503704115,0.07606117458995112
IND,2018,0.1699425464838074,0.07113874038857054,0.07113874038857054
IND,2019,0.26949804851333764,0.10883575036115557,0.10538064717508715
IND,2020,0.1617364208725224,0.06792929676645941,0.06145983993155851
IND,2021,0.25729014432913183,0.0707979591778148,0.13123524140277865
IND,2022,0.24175245414451174,0.06553530383435559,0.08883674519768203
IND,2023,0.18762424983592213,0.06678151265346381,0.055651260544553174
IND,2024,0.23230279784887234,0.09043849381902665,0.08511858241790743
IND,2025,0.19494117023268132,0.05209634721735449,0.0941095304571565
JAX,2018,0.2410995580501741,0.08866241812167694,0.06999664588553442
JAX,2019,0.20171485199782374,0.09128701331288373,0.050060620203839466
JAX,2020,0.20940063416675908,0.08434192209494464,0.06252935603590723
JAX,2021,0.22733925216696005,0.10170440228521896,0.07777395468869686
JAX,2022,0.17905905007793413,0.07053841366706495,0.0651123818465215
JAX,2023,0.18286738383795437,0.05714605744936074,0.06714661750299887
JAX,2024,0.16498246541695938,0.04078218246261917,0.06488074482689413
JAX,2025,0.21226331537042542,0.08844304807101058,0.06191013364970741
KC,2018,0.32948829117132566,0.17870551385563424,0.10331412519778856
KC,2019,0.22002256355898503,0.10470953325999889,0.0742244792729106
KC,2020,0.21805929589622108,0.09085803995675878,0.09206948048951558
KC,2021,0.2105847780090443,0.09409107102531766,0.07504883046067004
KC,2022,0.1901703995741657,0.07221660743322748,0.0830490985482116
KC,2023,0.23130519608971523,0.08942211189035382,0.10253735496760571
KC,2024,0.2348821136656948,0.057713890786427864,0.10871686403955017
KC,2025,0.21061377855308244,0.04357526452822395,0.09877059959730763
LA,2018,0.22177377236857962,0.10606571721975547,0.06336393496245131
LA,2019,0.18556967232508598,0.07909527017134811,0.07301101861970595
LA,2020,0.2099650037690184,0.06856000123069989,0.09569833505118526
LA,2021,0.17053287709648512,0.048902810343845,0.07398117462273987
LA,2022,0.2667236544399323,0.07738278863380751,0.09220076943602598
LA,2023,0.17483347067200647,0.042967547877018536,0.07852689784420629
LA,2024,0.21459623355050456,0.0438590842293002,0.11121410643858265
LA,2025,0.18587820615712514,0.06771277510009559,0.07966208835305363
LAC,2018,0.23535607979392853,0.08786626978973332,0.09257339138561188
LAC,2019,0.20279747428434755,0.06337421071385861,0.08555518446370913
LAC,2020,0.28705990399352593,0.13114411857572253,0.1063724517336416
LAC,2021,0.19346018974377777,0.06899629144708158,0.08252497604454856
LAC,2022,0.21642162877263824,0.06678153116412837,0.09769890670307668
LAC,2023,0.19055930364502727,0.0564620158948229,0.07340062066326977
LAC,2024,0.2237328144598022,0.03891005468866125,0.10700265039381844
LAC,2025,0.28510653053818813,0.08263957406904004,0.11156342499320406
LV,2020,0.20117233771542403,0.09728826168204932,0.05771337557409706
LV,2021,0.21044438684099115,0.08768516118374631,0.06475211902799728
LV,2022,0.20186176531660882,0.060558529594982646,0.08850862017728232
LV,2023,0.1556569695050565,0.022483784484063716,0.06572183156880163
LV,2024,0.2233540649212036,0.07682241723404455,0.07682241723404455
LV,2025,0.2272990458384202,0.0384402798109093,0.08189450916237198
MIA,2018,0.3014403688151359,0.1186313709530535,0.0836253926390377
MIA,2019,0.28505309385200944,0.09076317416183384,0.11487214229857096
MIA,2020,0.18791837991167498,0.05782103997282307,0.075488579964519
MIA,2021,0.23065384833245695,0.1043084282267799,0.07051837401247091
MIA,2022,0.249492255979043,0.09483623765285261,0.09921329477529195
MIA,2023,0.15012421900109257,0.060359222072604225,0.04178715374257216
MIA,2024,0.1747984453546184,0.054719513328402275,0.054719513328402275
MIA,2025,0.2244042426388192,0.0997352189505863,0.05178559445511212
MIN,2018,0.26541680333717693,0.14628085183923956,0.058813950739488065
MIN,2019,0.23496348799691588,0.1087144496702148,0.06312451916335053
MIN,2020,0.30938414689365573,0.09788424986465945,0.14333050873039418
MIN,2021,0.26657740582080364,0.11248641979721773,0.10786369021651016
MIN,2022,0.23890098366982052,0.0483023846764118,0.1305469856119238
MIN,2023,0.270358298990669,0.06899769088824365,0.1365872656359109
MIN,2024,0.24391869635819083,0.07882738357917142,0.08031469270330674
MIN,2025,0.26443638189103413,0.051467483723758325,0.10648444908363791
NE,2018,0.1649377100605702,0.07068759002595866,0.06375743414106075
NE,2019,0.1840325525948765,0.08179224559772288,0.06134418419829216
NE,2020,0.2613725886372748,0.10655959382904281,0.08042233496531533
NE,2021,0.18725832514718524,0.05420635727944836,0.08213084436280053
NE,2022,0.1827567093566404,0.0647955605900816,0.049842738915447375
NE,2023,0.2018158849128266,0.0704753883822569,0.05605996803134072
NE,2024,0.23927808383158866,0.06926470847756513,0.08815508351690109
NE,2025,0.22128226388511732,0.07022730530485759,0.06095200083063111
NO,2018,0.1754453784886769,0.08852748455850669,0.049897309478431046
NO,2019,0.16662808968440015,0.08022833947767415,0.04474272778562596
NO,2020,0.18161568893338484,0.047378005808709094,0.09001821103654727
NO,2021,0.2603468460246393,0.10952522487933103,0.08438828802177964
NO,2022,0.18486055439363555,0.04764447278186483,0.06479648298333618
NO,2023,0.15421072818301565,0.04248662919327982,0.05822241778338346
NO,2024,0.23833214869054917,0.10096014632030208,0.07944404956351639
NO,2025,0.1889305430905186,0.07047409147027281,0.044983462640599665
NYG,2018,0.2452134413972151,0.1012494209640114,0.06960897691275783
NYG,2019,0.2702362339110005,0.09746224829577067,0.10927585414980348
NYG,2020,0.29766807163996784,0.10486034341862503,0.10824293514180648
NYG,2021,0.2320847796781786,0.08191227518053362,0.09404742705913119
NYG,2022,0.24866580990993273,0.07717214790308256,0.0928924002537105
NYG,2023,0.26727428339282344,0.07958166865067215,0.06156317763542562
NYG,2024,0.2507330214818622,0.07506976691073719,0.10359627833681731
NYG,2025,0.24918302808300583,0.07555872464452434,0.09645794635471193
NYJ,2018,0.24129823642155918,0.13271403003185755,0.0448125296211467
NYJ,2019,0.303957503169768,0.13125437636876344,0.08462453213249223
NYJ,2020,0.2811808143123454,0.10368542527767735,0.10368542527767735
NYJ,2021,0.2732422236196674,0.12028597887604923,0.07573561632936433
NYJ,2022,0.23388629725868879,0.08332199339840787,0.08916915082987509
NYJ,2023,0.2621251141257405,0.08353437702908215,0.08641487278870567
NYJ,2024,0.19894446752921424,0.05727189216750107,0.0813863730801331
NYJ,2025,0.2529021535804238,0.05911998395386529,0.09524886303678298
OAK,2018,0.24507981585441935,0.11361315966761162,0.04706830900515339
OAK,2019,0.2060910381490745,0.12081198788049195,0.03375629073131393
PHI,2018,0.22696018993681427,0.09491062488266779,0.07565339664560475
PHI,2019,0.23704837480853458,0.09735915393921957,0.07760512270517501
PHI,2020,0.2843416965800665,0.07497567123752998,0.11741473042858468
PHI,2021,0.26725159683360594,0.14006559593086576,0.07405767141172213
PHI,2022,0.17817388564436556,0.07238314104302351,0.03897553748470497
PHI,2023,0.21058991167822852,0.10237009595469442,0.04679775815071745
PHI,2024,0.22274383884321608,0.07372507341993771,0.05960750616931135
PHI,2025,0.19499573136498038,0.08531063247217892,0.04700789952548634
PIT,2018,0.16829863050484134,0.08139032130971835,0.053800381882695175
PIT,2019,0.2608922491578707,0.11858738598085032,0.08392338084798638
PIT,2020,0.18215481500898514,0.08095769555954896,0.08230699048554144
PIT,2021,0.17838181614856502,0.06279039928429489,0.058509235696729334
PIT,2022,0.19402659027449018,0.06728341436937967,0.06728341436937967
PIT,2023,0.22095798534672467,0.07476022060603467,0.08472825002017262
PIT,2024,0.2455255581116098,0.06138138952790245,0.09853328318952762
PIT,2025,0.1661622473944293,0.04952913143487797,0.06071312885565686
SEA,2018,0.31278094967650394,0.1545286834711299,0.06143911511502756
SEA,2019,0.2921228259037392,0.10754770704913784,0.10609435965658191
SEA,2020,0.27707422131311255,0.09426236395188364,0.10711632267259505
SEA,2021,0.27107099902697057,0.10561207754297554,0.08448966203438044
SEA,2022,0.21633562520576274,0.05336278755075481,0.09230320008779211
SEA,2023,0.23843976642168596,0.10968229255397555,0.06994233148369455
SEA,2024,0.22170238333429254,0.05951741834477652,0.08183645022406771
SEA,2025,0.23024138537475586,0.10539218344619106,0.07134240110203703
SF,2018,0.2830509767167709,0.09714175532291545,0.10551604457489093
SF,2019,0.20772443998384807,0.07321435179758579,0.06640371442106618
SF,2020,0.2763678410159061,0.07402710027211772,0.13818392050795306
SF,2021,0.20396552268423543,0.06227954891121692,0.08407739103014285
SF,2022,0.16989140290746432,0.031755402412610156,0.07938850603152539
SF,2023,0.1842402717396288,0.04263411246867444,0.08526822493734888
SF,2024,0.19196080844331156,0.06669824700148962,0.06832503351372106
SF,2025,0.19152577040640398,0.0648019523931442,0.0835225164178303
TB,2018,0.2263941051526267,0.09249027466601213,0.07730530419845791
TB,2019,0.23436645404674117,0.09176999706649504,0.07623968987062664
TB,2020,0.17718931243084046,0.05654978056303419,0.08545300173969611
TB,2021,0.1156773194997945,0.039727564272656696,0.0408960220453819
TB,2022,0.13282330661073555,0.03111176551242454,0.07299298831761142
TB,2023,0.17829985202053944,0.05805111461133842,0.05390460642481425
TB,2024,0.16377215004865092,0.07377123876065357,0.029508495504261427
TB,2025,0.15024038639955753,0.05634014489983408,0.0344300885498986
TEN,2018,0.2572580755903062,0.13447581224038735,0.031182797041249242
TEN,2019,0.25848748952241674,0.08505072235898872,0.07170943257718657
TEN,2020,0.23436061791395552,0.07030818537418666,0.11898308294093127
TEN,2021,0.2373788439119953,0.05132515544043141,0.10906595531091676
TEN,2022,0.2790047701780689,0.08408362936873309,0.10128255355779213
TEN,2023,0.27655734286521466,0.03130837843757147,0.13393028553850017
TEN,2024,0.23234800559071084,0.0539963674964328,0.09326645294838393
TEN,2025,0.27735597537553963,0.10940152362035176,0.08166592608279778
WAS,2018,0.28102452668969624,0.14640199893415312,0.06058013748999439
WAS,2019,0.3063605424653344,0.13024909290442363,0.08438673624793643
WAS,2020,0.2583610972841091,0.09267300228669131,0.09267300228669131
WAS,2021,0.2501320059051942,0.09498683768551679,0.08707126787839038
WAS,2022,0.24574797507174398,0.06024789066275014,0.10939748567709894
WAS,2023,0.22197180115410858,0.05410562653131397,0.077690130403938
WAS,2024,0.19104043888929106,0.07564688519777296,0.04615742147660724
WAS,2025,0.18230332790094825,0.04557583197523706,0.07362249780615218
