team,season,pressure_rate_forced,hurry_rate_forced,hit_rate_forced
ARI,2018,0.25690604903381675,0.10588695264231636,0.06596236394111511
ARI,2019,0.19568692683840816,0.07020828672828384,0.06572690672435083
ARI,2020,0.24281345992306727,0.08452367275802974,0.08606046680817574
ARI,2021,0.24644408045260524,0.08422772369899166,0.09670590498773117
ARI,2022,0.2248318844938495,0.07237738747404744,0.0970164981035104
ARI,2023,0.16032861232553827,0.06342670377713601,0.04052261630205912
ARI,2024,0.18265902289822192,0.058041184846163975,0.05462699750227198
ARI,2025,0.1758138371560983,0.06129289735717188,0.06613181030642229
ATL,2018,0.2050582297803291,0.10174644989100298,0.046959899949693684
ATL,2019,0.18342625841097282,0.08571320486494056,0.04971365882166553
ATL,2020,0.2289734127570901,0.09100225378807426,0.09540558864878754
ATL,2021,0.15953786857806182,0.06743353207938696,0.06414409149014856
ATL,2022,0.1430969524403432,0.029666441359583347,0.07678373057774514
ATL,2023,0.21574957297995762,0.06762300048625537,0.08372371488774476
ATL,2024,0.1902518797553721,0.07978304634902701,0.06444015282036797
ATL,2025,0.2294613578455716,0.08183586888198707,0.05616187080136368
BAL,2018,0.2868197203945663,0.14042215477650644,0.08066804636097177
BAL,2019,0.23402963004851896,0.06971095363147374,0.10290664583693741
BAL,2020,0.2653583198337861,0.09121692244286397,0.11609426492728143
BAL,2021,0.2201492946849315,0.08236878372565465,0.08985685497344142
BAL,2022,0.18574637867007532,0.05529854021475525,0.05813436278987091
BAL,2023,0.20002204238633178,0.04321463878717045,0.08025575774760227
BAL,2024,0.22343958977730008,0.05651707270837591,0.08937583591092003
BAL,2025,0.17064881546472638,0.04483146846954676,0.08387823133011975
BUF,2018,0.2761040782670042,0.1343706514232754,0.07546844805964782
BUF,2019,0.23736800229401428,0.09035298151836672,0.07044469745499779
BUF,2020,0.20797058628091114,0.06975410968428075,0.08267153740359201
BUF,2021,0.2617323258148609,0.11504717618235642,0.0805330233276495
BUF,2022,0.21539200536313644,0.0676551811717544,0.08560451495201576
BUF,2023,0.22434171166296993,0.060291835009423166,0.08833454896729441
BUF,2024,0.21989737413659896,0.06965693217991643,0.08877844297440331
BUF,2025,0.23680194875661043,0.08386735685129952,0.09373410471615828
CAR,2018,0.22474302710828198,0.12180728950143527,0.04288989066951946
CAR,2019,0.2621293315414465,0.10193918448834031,0.07443178549942309
CAR,2020,0.2123667852396866,0.07078892841322887,0.09595832518237692
CAR,2021,0.25114031491961913,0.09727265718717644,0.08489250081789944
CAR,2022,0.19783582194719188,0.06437514841138783,0.07850627855047297
CAR,2023,0.17235768881486235,0.032922255166883824,0.08714714602998659
CAR,2024,0.15306876802050473,0.04932215858438486,0.04932215858438486
CAR,2025,0.15802326524902452,0.05547625269380648,0.050432956994369525
CHI,2018,0.26821631980869337,0.13617136236441355,0.06189607380200616
CHI,2019,0.26222873371024363,0.1383538104238095,0.07239443568687708
CHI,2020,0.21440348747799884,0.07403861438089168,0.08792085457730887
CHI,2021,0.2169862358028192,0.06987692339412821,0.05700485855836775
CHI,2022,0.1624073671074518,0.08323377564256904,0.04060184177686295
CHI,2023,0.19017810967065485,0.06237841997197479,0.08215694337772289
CHI,2024,0.24314819362892443,0.0745417819884294,0.09938904265123918
CHI,2025,0.19978308506448442,0.0676188903295178,0.07222926921562128
CIN,2018,0.2342944327847134,0.11478854760593342,0.0660427260198521
CIN,2019,0.21456329584981068,0.07330912608201864,0.08582531833992428
CIN,2020,0.18347283454592367,0.05658507981322879,0.09773786513194065
CIN,2021,0.222475596743458,0.09337058723430103,0.0691633979513341
CIN,2022,0.22102505121671012,0.062163295654699725,0.10913111903825062
CIN,2023,0.2182575310457962,0.05144641803222339,0.09821588897060829
CIN,2024,0.22505648434327247,0.07042583863803084,0.09951477198852185
CIN,2025,0.19853227736866244,0.06840187707659798,0.07173855400716374
CLE,2018,0.24101171076994393,0.12050585538497197,0.06545997082640452
CLE,2019,0.2219382509233195,0.09016241443759855,0.06588791824286049
CLE,2020,0.19642810301741348,0.0895284551167803,0.05478606954907451
CLE,2021,0.24249159654581726,0.08875509416056056,0.08558526936911197
CLE,2022,0.17751454695352994,0.07278096425094727,0.04792892767745308
CLE,2023,0.2316001020678006,0.05708453219981001,0.09459722478825659
CLE,2024,0.25981050715438114,0.07226517417539077,0.11700075818872793
CLE,2025,0.2524932155334988,0.071124849446056,0.0871279405714186
DAL,2018,0.24397213212861804,0.10627006982289498,0.07783160043366956
DAL,2019,0.23270356178319226,0.09433928180399687,0.07704374680659744
DAL,2020,0.23993201891212335,0.0987955371991096,0.0864460950492209
DAL,2021,0.26291869251374983,0.10056999167192616,0.10344342000540978
DAL,2022,0.23829072402571597,0.07575716659777097,0.08264418174302288
DAL,2023,0.20516910218591156,0.049240584524618776,0.08206764087436463
DAL,2024,0.2887500464982874,0.12157896694664733,0.07936404786795034
DAL,2025,0.27261895937779385,0.11253457044083351,0.10619459464134993
DEN,2018,0.21769023963459364,0.08080925562193249,0.06596673928321019
DEN,2019,0.23248325202900025,0.11206027256074112,0.053521324208115166
DEN,2020,0.25468406487628303,0.10440464771325889,0.08384009589095032
DEN,2021,0.24211310518621734,0.1139355789111611,0.07120973681947569
DEN,2022,0.18566070378327185,0.059350552848750834,0.07152502522798178
DEN,2023,0.17885064779956072,0.039221633289377354,0.07373667058402943
DEN,2024,0.266385532501731,0.07689479288709762,0.10161097631509329
DEN,2025,0.28902201205064215,0.07811405731098436,0.11196348214574425
DET,2018,0.2233639256576105,0.0954700649988174,0.05043701547107334
DET,2019,0.18509870558006347,0.07737732774248555,0.0652397077044486
DET,2020,0.1791289183182636,0.07868279589680738,0.06026767345287373
DET,2021,0.21353841837099638,0.10398392546761563,0.053848818545729524
DET,2022,0.23228504189870255,0.09096477165263876,0.07959417519605892
DET,2023,0.2589832696579738,0.08632775655265794,0.10656082449468714
DET,2024,0.25043943487627157,0.10017577395050864,0.09878444375675158
DET,2025,0.23936531516754128,0.07867251617394713,0.07867251617394713
GB,2018,0.2357022867045875,0.121218318876645,0.040406106292215
GB,2019,0.2264162411022526,0.07749817648466364,0.07749817648466364
GB,2020,0.20334131605984976,0.06679094323133751,0.06827518641425613
GB,2021,0.23009268887099849,0.09232114059638828,0.07669756295699949
GB,2022,0.23499308655052945,0.07707773238857366,0.09399723462021178
GB,2023,0.2014218593045641,0.062082079922639616,0.07173929235505022
GB,2024,0.213741732808076,0.07772426647566401,0.06576668701786954
GB,2025,0.24804936579311956,0.08869643988966093,0.10372973478621364
HOU,2018,0.2375807146201316,0.11596201546934995,0.06080934957539083
HOU,2019,0.19610131177996198,0.07816625714306177,0.07268090576460129
HOU,2020,0.21601709621437906,0.0765414907846225,0.08334517885436672
HOU,2021,0.19434017969563386,0.07706593332757894,0.06366316231408696
HOU,2022,0.1941938313146123,0.05741382838866798,0.07092296448011927
HOU,2023,0.2331404697050277,0.06522382188176369,0.09436638059489215
HOU,2024,0.2358692403257225,0.06843119935375899,0.08590299493344215
HOU,2025,0.21213166023038083,0.06393008938449833,0.06683600253833916
IND,2018,0.2047481233439232,0.09601980956818468,0.04518579273796926
IND,2019,0.21624450864649034,0.0913032369840737,0.059267013480889946
IND,2020,0.22540268639952343,0.09702764646337102,0.0656802529905896
IND,2021,0.17247077941226957,0.04426241241553821,0.07784079424801547
IND,2022,0.2127856967236973,0.07917607319951527,0.061031556424626356
IND,2023,0.19593338131066532,0.04043069773077221,0.07619631495414762
IND,2024,0.2205366339390856,0.08161591964674822,0.07640639286078556
IND,2025,0.2320515045271574,0.09607227894436453,0.07833585821617416
JAX,2018,0.2628271072775182,0.11758054799257393,0.08126890817133786
JAX,2019,0.27078931790120325,0.09026310596706776,0.0989422507715935
JAX,2020,0.20021079963517693,0.0678975755284513,0.1027168450302212
JAX,2021,0.22874480815591075,0.09350152742139417,0.0818138364937199
JAX,2022,0.2417272777349991,0.07211753037397764,0.11886037413488906
JAX,2023,0.2172409208895932,0.07531018590839231,0.08399982274397604
JAX,2024,0.16011597811339146,0.0554247616546355,0.05234560822937798
JAX,2025,0.21357820164958058,0.08110564619604325,0.08786445004571353
KC,2018,0.252853657128866,0.1168004202981056,0.06545957621102622
KC,2019,0.22081827739393212,0.07959728603734763,0.07446197726074455
KC,2020,0.22556977602201003,0.07250457086421751,0.10204347010519502
KC,2021,0.23245662055966831,0.10747994283941653,0.07998507374096114
KC,2022,0.23894773962011362,0.07048958318793352,0.09199487975374375
KC,2023,0.24055146976375727,0.07289438477689614,0.08990307455817191
KC,2024,0.23955011906400459,0.058860886398583986,0.11087748368105355
KC,2025,0.2211166185270325,0.05388556249818439,0.10219675646207384
LA,2018,0.27357962375109285,0.13182852336192558,0.07938061621793369
LA,2019,0.26654596731667823,0.13248438612189925,0.05520182755079136
LA,2020,0.23138710753948247,0.0671308274960227,0.08141398228241051
LA,2021,0.22326017823797403,0.09436770420367975,0.05754128305102424
LA,2022,0.18300338613921638,0.05770377040425742,0.06264980786747948
LA,2023,0.18614172601964774,0.054410658374973955,0.06872925268417762
LA,2024,0.1865338829401022,0.060731961887475136,0.04771797005444475
LA,2025,0.2686017866877507,0.10262615434767834,0.10009217522798258
LAC,2018,0.20857914930004534,0.08774709039519149,0.056100598777253576
LAC,2019,0.21641262048846582,0.10150326447689105,0.05936983393931363
LAC,2020,0.22188735535385296,0.08174797302510373,0.09676290684604114
LAC,2021,0.23020727012438863,0.08854125774014947,0.08532157564050767
LAC,2022,0.19212092985377538,0.06024130851347194,0.06512573893348318
LAC,2023,0.18755874361118635,0.05851832800669014,0.05701785805780065
LAC,2024,0.20556731380962773,0.05831696845663198,0.07581205899362158
LAC,2025,0.21953846798580448,0.0790984186125325,0.059727377319667395
LV,2020,0.2270709809088612,0.10234185055047265,0.09114821064651471
LV,2021,0.23875614309307727,0.08759101107556681,0.10030583526395555
LV,2022,0.19664188830767065,0.052437836882045515,0.09995962655639926
LV,2023,0.18646818830649803,0.05438655492272859,0.06526386590727432
LV,2024,0.18208274529122026,0.06708311668623905,0.05590259723853254
LV,2025,0.19218536941329653,0.05491010554665615,0.07550139512665222
MIA,2018,0.24108311967708734,0.12231422983616931,0.06381611991452311
MIA,2019,0.16891972033249286,0.06334489512468483,0.06510447554481495
MIA,2020,0.23711038429556763,0.07574359498330632,0.0938561937836622
MIA,2021,0.27637802193698713,0.09212600731232905,0.11292865412479045
MIA,2022,0.2111857358553824,0.06950416623088534,0.0788604963004276
MIA,2023,0.2577254505627761,0.06636044535448728,0.10494209963035196
MIA,2024,0.20803687563791906,0.08321475025516763,0.0665718002041341
MIA,2025,0.208515081570799,0.08032958060514388,0.06152904046351446
MIN,2018,0.23756743084524734,0.11706221230055666,0.0344300624413402
MIN,2019,0.21379246936554097,0.07595258780091588,0.0632938231674299
MIN,2020,0.17467536721781246,0.061051584658652895,0.07631448082331613
MIN,2021,0.24727234020553196,0.11303878409395747,0.062171331251676606
MIN,2022,0.17788195480400848,0.05377826540586303,0.0675675642278792
MIN,2023,0.20489819173774276,0.08166232279402791,0.06087554971918444
MIN,2024,0.24119321444222083,0.0745259932265289,0.09756130022381966
MIN,2025,0.25948897932177595,0.07441228083492103,0.09349235284387515
NE,2018,0.24411913814552913,0.10751361006409314,0.08727575405202856
NE,2019,0.23870734901459606,0.09032169962714445,0.07096704970704207
NE,2020,0.24210947742581163,0.121964924718266,0.0764556244502563
NE,2021,0.22982281973092733,0.1021434754359677,0.0702236393622278
NE,2022,0.23318285173484918,0.09951115328812035,0.053468679378691535
NE,2023,0.20597863051993792,0.09172485890340985,0.056322281782795525
NE,2024,0.18484701444816282,0.06978917892430637,0.06224440282438136
NE,2025,0.21491831494681146,0.057046219399462306,0.09419259482236798
NO,2018,0.2643731703460818,0.11903713429195306,0.07612839983787696
NO,2019,0.2560800254025331,0.11537671474180063,0.06613055601054425
NO,2020,0.2536043144983174,0.07724729119776334,0.10785470846480165
NO,2021,0.23158584267044388,0.06872870169574463,0.09562254148973166
NO,2022,0.16989917844856417,0.04288717125886086,0.047835691019498645
NO,2023,0.18042802433407573,0.06546503537785049,0.06067491083800777
NO,2024,0.20854289722754382,0.08551759094942445,0.06451327036535529
NO,2025,0.23630456347958725,0.0969906790401291,0.05995787431571617
NYG,2018,0.24016750309118454,0.1110978925863983,0.08005583436372818
NYG,2019,0.2370127107878502,0.09029055649060959,0.08867822512470586
NYG,2020,0.24777227547386646,0.08311348481085394,0.10193163231519822
NYG,2021,0.19395166906910072,0.08030811297392453,0.06212514399869633
NYG,2022,0.23789039918089708,0.0669511901886357,0.1111104858449699
NYG,2023,0.21153523930337506,0.08813968304307294,0.06890920674276613
NYG,2024,0.22117784152871894,0.0669109436557469,0.0743454929508299
NYG,2025,0.22752643890054994,0.07530804667835103,0.0897287364678225
NYJ,2018,0.2410959200404043,0.09643836801616172,0.08399470762697957
NYJ,2019,0.21793797882036306,0.08250509198199459,0.0809483921332777
NYJ,2020,0.22935078306472112,0.09607938209468048,0.08523170992270042
NYJ,2021,0.21009396450219942,0.0799611357433744,0.07839327033664158
NYJ,2022,0.24595862405087998,0.05270541943947428,0.12138217810303167
NYJ,2023,0.2606404617712136,0.09369428364324672,0.08517662149386065
NYJ,2024,0.22396285368180924,0.08251263030382446,0.0707251116889924
NYJ,2025,0.1515011481992796,0.04803694942903987,0.05542724934119985
OAK,2018,0.17466147051306824,0.09812442163655519,0.05102469925100869
OAK,2019,0.2053897610671259,0.10524103459637857,0.045830773130680985
PHI,2018,0.24554428532320485,0.09463685996831854,0.08952135402408509
PHI,2019,0.24535857025627603,0.08228488636643404,0.09874186363972084
PHI,2020,0.2696921506328081,0.07873000670647193,0.108881924168525
PHI,2021,0.21360412197186762,0.0921716416727922,0.07461513849702225
PHI,2022,0.25940982487719483,0.06963105825651018,0.0860148366698067
PHI,2023,0.21398550323851112,0.08250043498352236,0.07218788061058207
PHI,2024,0.18941162038428533,0.05358355050344914,0.06479871223672919
PHI,2025,0.2032473903277053,0.05118823163808875,0.0873211010296808
PIT,2018,0.27221463321640954,0.10665719547075694,0.08277871887282628
PIT,2019,0.2997169521134255,0.11409679427045176,0.09366154753544548
PIT,2020,0.3313561620701468,0.11722505733613685,0.12660306192302778
PIT,2021,0.24931659006109078,0.09200969395111683,0.07123331144602593
PIT,2022,0.17290393919846628,0.04241040018075588,0.0652467695088552
PIT,2023,0.2190634066822006,0.0623822946181101,0.08559431122019757
PIT,2024,0.22433233669061714,0.05971436300397722,0.09844800387142191
PIT,2025,0.21679666180983834,0.06766265241198775,0.0787096160710878
SEA,2018,0.2771459981244236,0.11521799922026599,0.09341999936778322
SEA,2019,0.19601710896825805,0.08480172799335987,0.05977826727400778
SEA,2020,0.22952021016195132,0.07778184899932794,0.08925785950742551
SEA,2021,0.2083357415392812,0.09305663122087893,0.06805634223616519
SEA,2022,0.20041529632345778,0.0489564082622187,0.08108405118429972
SEA,2023,0.20901602788155857,0.06915971510786864,0.06915971510786864
SEA,2024,0.2269901112468061,0.05752489120638237,0.09950251451914788
SEA,2025,0.25588193002892673,0.10136385633996131,0.0852939766763089
SF,2018,0.29291891615928156,0.15810964224506677,0.07322972903982039
SF,2019,0.2630550426641897,0.11906701931115957,0.05953350965557978
SF,2020,0.2072713222870574,0.09285755238460172,0.06632682313185836
SF,2021,0.23028828380042948,0.0648512983116152,0.08602723245418342
SF,2022,0.21128981934762375,0.05086606762072424,0.09651510266496394
SF,2023,0.2010830048483402,0.05177586352382413,0.08549037930677937
SF,2024,0.19803371923054802,0.05658106263729943,0.07779896112628672
SF,2025,0.15382617446186664,0.06385237430492577,0.05659642267936602
TB,2018,0.19903756168777204,0.06294350241408175,0.0714493811186874
TB,2019,0.2417839671707828,0.08792144260755738,0.09066898768904355
TB,2020,0.2615777464865887,0.09637074870558532,0.10095983197727985
TB,2021,0.2663790848346552,0.09974547229491494,0.1067863291627913
TB,2022,0.21450426591920443,0.05473557130352113,0.0917190654275219
TB,2023,0.19795668821409576,0.06817051514657602,0.06030468647581725
TB,2024,0.22932612703988997,0.07333102899531366,0.0933304005394901
TB,2025,0.1937168139776684,0.06353911498467524,0.07283752205560332
TEN,2018,0.2380121938644592,0.1206822391425427,0.05196040851970588
TEN,2019,0.20914527070122332,0.10335667447444176,0.04620651329445632
TEN,2020,0.17270160703293871,0.06280058437561409,0.07564615845244424
TEN,2021,0.228785617370812,0.09365493108746689,0.06555845176122682
TEN,2022,0.21102556840613393,0.07536627443076212,0.08221775392446777
TEN,2023,0.1867818321963477,0.060150081554756034,0.05698428778871624
TEN,2024,0.16499789469013806,0.0444938142984642,0.06117899466038827
TEN,2025,0.24270420541757887,0.07976991366871473,0.09165053910873608
WAS,2018,0.2326675567678209,0.10322574701670927,0.054070629389704854
WAS,2019,0.28125526409608714,0.13158141010343258,0.07401454318318082
WAS,2020,0.24461952320060412,0.08413665129192753,0.08413665129192753
WAS,2021,0.22723497770729995,0.08786419138015598,0.08180459197462799
WAS,2022,0.22473861475294013,0.037174808455373555,0.11490395340751827
WAS,2023,0.1818928459847178,0.056097793621455026,0.0611975930415873
WAS,2024,0.2213714381905403,0.07938837783384894,0.07175487996520961
WAS,2025,0.19180489405228573,0.0487639561149879,0.07477139937631477
