team,season,ybc_per_att,ngs_attempts,ryoe_per_att,rush_pct_over_expected,avg_time_to_los,efficiency,pct_stacked_box,stuff_rate,aly
ARI,2018,2.2482821292440374,249,-0.1724054130615725,0.37597897468479535,2.619465110079119,4.095347928954187,25.70281124497992,0.17117117117117117,2.6684684684684687
ARI,2019,3.472459739276101,219,0.29640804001174953,0.3438554695255112,2.921068152591954,3.929990929676745,6.8493150684931505,0.17183098591549295,3.1011267605633805
ARI,2020,3.224306493435557,275,-0.40582956004977444,0.30979953379953384,2.7606751157771825,4.436258745259799,16.0,0.2,2.802380952380952
ARI,2021,2.683127164365673,265,-0.3486473965571028,0.34876310272536687,2.759282079748305,4.289226346194735,17.358490566037737,0.19438444924406048,2.790712742980561
ARI,2022,2.9950798028601415,187,0.14540750849605397,0.4089066014199704,2.782688711773901,4.149674542950378,14.973262032085561,0.1928020565552699,2.890745501285347
ARI,2023,3.6893237803104886,249,0.6509343303978876,0.4192153228297807,2.883201268353271,3.8322294365365446,24.899598393574298,0.2408256880733945,2.8073394495412844
ARI,2024,3.16708896273897,260,0.34957980325658594,0.40049003821256146,2.868571562612224,4.556305602400211,25.384615384615383,0.16985645933014354,3.1870813397129187
ARI,2025,2.746695990044959,146,-0.34411698440990524,0.33401413252339923,2.900107947230046,4.856901566045675,21.91780821917808,0.2147239263803681,2.6401840490797546
ATL,2018,3.1680714622283834,153,0.18258839123244322,0.34248366013071896,2.8167662750285296,4.679673084153245,25.49019607843137,0.24770642201834864,2.5027522935779816
ATL,2019,2.345405503556438,204,-1.103969636482606,0.2837635253463427,2.8641275045119565,4.8984995768371755,27.45098039215686,0.2127659574468085,2.5835866261398177
ATL,2020,2.1389281523699903,226,-0.40017534852692793,0.3549900559270679,2.857965484122564,4.778948612632027,19.469026548672566,0.18586387434554974,2.6793193717277486
ATL,2021,2.229616849698864,163,-0.13556130874795494,0.3149284253578732,2.830759569877974,5.119220928031894,41.104294478527606,0.19618528610354224,2.7806539509536785
ATL,2022,3.1292605269575238,338,0.811647405788508,0.4750129762275511,2.8462969328028587,4.013372414887004,38.16568047337278,0.162109375,3.204296875
ATL,2023,2.5303422819299306,334,0.1718281529217759,0.3812464357000285,2.9892446882791193,4.74091948634368,26.646706586826348,0.21205821205821207,2.781288981288981
ATL,2024,2.28760479789384,361,0.6529371699961386,0.4855774171765398,2.88034212008318,4.468013769149901,16.066481994459835,0.16352201257861634,3.248846960167715
ATL,2025,2.5625404242439958,390,0.6945805039639205,0.44681504254259674,3.0216895915503885,4.4710326432399246,17.692307692307693,0.16666666666666666,3.0233333333333334
BAL,2018,2.481317476418304,260,0.37199640747842483,0.42252479546597194,2.686331839496602,3.689294567721604,22.692307692307693,0.16698292220113853,3.0766603415559772
BAL,2019,3.4048984418117794,259,0.07236864513745557,0.3531176031176031,2.7123752617877614,3.5232112052538027,19.69111969111969,0.13978494623655913,3.3793906810035845
BAL,2020,3.6001344071008146,223,0.7116706374998295,0.43441088059922145,2.758270876930742,3.853360562703016,24.663677130044842,0.15245009074410162,3.2611615245009076
BAL,2021,3.138042396708791,185,0.05885523556534864,0.37567567567567567,2.813645941655942,3.842749004138054,35.13513513513514,0.15898617511520738,3.055990783410138
BAL,2022,3.585695512455827,244,0.7403008865835158,0.4336211943793911,2.9739386703346744,5.114759797351062,34.83606557377049,0.186,3.1724
BAL,2023,3.522668321520731,229,-0.03816215196209362,0.39737991266375544,2.754223161748489,4.078515794137752,28.820960698689955,0.1550695825049702,3.0910536779324054
BAL,2024,3.3240523520481124,378,1.7427068742495158,0.46546153792530603,2.7259145052568323,3.289453064513188,34.12698412698413,0.1607773851590106,3.2148409893992933
BAL,2025,3.307343244429258,299,1.1375434530790818,0.41793148648187955,2.802871676176166,3.6804627788674833,39.130434782608695,0.16335540838852097,3.0752759381898453
BUF,2018,2.1944581792372264,245,-0.7204072031510452,0.3555486997474575,2.842738834244726,5.322455537706259,19.183673469387756,0.2103960396039604,2.5668316831683167
BUF,2019,2.249021462995936,269,0.02202545464307155,0.3716339628979034,2.738698681501763,4.089660392542094,20.817843866171003,0.2146118721461187,2.7952054794520547
BUF,2020,2.2550317442704806,179,0.4834909225585832,0.4300854419980283,2.832416795262466,3.9971631840241124,10.05586592178771,0.19444444444444445,2.792676767676768
BUF,2021,2.834665070141855,214,-0.19727603207105818,0.3580680223203588,2.860243245281687,4.100162267554894,15.88785046728972,0.1598173515981735,3.1383561643835614
BUF,2022,3.6153675898313957,194,0.525984838586636,0.3881901035592667,2.728275365847682,3.3781848598365594,24.742268041237114,0.17587939698492464,3.008291457286432
BUF,2023,2.699470101984153,284,0.5089607114105975,0.43567719448001135,2.6070959770138726,3.7661545396112093,14.43661971830986,0.13465346534653466,3.0572277227722773
BUF,2024,2.703239774493542,282,1.0994611253280238,0.4283305520789876,2.6552598593808,3.5897802257451423,25.53191489361702,0.18147448015122875,2.985444234404537
BUF,2025,2.945300086143075,380,1.029964506107501,0.4562895241198972,2.610762318044653,3.5855100447992143,28.157894736842106,0.13333333333333333,3.257142857142857
CAR,2018,3.3007776770872606,219,0.34786729303032005,0.36621736330640436,2.76012060913465,3.8252340333979107,21.91780821917808,0.1693548387096774,3.149193548387097
CAR,2019,3.5269730512491093,278,0.7586236292176518,0.36382322713257964,2.655965737801906,4.150139077804692,24.100719424460433,0.19887955182072828,2.922408963585434
CAR,2020,2.2528119336741708,228,0.033690672071465144,0.3864128804918278,2.745498587596614,4.205512285423169,30.263157894736842,0.17318435754189945,2.893854748603352
CAR,2021,2.4265290231329857,219,-0.26812455029168875,0.4039688721046672,2.7548156816470097,4.314171088328374,28.310502283105023,0.21634615384615385,2.714903846153846
CAR,2022,2.8549066791772244,325,0.6014245817358932,0.45963539025077493,2.6790086656096435,3.785120189264459,28.0,0.175704989154013,3.0008676789587856
CAR,2023,2.4453572676798436,289,0.09732926011363649,0.4095059592464437,2.7669761666630177,4.388925975840732,17.301038062283737,0.19951338199513383,2.6148418491484184
CAR,2024,2.8120003509009033,261,1.0226418169684564,0.5083545468963543,2.610044490722458,3.5362754723405034,22.22222222222222,0.15598885793871867,3.0958217270194988
CAR,2025,2.5630475565145225,297,0.41134200922777464,0.44441675047735657,2.6834302571685593,3.660360682745518,21.21212121212121,0.1511627906976744,3.1376744186046515
CHI,2018,2.561482977773909,266,-0.4349666882283576,0.3371380941040384,2.5406777323344993,3.991579660580633,13.909774436090226,0.21678321678321677,2.6694638694638697
CHI,2019,2.3836308703654265,234,-0.1982166723553344,0.36221332714545385,2.6858625514045196,4.375509622096291,20.512820512820515,0.19452054794520549,2.6715068493150684
CHI,2020,2.2944992336508587,259,0.13124551434782275,0.3530421316135602,2.738054786419072,4.117969549637733,16.216216216216218,0.19736842105263158,2.775
CHI,2021,2.6377767026813133,319,-0.29016103737151566,0.35960930396667073,2.772479479072373,4.171448679061661,21.316614420062695,0.2181372549019608,2.7438725490196076
CHI,2022,3.493960529778774,263,0.2432113927437111,0.40439978272677896,2.7848653031379262,4.2273425652059196,23.954372623574145,0.1638655462184874,3.1136554621848735
CHI,2023,3.185331106210652,201,0.36821872806276656,0.4284060466896288,2.7323988517834135,3.8888210999632253,28.35820895522388,0.1794871794871795,2.9226495726495725
CHI,2024,2.5952619182835894,264,-0.6177353135684349,0.297008547008547,2.8293050223098346,5.084390356546007,24.242424242424242,0.18157181571815717,2.630081300813008
CHI,2025,3.2553224928562408,361,0.4840681404793993,0.46925089376612916,2.7545075634837164,3.9180562436141293,21.329639889196677,0.15625,3.1806640625
CIN,2018,2.7734275592968416,264,0.655602228331986,0.3954788267288267,2.770365532790247,3.84795297630573,19.318181818181817,0.20606060606060606,2.686969696969697
CIN,2019,2.0544797419183274,264,0.058025537089846764,0.37492784992784994,2.871434391199587,6.724143931698584,7.575757575757576,0.22099447513812154,2.619337016574586
CIN,2020,2.3237952440843377,245,-0.13882336586152047,0.36904842889536765,2.6518357291212684,4.489081711329867,9.795918367346939,0.1889763779527559,2.7711286089238842
CIN,2021,2.3138806536816174,381,-0.0023332243019833824,0.36927675707203267,2.902770776411494,4.3723256401042425,18.89763779527559,0.17791411042944785,2.8466257668711656
CIN,2022,2.5887461120328332,267,0.13064378930257428,0.41916354556804,2.656198916570939,4.438986274477061,22.09737827715356,0.16707616707616707,2.9115479115479115
CIN,2023,2.6817079914010202,260,0.11979773940022094,0.4084615384615385,2.623145351176601,3.9586508816812755,15.384615384615385,0.17507418397626112,2.7869436201780418
CIN,2024,2.7606418535815247,274,-0.0010193380917106515,0.35126943827356394,2.682886124232839,4.099768841009033,20.802919708029197,0.1531791907514451,2.90635838150289
CIN,2025,2.5599155732984467,243,0.3176481096050644,0.4444444444444444,2.652886119795842,5.195490023960289,17.28395061728395,0.10893854748603352,3.13463687150838
CLE,2018,2.229643504535811,272,0.22365360923337954,0.37533247053370894,2.952966344891109,4.253539052160944,36.029411764705884,0.2386058981233244,2.579088471849866
CLE,2019,2.2657883071676763,298,0.9555443011066843,0.3921140939597315,2.9572477700374327,3.795028638275093,13.087248322147651,0.1891891891891892,2.939459459459459
CLE,2020,2.522287293137536,409,0.8964030276806224,0.4079253217179292,2.988904028075173,4.287148750046114,31.295843520782395,0.19405940594059407,3.0075247524752475
CLE,2021,2.7365504365673177,340,1.0580796517297661,0.4684950343773873,3.150159355692126,3.7172301902772107,25.88235294117647,0.14672686230248308,3.2451467268623024
CLE,2022,2.935577724759664,370,0.8332734277818341,0.42000000000000004,3.0834040868654022,4.180259807991453,28.64864864864865,0.2024793388429752,2.911776859504132
CLE,2023,2.6249780125461855,313,0.06913910164769059,0.3867668008243088,2.9837359274555757,4.837374775858944,23.961661341853034,0.23856858846918488,2.4789264413518888
CLE,2024,2.637014432275166,184,-0.012711974768186394,0.40281840743797265,2.780975633059415,4.524618976754932,15.217391304347826,0.2222222222222222,2.5877492877492876
CLE,2025,2.0493449431176503,257,0.26638214057134807,0.37640566307881484,2.9997550639570827,4.666737870652987,43.190661478599225,0.2222222222222222,2.4684754521963823
DAL,2018,2.710606222283963,362,0.4154694279170388,0.40428561654379697,2.847045359133699,4.0283192210139624,26.795580110497237,0.1870824053452116,2.8648106904231625
DAL,2019,2.405418249099756,353,0.5785300221098674,0.4670357970641257,2.757863505785999,3.7998770689179935,16.997167138810198,0.12857142857142856,3.244285714285714
DAL,2020,2.180528863206609,277,0.1814810852464421,0.427789238439058,2.6359690645295335,3.84594793900573,23.826714801444044,0.19106699751861042,2.847394540942928
DAL,2021,2.807369586775845,317,0.1727102770403013,0.3843423926231497,2.8346311087667,3.790605181268234,17.665615141955836,0.15164835164835164,3.1874725274725275
DAL,2022,2.570912521773179,417,0.3885235518553469,0.3910571176758227,2.825526729213009,4.0060976188750255,23.26139088729017,0.17604355716878403,2.82032667876588
DAL,2023,2.6353868879313977,283,-0.10904267137419134,0.3722821348263044,2.597928992427236,3.90115238040974,10.954063604240282,0.17006802721088435,2.947619047619048
DAL,2024,2.5705316110834784,227,0.30712638662412706,0.4187143619963003,2.6894296828777953,3.6402207810565486,15.418502202643172,0.15441176470588236,3.0441176470588234
DAL,2025,2.791715067274529,279,0.6282768823132633,0.44037812572051394,2.7755220170200094,3.344003572694452,21.14695340501792,0.1380952380952381,3.155
DEN,2018,3.108123277100375,254,0.728147395545653,0.44531152355955506,2.6954597767978123,4.0258258837544165,27.559055118110237,0.19839142091152814,3.0482573726541555
DEN,2019,2.4394875919780183,281,-0.33859377336862034,0.32761246847493447,2.92939885395348,4.395455725943133,19.9288256227758,0.16666666666666666,2.892592592592593
DEN,2020,2.786923482886166,268,-0.07006726529994117,0.35774994077232886,2.95159469556401,4.361096346159779,20.895522388059703,0.21728395061728395,2.8464197530864195
DEN,2021,2.4118039115646863,321,0.22185688814513085,0.3796917775889738,2.8901949315995634,4.302591839444814,27.414330218068535,0.1756440281030445,2.908899297423887
DEN,2022,2.89353750109556,227,-0.17176275227287985,0.3716612071237622,2.7273970750859515,3.9309010369174664,22.90748898678414,0.17936117936117937,2.9855036855036854
DEN,2023,2.5623586436367978,206,-0.3825672962767991,0.3857795545402627,2.943932322531837,4.614118519921255,16.990291262135923,0.19298245614035087,2.743609022556391
DEN,2024,2.6192046011780667,159,-0.4959416707164826,0.33647798742138363,2.8954057738383208,4.609013884163938,25.157232704402517,0.18673218673218672,2.8122850122850123
DEN,2025,2.6651539207195905,269,0.17885237202027518,0.40894607251484577,2.9832171689500893,4.412779708279482,37.174721189591075,0.1836734693877551,2.8285714285714287
DET,2018,2.423850280994249,238,0.43504085074025134,0.419327731092437,2.8535206893013623,4.080163480996872,33.19327731092437,0.21465968586387435,2.737696335078534
DET,2019,2.200850639536124,233,-0.5698351828341376,0.30785407725321884,2.681267275017193,4.305512730450107,26.609442060085836,0.19086021505376344,2.799731182795699
DET,2020,2.796878918714366,195,-0.11170235456527225,0.32,2.6713790717829182,3.9495827388667757,26.666666666666668,0.18075801749271136,2.8116618075801747
DET,2021,2.7956977404322356,295,-0.08760363075616034,0.36147919876733436,2.890670299865081,4.2083155666909065,28.135593220338983,0.19128329297820823,2.864406779661017
DET,2022,3.086374260876701,295,0.15367199146080868,0.36000431326033466,2.6518282475283166,3.6415709204401443,26.10169491525424,0.1762114537444934,2.9700440528634364
DET,2023,2.8228081526019397,432,0.34053032477391604,0.39972810111699003,2.7011631644512897,3.963949304395152,21.75925925925926,0.15045871559633028,3.1761467889908257
DET,2024,2.8688951716369284,401,0.6101726408308638,0.4080304047573375,2.822236985307226,3.839588988716361,19.700748129675812,0.15839694656488548,3.1645038167938933
DET,2025,3.132270556496334,319,0.9012937556341335,0.3614378353222166,2.7893696501556606,4.412810429135581,27.586206896551722,0.18032786885245902,2.7957845433255266
GB,2018,3.399665594137495,177,0.33507119355693843,0.4226123217648642,2.675692229145619,3.848313248447331,11.299435028248588,0.18556701030927836,3.064948453608247
GB,2019,2.624354105859362,321,0.4207534988808897,0.41326032914817956,2.735236756620026,4.495862922132515,22.118380062305295,0.17777777777777778,3.0444444444444443
GB,2020,2.6276640376101192,310,0.698643115312066,0.4110356536502547,2.615026340724854,3.6791106371327786,18.387096774193548,0.13839285714285715,3.275223214285714
GB,2021,2.3418469802855513,300,0.2630888745563436,0.44350000000000006,2.623992223872132,3.836751552693275,18.0,0.13647058823529412,3.184
GB,2022,2.889978027727289,320,0.25932806349095283,0.4193082048160173,2.7303564182213074,3.887977389100155,12.5,0.14719626168224298,3.2644859813084115
GB,2023,2.751122528020972,283,0.07490350313072061,0.3963468221582849,2.6226557200767084,4.172035958265774,22.261484098939928,0.16846652267818574,2.955291576673866
GB,2024,2.5628576374667413,341,0.6582871560046976,0.46277915632754346,2.759384400177349,3.7808952534423512,20.234604105571847,0.1576923076923077,3.1453846153846152
GB,2025,2.4699315449956045,337,0.02023443405110468,0.4130575573453911,2.66489314028004,4.100161101641044,21.364985163204746,0.16919739696312364,2.9876355748373102
HOU,2018,2.8315360626670616,296,0.23493691348836462,0.35826692076692074,2.731644913854212,4.532716568096947,23.31081081081081,0.21204819277108433,2.586265060240964
HOU,2019,2.7676130705748982,261,0.2341739671194583,0.3937173713338262,2.7339910740140705,4.140224903021594,14.17624521072797,0.16945107398568018,2.9341288782816233
HOU,2020,2.7418083476518222,188,0.14718058138899967,0.34574468085106386,2.5628365732584752,4.196323667670936,18.085106382978722,0.16176470588235295,2.8400735294117645
HOU,2021,1.8085358864903431,227,-0.3084771976541555,0.3275282720216641,2.8027324402616474,5.110720522638076,31.277533039647576,0.18829516539440203,2.4603053435114504
HOU,2022,2.1932246813749727,267,-0.020714490744469953,0.3408239700374532,2.870637757365818,4.587958154692976,18.726591760299627,0.1945945945945946,2.5645945945945945
HOU,2023,2.3730984484380464,303,0.003264970394662191,0.3721971739508047,2.913730587533575,4.483738102708905,21.45214521452145,0.21651785714285715,2.5410714285714286
HOU,2024,2.6336880114072674,312,0.5828325913082253,0.40173328062689306,2.8422739886378157,4.694304062069122,25.96153846153846,0.23394495412844038,2.6272935779816513
HOU,2025,2.1992809293494924,333,0.39397482001506806,0.4061578735598343,2.7874930047536184,4.319951443979892,30.03003003003003,0.2079002079002079,2.7222453222453225
IND,2018,2.802971564879238,261,0.342593824131641,0.40785341594936797,2.764316859016379,3.704743238269068,23.754789272030653,0.18316831683168316,2.978217821782178
IND,2019,2.6487113449776056,297,0.17683154750197008,0.3665864999198332,3.023306002915633,4.241083629780691,12.121212121212121,0.19858156028368795,2.8827423167848703
IND,2020,2.6081044227439256,284,0.5982083817754626,0.39975352112676055,2.777964611526986,3.7587647273289826,26.760563380281692,0.1794871794871795,2.9292735042735045
IND,2021,2.7683399807011875,342,1.1250019380204235,0.4175462551240706,2.792629646804364,3.457708821628148,28.07017543859649,0.18872017353579176,3.0442516268980477
IND,2022,2.7139841065076635,312,0.2531479991533752,0.4020528083028083,2.7224976047055702,3.634731651904173,12.5,0.17518248175182483,2.868856447688564
IND,2023,2.4405324447240138,346,0.5799579434038791,0.38080526210883,2.7091485221065064,3.84074520657333,17.341040462427745,0.18906605922551253,2.9186788154897494
IND,2024,2.971749072787556,345,0.5478414320271255,0.3888733691937353,2.683311546154498,3.8295807399157638,20.0,0.20430107526881722,2.856559139784946
IND,2025,2.596299444487197,335,0.5668317088671916,0.37156183368869933,2.758929424538541,3.859253756685032,17.91044776119403,0.15517241379310345,2.9066502463054187
JAX,2018,2.5773775711311937,221,-0.379502495561468,0.36262111295382515,2.7212464789497317,5.060554885216711,29.86425339366516,0.20224719101123595,2.6769662921348316
JAX,2019,2.206901508789431,267,0.35357087140410876,0.3362852661698212,2.7546724995421994,4.0271503321502475,31.46067415730337,0.20552147239263804,2.5346625766871163
JAX,2020,2.332222240035308,268,0.11804217576643289,0.3636194029850746,2.675998441618097,3.842050556495039,19.029850746268657,0.1563517915309446,3.062540716612378
JAX,2021,2.987253273597747,187,-0.23067502871035725,0.35254368154651267,2.779552360980042,3.8313236117472678,16.577540106951872,0.1694915254237288,3.07909604519774
JAX,2022,3.5301794260249664,306,0.5572416805026363,0.39165917597290145,2.7431219485029046,3.940861238304377,25.163398692810457,0.2234513274336283,2.815265486725664
JAX,2023,2.483066264937957,262,-0.1926435760292002,0.3802141185923948,2.8174147971587806,4.367325395235052,23.282442748091604,0.2602040816326531,2.3040816326530615
JAX,2024,2.0360807257212454,260,0.2660557647657214,0.3569230769230769,2.6762025543900543,4.085162924849302,23.846153846153847,0.17894736842105263,2.758421052631579
JAX,2025,2.465541360919806,277,0.28996153815179865,0.3837732664447466,2.887275094227024,4.35183379973523,22.382671480144403,0.18262806236080179,2.7612472160356347
KC,2018,2.9305543571742576,290,0.35619147086424413,0.3885908209437621,2.7459622440107783,4.089058897450551,13.10344827586207,0.18974358974358974,2.962051282051282
KC,2019,2.4144253482896603,195,0.6088892851786945,0.30843822843822843,2.8660788411261935,4.419360958920057,12.307692307692308,0.18461538461538463,2.6425641025641022
KC,2020,2.8870015349983964,238,-0.5400143669043794,0.33928750987574513,2.8074621145894256,4.08554083022268,14.285714285714286,0.175,3.065
KC,2021,3.3796686595147283,250,-0.054644545097787614,0.4130444444444445,2.768903330371228,3.8224391856968,11.2,0.15764705882352942,3.195764705882353
KC,2022,3.372338581293905,219,0.5394281207084636,0.4289979426965728,2.817954258172066,3.78903090297508,19.634703196347033,0.16312056737588654,3.1463356973995276
KC,2023,2.9931563776938046,329,0.18516390271066901,0.3676683703851531,2.7946798369123553,3.9844217992317916,12.158054711246201,0.19318181818181818,2.770681818181818
KC,2024,2.489077554518081,274,-0.3966771211632643,0.3848760728322772,2.685412738250193,3.79300049385448,16.05839416058394,0.1506849315068493,2.937442922374429
KC,2025,2.8547952199674844,199,-0.2910507873916856,0.40840566468707173,2.701900295126426,4.214347084641887,23.618090452261306,0.14206128133704735,3.019777158774373
LAC,2018,2.3350001386705608,261,-0.4188693978913954,0.3224528926861584,2.800405838350666,4.3722708964180725,27.203065134099617,0.20952380952380953,2.8980952380952383
LAC,2019,2.13632608974263,199,-0.09327540563180058,0.3757702539848564,2.8369101765327494,4.434538291925289,15.577889447236181,0.20738636363636365,2.7639204545454543
LAC,2020,2.261414001912822,261,-0.03770061130764629,0.3658492422860239,2.775442715911039,4.208885385868018,14.942528735632184,0.20465116279069767,2.642790697674419
LAC,2021,2.7831208968819823,248,-0.15650037310048676,0.37939882697947214,2.697722106119686,3.8443310553364074,24.193548387096776,0.16,2.9448
LAC,2022,2.3408749156099913,223,0.31089276749945083,0.37940878254779603,2.797295967522761,4.639746410897617,18.83408071748879,0.2077922077922078,2.6711688311688313
LAC,2023,2.659184455237676,247,-0.25534777300612305,0.36331490709021075,2.7049763257884716,5.262628273808093,13.360323886639677,0.19160104986876642,2.495275590551181
LAC,2024,2.1743944701357343,264,0.3030035618327192,0.33342528930764226,2.760648275698418,4.1738115513680505,25.37878787878788,0.2261072261072261,2.6083916083916083
LAC,2025,2.7089752349327134,278,0.6452571796481693,0.41334730330664016,2.934690583570048,4.164970392688418,30.93525179856115,0.2246376811594203,2.6345410628019326
LV,2020,2.4383653478175917,298,0.0364482089828968,0.38874548270521425,2.6636356861004473,4.097245837449989,24.83221476510067,0.17577197149643706,2.9009501187648454
LV,2021,2.372738521456722,249,0.316212101419259,0.43815261044176707,2.652314382355708,3.8577800333856094,24.096385542168676,0.17293233082706766,2.869924812030075
LV,2022,2.77053028918847,340,0.47342492449070234,0.39911518845641875,2.78548631286803,3.5109190511076798,20.58823529411765,0.16040100250626566,3.1636591478696743
LV,2023,2.4664691009363056,308,-0.059727233161384084,0.3901657552973342,2.786055972952169,4.06207207432032,19.48051948051948,0.1918158567774936,2.727621483375959
LV,2024,2.2049975140350733,185,-0.35904109157477127,0.35855855855855856,2.7404181084981083,4.690425903622565,19.45945945945946,0.19943019943019943,2.619373219373219
LV,2025,1.7644118512373266,245,-0.14120215638610037,0.35455136995509673,2.8501976609669044,4.377930048821598,16.3265306122449,0.2719298245614035,2.345029239766082
MIA,2018,2.967229992988615,204,0.6165469168141787,0.39671602906897024,2.5999595978640095,3.5316928397019485,8.823529411764707,0.1977077363896848,2.9802292263610313
MIA,2019,2.0439239976304187,143,-1.035386955121943,0.2952047952047952,2.76839978942626,5.775585901024112,21.678321678321677,0.2833333333333333,2.1043333333333334
MIA,2020,2.7025384890670137,223,0.11301894958431259,0.39225278370622607,2.6441847164046717,3.8229339927975614,21.076233183856502,0.17801047120418848,2.775392670157068
MIA,2021,2.0818720494369067,234,-0.5487108998004114,0.3307951307951308,2.77810175010175,4.178289492366779,22.22222222222222,0.19143576826196473,2.6919395465994964
MIA,2022,2.7666870131808925,210,-0.29914059731758114,0.3057823129251701,2.7931798372682404,4.248926839765419,14.285714285714286,0.18666666666666668,2.9192
MIA,2023,3.3742999096559907,274,1.4022755965749403,0.42469159516796856,2.9254998582749843,4.1179037271107495,14.233576642335766,0.1917808219178082,3.0246575342465754
MIA,2024,2.561299764300222,246,-0.3539322172829795,0.33459625288893585,2.8430546249595032,4.707083064142012,17.88617886178862,0.28365384615384615,2.4403846153846156
MIA,2025,2.3198921277850677,271,0.5952772270661906,0.36611084907841557,2.850778768247354,4.421378787579877,26.568265682656826,0.22249388753056235,2.837652811735941
MIN,2018,2.527036855623555,225,0.16068214665867717,0.3534603174603174,2.7752627512487518,4.060881460327949,25.333333333333332,0.22054380664652568,2.648640483383686
MIN,2019,2.290361748147735,354,0.4596482824786935,0.4121699502097781,2.803915583747889,4.396058897735937,25.98870056497175,0.17729083665338646,2.8707171314741036
MIN,2020,2.6840775474515017,375,0.6214616600306867,0.4327563108397955,2.837055675507638,3.928008409656429,31.2,0.14285714285714285,3.286607142857143
MIN,2021,2.588004048397092,327,0.12514246947761096,0.37736638998106886,2.775248364086394,4.22911053398947,28.440366972477065,0.2336448598130841,2.6453271028037384
MIN,2022,2.6425560890819013,274,-0.023066364887335742,0.3329493723078049,2.8841457087731563,4.4221038306796,19.343065693430656,0.2398989898989899,2.7151515151515153
MIN,2023,2.5332118836472275,218,-0.13249436004986645,0.39602446483180426,2.8431448670655364,4.244192828688806,22.01834862385321,0.2062146892655367,2.701412429378531
MIN,2024,2.396498403148952,304,-0.0893080139844561,0.370628845752201,2.782822426720076,4.3212464537850535,18.75,0.18912529550827423,2.805673758865248
MIN,2025,2.560522462025713,211,0.3540079089499652,0.3951484160638563,2.8726537376525525,4.175457945457886,32.22748815165877,0.17391304347826086,3.0328804347826086
NE,2018,2.6761965519909103,352,-0.21104992887170626,0.3628517928150281,2.6970047193188567,3.971804728177614,33.23863636363637,0.15480427046263345,3.0596085409252667
NE,2019,2.471267472438985,268,-0.20176049784072914,0.3404133180252583,2.70077354788478,4.625675492889296,33.582089552238806,0.2106430155210643,2.7747228381374724
NE,2020,2.8387400037641153,221,0.48688572552540643,0.45384615384615384,2.651173797921535,3.7129556226931113,37.55656108597285,0.14712153518123666,3.1501066098081028
NE,2021,2.4826073415695205,289,0.6402450637211562,0.4320786977005174,2.65996757962281,3.80922575926587,35.6401384083045,0.17436974789915966,3.009243697478992
NE,2022,2.835173250156507,247,0.3723013631758139,0.3923751686909581,2.7061275181184086,4.150047382294745,19.02834008097166,0.20157068062827224,2.8814136125654453
NE,2023,2.176509541676624,250,-0.3500171526180936,0.3866012268433321,2.6160894720262196,4.011549068365572,17.2,0.20051413881748073,2.8241645244215934
NE,2024,2.447971484068633,242,0.5267755451570835,0.4349903998664329,2.900105521010452,4.433540899286475,22.727272727272727,0.20418848167539266,2.700261780104712
NE,2025,2.6216959669742246,285,0.722820754547259,0.4282651072124756,2.851366791662145,4.141769168171724,29.82456140350877,0.21285140562248997,2.683734939759036
NO,2018,2.2489936169918603,328,0.014487756048303164,0.36972255386889535,2.637657759066018,3.9189582269122263,27.134146341463413,0.15337423312883436,3.0190184049079756
NO,2019,2.5201350973073575,234,0.006919707436077555,0.35363247863247865,2.724576029062905,4.052912448950831,22.64957264957265,0.15938303341902313,3.043701799485861
NO,2020,2.91315329604345,328,0.45092465098666534,0.40321072996826224,2.6841676543835167,3.7558390729884956,19.817073170731707,0.13980582524271845,3.1489320388349515
NO,2021,2.5442025399555313,299,-0.6544139082288608,0.3079133510167993,2.750722580921494,4.6908190303279484,26.755852842809364,0.19172113289760348,2.7209150326797387
NO,2022,2.5268227150276057,221,0.02471438072160652,0.42081447963800905,2.727780003571571,3.8897561252716284,23.076923076923077,0.16326530612244897,3.093424036281179
NO,2023,2.4109413178568295,252,-0.45484808545175265,0.33499347874347873,2.6604962192967703,4.327682718666723,25.0,0.18791946308724833,2.8514541387024606
NO,2024,2.5718989122840616,237,-0.11716246608529678,0.3882676980778247,2.7524676235898804,4.6964475773697885,24.47257383966245,0.20098039215686275,2.971078431372549
NO,2025,2.187469776237244,197,-0.2096730652815667,0.3426395939086294,2.6662022064918367,4.1676511205403335,15.228426395939087,0.1806615776081425,2.6544529262086516
NYG,2018,2.2421147686064664,275,1.4190071129040045,0.3945498598857059,2.957526338943588,4.360473993944885,25.09090909090909,0.21613832853025935,2.4997118155619598
NYG,2019,2.861346954787711,248,0.34193888632184666,0.3496273255094464,2.8396862927797035,11.274150437191137,15.725806451612904,0.2006079027355623,2.7009118541033437
NYG,2020,2.878578065589704,188,-0.05512513284326,0.38788068418856897,2.6029139161370543,6.46748790298107,29.78723404255319,0.17746478873239438,2.859718309859155
NYG,2021,2.540743995650609,250,-0.3043327574468086,0.33057142857142857,2.7872240051188584,4.147000992411191,20.8,0.19736842105263158,2.667894736842105
NYG,2022,3.324633375566827,297,0.47023004317171985,0.3398687732021065,2.7196078509974266,4.088974867542725,19.19191919191919,0.16735537190082644,2.947314049586777
NYG,2023,2.7459538086154422,264,0.3151660837436138,0.36812621795910566,2.6879860130398088,4.0522147700199325,14.393939393939394,0.2388451443569554,2.4637795275590553
NYG,2024,2.8225001713125852,205,0.10633817971168677,0.32114150291300486,2.7319867148523276,4.21134921239529,21.463414634146343,0.1518324607329843,2.844502617801047
NYG,2025,2.7786840470569,295,0.2622487068938225,0.4205869570774855,2.7080980903020095,4.000961634148204,23.050847457627118,0.1504424778761062,2.963716814159292
NYJ,2018,2.196970748025164,253,0.5049838182346232,0.33673605077562546,2.954580797025961,4.814766525912855,29.24901185770751,0.2698412698412698,2.3407407407407406
NYJ,2019,1.566035757410876,256,-0.4550356657285062,0.39353553921568624,2.8101704782203343,4.586758425062758,16.015625,0.21606648199445982,2.607202216066482
NYJ,2020,2.1825752975713635,231,-0.27561039893159794,0.38876520305091733,2.6488508486802225,4.245398518011939,12.121212121212121,0.15217391304347827,3.020380434782609
NYJ,2021,2.654834043721953,172,0.10924254357775907,0.43525369978858347,2.7632460670466483,4.205345540082043,23.25581395348837,0.18258426966292135,2.810674157303371
NYJ,2022,3.0673334457446755,195,0.08116444823579452,0.37100050785392535,2.9722742173663446,4.78418479443627,21.025641025641026,0.224,2.5797333333333334
NYJ,2023,2.656013954316027,213,0.48673572246176133,0.3347678664580073,2.933787118671626,5.4024163840350345,20.187793427230048,0.2457627118644068,2.4567796610169492
NYJ,2024,2.193307026650817,235,0.015039755411189872,0.38447775628626696,2.855998512421384,5.084654038697906,13.617021276595745,0.18950437317784258,2.953061224489796
NYJ,2025,2.97677437623837,245,0.5888656112877779,0.42560296846011136,2.783986109751488,4.289722303087183,28.163265306122447,0.19444444444444445,2.742424242424242
PHI,2018,2.2096163535356315,209,-0.3954630733449279,0.3321452324222407,2.839429719962293,4.795854055595079,13.875598086124402,0.22141119221411193,2.6557177615571774
PHI,2019,2.353037642784587,297,-0.2954342660754876,0.3569732411837675,2.875921193800643,4.06926362485305,17.171717171717173,0.1891891891891892,2.8846846846846845
PHI,2020,3.154951010233293,191,-0.4034572569404481,0.3144421024002176,2.8917319240148007,3.9530270704441013,5.7591623036649215,0.18156424581005587,2.8986033519553076
PHI,2021,3.360640399844752,298,0.13189827409313876,0.4322060489845725,2.7043897292466963,3.730693762283706,21.140939597315437,0.14342629482071714,3.2237051792828684
PHI,2022,3.250181083517512,304,0.41737093364644484,0.43218623481781376,2.7701491968207046,3.7801066866657114,18.42105263157895,0.1717171717171717,3.127104377104377
PHI,2023,3.0159601344069555,260,-0.278051398280828,0.378887051862165,2.7528106225725004,3.887861202113716,22.692307692307693,0.1630901287553648,2.822961373390558
PHI,2024,3.2964764858879194,470,1.3600024152229653,0.4123178958033381,2.7747468290051818,3.6604238220395344,21.06382978723404,0.18668596237337193,2.8596237337192476
PHI,2025,2.740876596460347,333,0.18607670731794515,0.3723142750593731,2.958490205668342,4.555715303361642,31.23123123123123,0.23516483516483516,2.5912087912087913
PIT,2018,2.567586423907898,231,0.6822113016021021,0.41743626743626744,2.9033670415159505,3.688274442219906,25.974025974025974,0.1640378548895899,2.858044164037855
PIT,2019,1.684522073318819,221,0.012987242154029695,0.43127828054298645,2.7792800912452225,4.470118374022493,25.79185520361991,0.24033149171270718,2.5455801104972378
PIT,2020,2.1985325444827395,204,0.3557763253224427,0.36198338984716694,2.9167442570351465,4.197402646336674,19.607843137254903,0.20054945054945056,2.5285714285714285
PIT,2021,2.0087969412773976,323,-0.27778515605782267,0.33074934697225716,2.7809860725430617,4.568055647070701,14.551083591331269,0.17804878048780487,2.7897560975609754
PIT,2022,2.7501165464254385,299,-0.2853363043479512,0.3755656108597285,2.7199001509364273,4.347881113681736,27.090301003344482,0.15904139433551198,2.943137254901961
PIT,2023,2.4944716859902187,316,0.5648752910839911,0.4195066536838688,2.8062783015270525,3.970289023781266,18.037974683544302,0.19438444924406048,2.855939524838013
PIT,2024,2.4439229287119737,308,0.06576168385589877,0.36772149940825305,2.8330175741312353,4.4991107730487325,24.675324675324674,0.19262295081967212,2.828483606557377
PIT,2025,2.371478824378383,257,0.8751842419733618,0.4532310978866254,2.8581400590775163,3.9990754666656945,33.0739299610895,0.1775,2.877
SEA,2018,2.8670719631478963,330,0.4947546192872241,0.44517704517704515,2.8170489086287986,3.947681309560218,21.818181818181817,0.17315175097276264,3.0978599221789884
SEA,2019,2.484986016407892,346,0.43181300891985935,0.428837556847107,2.8204003728286575,4.248516531974329,22.254335260115607,0.20087336244541484,2.76353711790393
SEA,2020,3.2705342135249267,218,-0.37372727842758424,0.3788676020867062,2.847822381593942,4.707618892193893,11.46788990825688,0.17955801104972377,3.0563535911602213
SEA,2021,2.8659901234457794,258,0.6165350505406088,0.36338909288725685,2.721802473379301,3.95803031776356,15.116279069767442,0.17724867724867724,3.0211640211640214
SEA,2022,3.1173431349597536,270,0.2332378200236105,0.36018337218337215,2.9476116564286725,4.574262701150615,21.85185185185185,0.22388059701492538,2.6445273631840793
SEA,2023,2.9036493245350026,238,-0.1959372143638309,0.34122315592903835,3.0438900421149504,4.686686871792965,20.168067226890756,0.2034383954154728,2.6853868194842407
SEA,2024,2.590140792223958,214,0.2561687341489509,0.4276357080095398,2.984281940431564,4.475068916513308,18.22429906542056,0.22318840579710145,2.758840579710145
SEA,2025,2.543125306650723,424,0.47777951051511075,0.4028004097579569,3.1673289901017085,5.484845286558926,32.075471698113205,0.2137809187279152,2.7286219081272085
SF,2018,2.6238171095476557,257,0.326052366488297,0.38233243067301204,2.747393033144979,4.33030648624849,33.0739299610895,0.21717171717171718,2.7848484848484847
SF,2019,3.064455418155498,375,0.3733309976249352,0.3803722943722944,2.8929108478105774,4.543237661088874,35.46666666666667,0.18771929824561404,3.057719298245614
SF,2020,2.833170218408023,281,-0.32673466228490333,0.3664932931836846,2.837836737526017,5.595637263798331,24.199288256227756,0.20665083135391923,2.829691211401425
SF,2021,2.3829565180197974,361,-0.07622498536234223,0.37137278926060086,2.864454710091808,4.394595216166086,36.8421052631579,0.1735985533453888,2.9701627486437614
SF,2022,3.1100613388342278,306,0.8116063054020236,0.36254901960784314,2.7634219594939,3.874516412281553,38.56209150326797,0.1967799642218247,2.876923076923077
SF,2023,3.0333596196654713,383,1.1203416530284707,0.4578771777136488,2.784633962312088,3.843519776981066,36.81462140992167,0.15037593984962405,3.088345864661654
SF,2024,2.750108907283915,247,1.1485463039751656,0.4440465067995433,2.845643716004099,3.8576163790817777,31.983805668016196,0.18407960199004975,2.93955223880597
SF,2025,2.411305475080552,321,-0.5555320436733318,0.3529276927641414,2.7298552183488116,4.673861582426064,28.660436137071652,0.17819706498951782,2.80020964360587
TB,2018,2.2934026988189973,229,-0.06571881098664345,0.4073196090663339,2.7652145213795967,4.575107258509865,23.14410480349345,0.24922118380062305,2.458878504672897
TB,2019,1.9474293164488203,251,0.024006054605134736,0.37517121058250663,2.6451372648599745,4.194502344681291,28.286852589641434,0.2299168975069252,2.5130193905817175
TB,2020,2.1069085942656325,332,0.8812931566661797,0.44369786839666364,2.5504687433649367,3.643712321182668,24.698795180722893,0.1352549889135255,3.021951219512195
TB,2021,2.3841446074887234,243,0.22355106607692457,0.445022020070753,2.6197254550970963,3.9602867397043773,18.930041152263374,0.1517412935323383,3.075621890547264
TB,2022,2.332766449865455,227,-0.3280965428099845,0.3594035920027109,2.7893803225863114,4.038904503642519,22.026431718061673,0.1931216931216931,2.7240740740740743
TB,2023,2.2078218481588503,275,-0.4932546865272527,0.3616575529733424,2.7059603075250105,4.282169608086004,18.181818181818183,0.15690866510538642,2.672365339578454
TB,2024,2.92497217429185,295,1.0466516610872112,0.4587800008495816,2.7791057096262506,3.8489022263595216,19.661016949152543,0.17777777777777778,3.1306666666666665
TB,2025,2.841993706573835,302,-0.2635442250222004,0.37701434878587203,2.7314270608236506,4.237385289868206,20.52980132450331,0.19239904988123516,2.7479809976247034
TEN,2018,2.3004841125393054,291,0.6749322947246755,0.4181701030927835,2.8749358187334084,4.556880994603622,34.02061855670103,0.1922141119221411,2.7469586374695862
TEN,2019,2.2476813404007574,401,1.2071408367816718,0.43930092639059387,2.7085027799146557,3.772184274898201,35.411471321695764,0.1724137931034483,3.079310344827586
TEN,2020,2.78687811478797,407,0.8583948451758833,0.41475483748211023,2.791423284329327,4.35445928626307,30.22113022113022,0.15625,3.201171875
TEN,2021,2.4315188182932923,373,0.20895145873258628,0.36033847184986595,2.7401188432504355,4.166214903185109,41.28686327077748,0.1801470588235294,2.866544117647059
TEN,2022,2.437483484625171,361,0.19477211728050936,0.4036403244569229,2.696864190683335,4.229080482599919,37.39612188365651,0.17333333333333334,2.911111111111111
TEN,2023,2.5438802451850964,296,0.23168162586750224,0.3929278304278304,2.7969493464339052,5.061451379929051,34.12162162162162,0.1715686274509804,2.732107843137255
TEN,2024,2.239253927878783,265,0.05427908184117587,0.36968199515369327,2.967196277668759,4.263518586611549,20.754716981132077,0.19518072289156627,2.726987951807229
TEN,2025,2.6883730838906237,249,0.40588253082138803,0.4024988844265953,2.9004120824092827,4.081027157986624,22.48995983935743,0.16905444126074498,2.9077363896848136
WAS,2018,2.914762711752208,225,0.1256969038842136,0.37980246913580246,2.937297256771999,4.823744561901856,18.22222222222222,0.23013698630136986,2.5334246575342467
WAS,2019,2.0869080893715783,225,0.8166042551049174,0.41762962962962963,2.83130583060585,4.273315600984151,29.77777777777778,0.208955223880597,2.7417910447761193
WAS,2020,2.432224431008778,237,-0.11487865116417678,0.36173320350535537,2.759586643569622,4.469157989603799,17.72151898734177,0.16795865633074936,2.8431524547803617
WAS,2021,2.6700243159336954,267,0.05349668779859125,0.40074906367041196,2.696859709041643,4.287710635404266,18.352059925093634,0.16241299303944315,3.0552204176334103
WAS,2022,2.436477594250793,325,-0.012117085654801654,0.4189321266968326,2.7978733164266694,4.398998511175302,31.692307692307693,0.154,2.9064
WAS,2023,2.765031917805262,161,0.3447063513671071,0.43236714975845414,2.79967481702826,3.865723244974656,14.906832298136646,0.17337461300309598,2.961300309597523
WAS,2024,2.8779743923075043,254,0.22937165047403926,0.38155230596175477,2.676433883061512,3.9084841200455265,15.748031496062993,0.18809980806142035,2.911516314779271
WAS,2025,2.6337735750588744,209,0.7889759309159454,0.41148325358851673,2.7324815633564303,3.6996816788237092,26.794258373205743,0.19708029197080293,2.904866180048662
