team,season,stuff_rate_forced,aly_allowed,ybc_allowed_per_att,rush_pct_over_expected_allowed,pct_stacked_box_forced
ARI,2018,0.20166320166320167,2.8835758835758836,2.6672900404597373,0.41438437723267446,40.89068825910931
ARI,2019,0.2325,2.7135000000000002,2.4539018955863012,0.3629120555190594,38.13229571984436
ARI,2020,0.20959595959595959,2.8886363636363637,2.848785138443178,0.3744186046511628,29.302325581395348
ARI,2021,0.22863741339491916,2.8327944572748267,2.4240536572681974,0.4003995433789954,30.59360730593607
ARI,2022,0.2438423645320197,2.814039408866995,3.176745841731061,0.3920904955992675,33.333333333333336
ARI,2023,0.14495798319327732,3.1743697478991595,3.2846247961026793,0.4011593340752251,18.327974276527332
ARI,2024,0.21739130434782608,2.931159420289855,2.5026157680573964,0.4632121352477999,16.53543307086614
ARI,2025,0.16898148148148148,3.0625,2.726574188500876,0.42159439809987254,24.817518248175183
ATL,2018,0.14705882352941177,3.2211229946524065,3.0084149170208825,0.42064777327935227,28.74493927125506
ATL,2019,0.2152230971128609,2.7826771653543307,2.3790930611447743,0.3879424778761062,42.47787610619469
ATL,2020,0.21470588235294116,2.8391176470588233,2.5620925384186317,0.4047619047619047,21.354166666666668
ATL,2021,0.1320754716981132,3.189517819706499,2.685323219381426,0.3709438430730697,19.41747572815534
ATL,2022,0.12447257383966245,3.1837552742616033,2.914267253101376,0.4881971465629053,23.735408560311285
ATL,2023,0.22717149220489977,2.6841870824053453,2.4456663666477714,0.32468592667039603,16.39344262295082
ATL,2024,0.17293233082706766,3.020300751879699,2.581476450548523,0.39566055696933217,14.0625
ATL,2025,0.15587529976019185,3.022062350119904,2.8144426408230494,0.4424783074973189,25.475285171102662
BAL,2018,0.20055710306406685,2.5518105849582176,2.1789258601350423,0.3948589400795283,27.45098039215686
BAL,2019,0.1833810888252149,2.7412607449856736,2.6282274982947005,0.4560975609756098,22.926829268292682
BAL,2020,0.1717948717948718,2.8523076923076927,2.262129669414955,0.3616045183505501,30.952380952380953
BAL,2021,0.2342857142857143,2.471714285714286,2.233247277092764,0.35416666666666663,30.803571428571427
BAL,2022,0.18961038961038962,2.7735064935064933,2.4958989567950254,0.4548556430446194,24.015748031496063
BAL,2023,0.18518518518518517,2.7896296296296295,3.115709182745681,0.38324852031748585,28.96825396825397
BAL,2024,0.20876288659793815,2.753608247422681,2.2445948444750186,0.35360255213196395,29.761904761904763
BAL,2025,0.18157894736842106,2.791315789473684,2.635227995923756,0.41148325358851673,35.4066985645933
BUF,2018,0.2747524752475248,2.605940594059406,2.247627159870928,0.39790605166711357,34.07079646017699
BUF,2019,0.24281984334203655,2.7039164490861616,2.093133221397015,0.415916955017301,28.627450980392158
BUF,2020,0.19607843137254902,2.921132897603486,2.4785551193661797,0.38018353174603176,13.839285714285714
BUF,2021,0.228310502283105,2.596118721461187,2.3209478704140536,0.37421560740144816,14.15929203539823
BUF,2022,0.2512437810945274,2.5912935323383084,2.6460294716947854,0.3852116359896443,7.468879668049793
BUF,2023,0.2135678391959799,2.76356783919598,2.9076302489352783,0.4152143845089903,7.8838174273858925
BUF,2024,0.2457627118644068,2.71271186440678,2.7852145110240634,0.3646961370615807,8.550185873605948
BUF,2025,0.19205298013245034,2.8973509933774833,2.9902392125006223,0.40009672866815715,21.245421245421245
CAR,2018,0.2254335260115607,2.597976878612717,2.869501891861188,0.3348103509393832,33.17972350230415
CAR,2019,0.17412935323383086,3.099004975124378,3.0926852228776194,0.4180830039525692,42.29249011857708
CAR,2020,0.1771117166212534,3.052043596730245,2.5876215243785183,0.3994466024840851,25.572519083969464
CAR,2021,0.21867881548974943,2.730979498861048,2.4769421369406768,0.4080780115663836,38.372093023255815
CAR,2022,0.19469026548672566,2.818805309734513,2.7147979356408127,0.4433333333333333,36.86274509803921
CAR,2023,0.17647058823529413,2.9095860566448803,2.2227503141669054,0.3960467291416948,20.18633540372671
CAR,2024,0.11275415896487985,3.602402957486137,2.949169635449706,0.41425837036481483,19.700748129675812
CAR,2025,0.13390928725701945,3.017494600431965,2.703685294420995,0.33073929961089493,18.67704280155642
CHI,2018,0.22189349112426035,2.477810650887574,1.9241934639667315,0.3335932930395789,13.004484304932735
CHI,2019,0.15064935064935064,2.792987012987013,2.35727751829294,0.3356487621573828,15.517241379310345
CHI,2020,0.1864801864801865,2.84032634032634,2.510864398284914,0.36826576686716544,18.53146853146853
CHI,2021,0.16778523489932887,3.0333333333333337,2.945536433356004,0.38697397563676633,23.25581395348837
CHI,2022,0.1673469387755102,3.124081632653061,3.1975047479283822,0.39085385878489326,17.24137931034483
CHI,2023,0.22349570200573066,2.6166189111747853,2.319419989733405,0.4163956791507812,15.816326530612244
CHI,2024,0.1504424778761062,3.1823008849557524,2.832265447817937,0.4048973926836522,17.557251908396946
CHI,2025,0.16142557651991615,3.1763102725366874,3.230029622091194,0.37644080057873164,29.46708463949843
CIN,2018,0.14849187935034802,3.1243619489559165,3.029294651576816,0.41665425651190774,19.21708185053381
CIN,2019,0.21123595505617979,3.053258426966292,2.5229318403949597,0.4294847206239611,39.66244725738397
CIN,2020,0.15165876777251186,3.1400473933649287,2.8293126863244726,0.44506087224533825,20.06472491909385
CIN,2021,0.19037199124726478,2.8157549234135666,2.5351829639817467,0.39862739490992277,21.189591078066915
CIN,2022,0.1915367483296214,2.9298440979955456,2.8294293604223713,0.337447655225433,18.88888888888889
CIN,2023,0.14676616915422885,3.0432835820895523,3.161271767031549,0.41570593149540513,17.894736842105264
CIN,2024,0.1721698113207547,2.872877358490566,2.9400482947335895,0.4194880051758236,18.503937007874015
CIN,2025,0.11529411764705882,3.3830588235294115,3.088135144301142,0.49591951085246927,18.75
CLE,2018,0.23095238095238096,2.761904761904762,2.2126553903396933,0.3934142585758162,28.52112676056338
CLE,2019,0.18225419664268586,3.083453237410072,2.860414281945193,0.4509698832178847,18.385650224215247
CLE,2020,0.13942307692307693,3.1254807692307693,2.718344169685707,0.38670977011494256,21.120689655172413
CLE,2021,0.15594059405940594,2.9495049504950495,2.5351039045694086,0.37563025210084033,25.210084033613445
CLE,2022,0.16447368421052633,3.142324561403509,2.9614075441800254,0.45717258068163824,34.2560553633218
CLE,2023,0.27848101265822783,2.2767088607594936,3.112286021697485,0.43252766453115904,28.712871287128714
CLE,2024,0.25462962962962965,2.5465277777777775,2.6405125271596237,0.3957307060755336,43.67816091954023
CLE,2025,0.2116279069767442,2.6332558139534883,2.3054606773391213,0.43337368845843427,41.69491525423729
DAL,2018,0.2361111111111111,2.5375,2.2975628310614793,0.3363514419852448,23.943661971830984
DAL,2019,0.2087912087912088,2.61510989010989,2.5083768285068895,0.4197113350752768,22.97872340425532
DAL,2020,0.13822894168466524,3.3000000000000003,3.136569358380132,0.4028053350970018,20.13888888888889
DAL,2021,0.1572769953051643,3.062676056338028,2.932335206761356,0.4054497596704051,29.182879377431906
DAL,2022,0.1749502982107356,2.9582504970178927,2.8568789248209736,0.4024309514015396,29.705882352941178
DAL,2023,0.21171171171171171,2.8166666666666664,2.7449632191649984,0.40094398083119887,30.451127819548873
DAL,2024,0.12064965197215777,3.2951276102088167,3.4842883287420174,0.4634575855756337,23.481781376518217
DAL,2025,0.18877551020408162,2.8448979591836734,3.126154538318676,0.44595941143255724,28.063241106719367
DEN,2018,0.16120906801007556,2.8879093198992445,2.703106085363425,0.38504710517094415,47.111111111111114
DEN,2019,0.18295739348370926,2.8087719298245615,2.52142107232771,0.3855412040038832,13.865546218487395
DEN,2020,0.14030612244897958,3.089795918367347,3.157191768933964,0.3232773471145564,10.852713178294573
DEN,2021,0.13231552162849872,3.1585241730279896,2.725706340504294,0.4851020042949177,16.141732283464567
DEN,2022,0.15538847117794485,2.9817042606516293,2.6391333263877885,0.34933944773761705,16.917293233082706
DEN,2023,0.17209302325581396,3.157906976744186,3.2127473675270526,0.44972426470588234,10.661764705882353
DEN,2024,0.23317307692307693,2.582692307692308,2.348621999157816,0.3687049062049062,23.91304347826087
DEN,2025,0.20047169811320756,2.6374999999999997,2.274826068095478,0.42010582010582015,23.80952380952381
DET,2018,0.1554959785522788,2.899195710455764,2.6888406254126296,0.4046953046953047,16.883116883116884
DET,2019,0.12590799031476999,3.052784503631961,2.1086026102592013,0.3415617041267957,11.80327868852459
DET,2020,0.1297539149888143,3.202908277404922,2.4820564907846476,0.4233473980309423,23.417721518987342
DET,2021,0.15301724137931033,3.187284482758621,2.4514508102408343,0.4265963718820862,26.03174603174603
DET,2022,0.1848341232227488,3.0739336492890996,3.6083588115763288,0.39435994930291507,24.714828897338403
DET,2023,0.20608899297423888,2.6009367681498827,2.2922309143214634,0.37267543859649127,30.0
DET,2024,0.17827298050139276,2.7860724233983287,2.7322522277091217,0.4176748176748177,29.72972972972973
DET,2025,0.1525,3.04425,3.0172054181275567,0.36275699380637655,40.32921810699588
GB,2018,0.1588089330024814,3.075682382133995,2.2984412801541803,0.3897338403041825,15.209125475285171
GB,2019,0.14840182648401826,3.256164383561644,2.6973805988423525,0.45108647333527724,11.188811188811188
GB,2020,0.14285714285714285,3.0657635467980295,2.7444940466933394,0.3633535248780258,16.541353383458645
GB,2021,0.13941018766756033,3.185254691689008,3.1886061779100086,0.4063774209989806,14.220183486238533
GB,2022,0.1489841986455982,3.2401805869074494,3.1973961583097266,0.42954360991446583,19.21708185053381
GB,2023,0.18087318087318088,2.845322245322245,2.900977649727693,0.41886563542614497,23.56687898089172
GB,2024,0.2106537530266344,2.58910411622276,2.3643144288480196,0.40863553113553114,24.0
GB,2025,0.16025641025641027,2.95982905982906,2.510286900177345,0.4505376344086021,29.677419354838708
HOU,2018,0.24054054054054055,2.45972972972973,2.2543491905773405,0.36954832906285773,13.654618473895582
HOU,2019,0.15517241379310345,2.9108374384236453,2.890318920053957,0.2873337189126663,21.05263157894737
HOU,2020,0.15317286652078774,3.2630196936542673,3.07614303246518,0.43356038126067803,33.82789317507418
HOU,2021,0.20123203285420946,3.0874743326488705,2.6724418757886674,0.41225019177197303,31.20567375886525
HOU,2022,0.1984732824427481,3.088167938931298,3.2969952716103847,0.4082491022796212,25.19893899204244
HOU,2023,0.2334710743801653,2.40702479338843,2.1472242816386427,0.3710759477717281,19.333333333333332
HOU,2024,0.2149321266968326,2.5278280542986424,2.328389413651318,0.32104431676035106,25.249169435215947
HOU,2025,0.20689655172413793,2.6167487684729065,2.176701973944383,0.3698491502985229,28.187919463087248
IND,2018,0.24528301886792453,2.603301886792453,2.46011316059283,0.3461079415043609,16.387959866220736
IND,2019,0.20699708454810495,2.7577259475218656,2.193663305569068,0.3874766355140187,21.02803738317757
IND,2020,0.18548387096774194,2.714784946236559,2.339698102447096,0.3708133971291866,10.526315789473685
IND,2021,0.16971279373368145,2.8762402088772845,2.90330852391418,0.38557993730407525,21.182266009852217
IND,2022,0.20600858369098712,2.6744635193133046,2.7349792231962575,0.32849635265511024,15.737704918032787
IND,2023,0.21458333333333332,2.6389583333333335,2.6068673553672475,0.3547001625394258,15.170278637770897
IND,2024,0.1958762886597938,2.7643298969072165,2.3226957680482214,0.35419604867613586,19.314641744548286
IND,2025,0.19901719901719903,2.7235872235872236,2.4138112227714004,0.38319444444444445,23.333333333333332
JAX,2018,0.22281167108753316,2.524403183023873,2.5821216036994663,0.35094231867504283,21.844660194174757
JAX,2019,0.17632241813602015,2.9783375314861464,3.060260892442241,0.39484089352510404,17.56756756756757
JAX,2020,0.1879049676025918,2.957451403887689,3.1505704820879195,0.4230017427346804,39.76261127596439
JAX,2021,0.17920353982300885,3.0084070796460174,2.5267909682554,0.36712962962962964,44.791666666666664
JAX,2022,0.20930232558139536,2.7479915433403805,2.7356136506235993,0.40569765994523277,32.362459546925564
JAX,2023,0.1956521739130435,2.6831521739130433,2.890594712822138,0.423633262449052,38.967136150234744
JAX,2024,0.17225950782997762,2.9691275167785234,2.535067909793641,0.3943799734748011,19.310344827586206
JAX,2025,0.17391304347826086,2.783478260869565,2.460999301538915,0.27860696517412936,18.407960199004975
KC,2018,0.16233766233766234,3.292424242424242,2.756393304057521,0.38658301158301156,28.185328185328185
KC,2019,0.14189189189189189,3.2117117117117115,2.7096813967231976,0.38419649920557364,13.026819923371647
KC,2020,0.10964912280701754,3.257017543859649,2.671378651532936,0.40041637751561415,14.885496183206106
KC,2021,0.1473922902494331,3.2011337868480725,2.6318024943977187,0.4059432933478735,17.557251908396946
KC,2022,0.16473317865429235,2.976798143851508,2.8884611575236465,0.351507304491886,15.418502202643172
KC,2023,0.1673728813559322,2.9408898305084743,2.9462911811962207,0.42436974789915966,15.126050420168067
KC,2024,0.17582417582417584,2.728131868131868,2.8144683536187585,0.3617259552042161,20.948616600790515
KC,2025,0.17721518987341772,2.8068354430379747,2.715751439565896,0.42710683477106837,19.343065693430656
LA,2018,0.16824644549763032,2.956872037914692,2.860477793396599,0.3661773934678418,28.80658436213992
LA,2019,0.17359413202933985,2.881907090464548,2.084152847899873,0.4361615163261419,18.088737201365188
LA,2020,0.15196078431372548,2.920343137254902,2.439457744282201,0.309954563438884,6.620209059233449
LA,2021,0.1957894736842105,2.666105263157895,2.274184766983549,0.36072849709213345,14.141414141414142
LA,2022,0.1619047619047619,2.9683333333333333,2.5526180071973754,0.3820450764132083,13.553113553113553
LA,2023,0.16584158415841585,2.9007425742574258,2.944290233422853,0.331831290555155,16.438356164383563
LA,2024,0.15020576131687244,3.1135802469135805,2.8943048465349497,0.417927529484792,19.83240223463687
LA,2025,0.1522633744855967,2.9156378600823047,2.811324569746567,0.412497169384058,21.25
LAC,2018,0.21445783132530122,2.731084337349398,2.570547820345255,0.38324849170437403,24.019607843137255
LAC,2019,0.18766066838046272,2.8632390745501284,2.175486790598997,0.3412775187775188,11.11111111111111
LAC,2020,0.19121447028423771,3.08656330749354,2.7049513523246067,0.36646586345381527,16.06425702811245
LAC,2021,0.14468085106382977,3.2404255319148936,2.5794067004071004,0.4118960541374335,21.264367816091955
LAC,2022,0.16478555304740405,3.36117381489842,3.2574226638110253,0.4780912698412698,20.9375
LAC,2023,0.17688679245283018,2.8662735849056604,2.621287902916962,0.3635089632478142,14.50381679389313
LAC,2024,0.1608910891089109,3.073019801980198,2.5254412498713603,0.4018556311413454,13.492063492063492
LAC,2025,0.22164948453608246,2.757216494845361,2.6783837288205388,0.38782849239280776,29.87551867219917
LV,2020,0.19451371571072318,2.969326683291771,2.7066747705949443,0.4022414093842665,17.216117216117215
LV,2021,0.18594104308390022,2.7947845804988662,2.503419787303442,0.33774011299435025,13.220338983050848
LV,2022,0.16864608076009502,3.026365795724465,3.0339990270730066,0.3763568826859966,29.957805907172997
LV,2023,0.166270783847981,2.9985748218527317,2.770606784210734,0.3993703135194073,12.582781456953642
LV,2024,0.20393120393120392,2.71007371007371,2.5490957924430604,0.4580161476355248,25.88235294117647
LV,2025,0.21304347826086956,2.719782608695652,2.066872503411704,0.4091391286894563,51.02739726027397
MIA,2018,0.19047619047619047,2.8476190476190477,2.7065061954315244,0.3807198092912379,24.444444444444443
MIA,2019,0.1459227467811159,3.236480686695279,2.428787689762224,0.40175027123351603,7.122507122507122
MIA,2020,0.1724137931034483,3.115649867374005,2.77571182283946,0.41964285714285715,29.910714285714285
MIA,2021,0.18414322250639387,2.8879795396419436,2.575961476776737,0.3696172248803828,39.23444976076555
MIA,2022,0.20304568527918782,2.585279187817259,2.7999603552866636,0.31338448422847404,45.410628019323674
MIA,2023,0.16267942583732056,2.7377990430622012,2.5850608334100498,0.3892483743465511,12.096774193548388
MIA,2024,0.18181818181818182,2.8505347593582884,2.4732158198897682,0.44702282612360494,26.00896860986547
MIA,2025,0.19148936170212766,2.8205673758865246,2.8262437823698505,0.42607816711590296,38.113207547169814
MIN,2018,0.17164179104477612,2.888059701492537,2.597898002849702,0.37372342379574774,27.049180327868854
MIN,2019,0.16186252771618626,3.0893569844789357,2.35718199629795,0.37538543328017016,27.44360902255639
MIN,2020,0.10930232558139535,3.3579069767441863,2.628436524917315,0.40522184300341296,25.938566552901023
MIN,2021,0.12211981566820276,3.3389400921658985,2.7248687548798802,0.38258038258038257,24.829931972789115
MIN,2022,0.1872146118721461,2.932876712328767,2.9982876533986307,0.38947900492892,9.31899641577061
MIN,2023,0.15270935960591134,2.9066502463054187,2.306046541963092,0.4171098328630345,31.365313653136532
MIN,2024,0.1763157894736842,2.861578947368421,2.387202062013311,0.36904761904761907,23.333333333333332
MIN,2025,0.20570264765784113,2.7865580448065175,2.117803242732078,0.43352031534263186,31.701030927835053
NE,2018,0.18548387096774194,2.945967741935484,3.032616489303502,0.41662197193170647,24.336283185840706
NE,2019,0.17391304347826086,2.914130434782609,2.2980558062474854,0.4338596914175506,23.770491803278688
NE,2020,0.1089588377723971,3.3200968523002423,3.046987668774064,0.503030303030303,14.166666666666666
NE,2021,0.13901345291479822,3.0760089686098655,2.8604956693624835,0.42165741952311214,29.765886287625417
NE,2022,0.1375,2.9865,2.8587129045409703,0.3637877274240911,22.727272727272727
NE,2023,0.1686182669789227,2.5091334894613584,2.134207817529789,0.31502866502866506,15.202702702702704
NE,2024,0.1841541755888651,3.031049250535332,2.6583283460231293,0.4305623604986662,29.29936305732484
NE,2025,0.19696969696969696,2.7155844155844155,2.4688936729016207,0.36270352166023645,23.39622641509434
NO,2018,0.21690140845070421,2.4067605633802818,2.1248711712815305,0.36173469387755103,21.428571428571427
NO,2019,0.211864406779661,2.6836158192090394,2.660854353021599,0.3279403866809882,16.3265306122449
NO,2020,0.2116788321167883,2.562773722627737,2.2742534703682806,0.37182445031282246,21.31782945736434
NO,2021,0.1974025974025974,2.5275324675324677,2.3060325212375763,0.28344943550324286,25.96685082872928
NO,2022,0.1721132897603486,2.988888888888889,2.613584571633271,0.36894121066782937,19.784172661870503
NO,2023,0.18024691358024691,2.8935802469135803,2.9483119701965754,0.35773098083855054,18.725099601593627
NO,2024,0.1358313817330211,3.2156908665105384,3.0254977695576444,0.43145049232768534,25.185185185185187
NO,2025,0.1810344827586207,2.827155172413793,2.395754776261036,0.4088057445200302,16.19047619047619
NYG,2018,0.20843672456575682,2.778908188585608,2.5854351433006593,0.4076118963486454,20.49469964664311
NYG,2019,0.2127659574468085,2.573995271867612,2.195769277697085,0.349259475786807,16.720257234726688
NYG,2020,0.19329896907216496,2.8221649484536084,2.4588480596325675,0.34114437987677426,10.7981220657277
NYG,2021,0.13695652173913042,3.2930434782608695,2.772476832526423,0.3558926319582057,18.688524590163933
NYG,2022,0.13347022587268995,3.3763860369609855,3.672365185458198,0.4356302521008403,29.705882352941178
NYG,2023,0.1603563474387528,3.0841870824053452,2.9746268858140357,0.45023931467593437,23.591549295774648
NYG,2024,0.20659340659340658,2.7593406593406593,2.8860781755588176,0.44930773373887145,15.868263473053892
NYG,2025,0.18627450980392157,3.1088235294117648,3.683764996881686,0.44849335942752144,18.081180811808117
NYJ,2018,0.2225,2.82,2.8627767900795233,0.39652934611344537,13.671875
NYJ,2019,0.3172043010752688,2.0427419354838707,2.0117778502982646,0.3460608327100474,20.94240837696335
NYJ,2020,0.2111650485436893,2.5410194174757286,2.6450893796641717,0.34497789637181886,21.327014218009477
NYJ,2021,0.2079002079002079,2.8625779625779626,2.681685611003007,0.3465903290382457,15.277777777777779
NYJ,2022,0.19282511210762332,2.8405829596412557,3.0318884220789255,0.28743216843933145,16.236162361623617
NYJ,2023,0.21141649048625794,2.720507399577167,2.6825244776349635,0.36068334520866047,16.76829268292683
NYJ,2024,0.1838074398249453,2.875711159737418,2.1453861229126256,0.36851694001795793,20.401337792642142
NYJ,2025,0.1962025316455696,2.9272151898734178,2.292880463157062,0.4463208620128698,31.17283950617284
PHI,2018,0.27485380116959063,2.384502923976608,2.7637029291260355,0.38086021505376344,27.096774193548388
PHI,2019,0.2703488372093023,2.3209302325581396,2.4137062450767774,0.37354252400548693,42.79835390946502
PHI,2020,0.24036281179138322,2.4857142857142858,2.4200302167617225,0.3778883672595048,30.35019455252918
PHI,2021,0.16179775280898875,2.8604494382022474,2.298616300240634,0.33985541411283987,14.851485148514852
PHI,2022,0.1630901287553648,3.049785407725322,3.0865064319474413,0.4438755233837201,21.721311475409838
PHI,2023,0.17468354430379746,2.904050632911392,2.7467414341887233,0.3534178999295279,11.627906976744185
PHI,2024,0.19101123595505617,2.8611235955056182,2.4970516954615456,0.3502834008097166,8.097165991902834
PHI,2025,0.14660831509846828,3.0332603938730855,2.8281015400351186,0.4412735952600465,12.541254125412541
PIT,2018,0.1906158357771261,2.7821114369501467,2.536021188734936,0.33265902852369017,11.73469387755102
PIT,2019,0.21577726218097448,2.7048723897911833,1.9265343002001305,0.31007137192704204,2.0618556701030926
PIT,2020,0.20924574209245742,2.7124087591240875,2.5965462663215204,0.3182052870714581,20.44609665427509
PIT,2021,0.17436974789915966,2.999579831932773,3.0974290987162965,0.420477002328182,36.990595611285265
PIT,2022,0.19642857142857142,2.8637755102040816,2.929993554452329,0.35707846660676845,36.22641509433962
PIT,2023,0.18202247191011237,2.864494382022472,2.6583618612538675,0.3753238367314992,44.554455445544555
PIT,2024,0.1889400921658986,2.884562211981567,2.5425539018146686,0.34846730870421816,26.421404682274247
PIT,2025,0.15659955257270694,2.9431767337807604,2.4679636964784404,0.3643216524259257,27.899686520376175
SEA,2018,0.192,2.9957333333333334,3.0977114893935327,0.3906181923803069,34.801762114537446
SEA,2019,0.1925925925925926,2.938024691358025,2.592108967794455,0.34084352696551334,38.86255924170616
SEA,2020,0.20460358056265984,2.6457800511508953,2.421049381716986,0.42169638142178184,25.46583850931677
SEA,2021,0.18976545842217485,2.696588486140725,2.123647496425655,0.39125412541254123,37.62376237623762
SEA,2022,0.1673228346456693,3.0429133858267714,3.241806203275268,0.43394531394531394,25.925925925925927
SEA,2023,0.20253164556962025,2.820886075949367,2.9018767410108524,0.46968443113275554,21.51394422310757
SEA,2024,0.14390243902439023,3.106829268292683,2.834263708591959,0.4399111111111111,16.8
SEA,2025,0.19858156028368795,2.677777777777778,2.329129896742174,0.3317189450981876,13.08411214953271
SF,2018,0.16791979949874686,2.9343358395989974,2.4397311062071796,0.3134935580309172,19.587628865979383
SF,2019,0.2014388489208633,2.9424460431654675,2.838762957576292,0.368313843832516,15.352697095435685
SF,2020,0.20967741935483872,2.692204301075269,2.5355684737639046,0.357478698285597,25.130890052356023
SF,2021,0.20995670995670995,2.5450216450216447,2.2503312676586686,0.30890909090909086,13.6
SF,2022,0.20919540229885059,2.6158620689655177,2.2992106166490407,0.37717121588089325,30.87557603686636
SF,2023,0.21182266009852216,2.7864532019704433,3.068607123584439,0.3825503355704698,9.395973154362416
SF,2024,0.17225950782997762,3.0170022371364653,2.705591248796217,0.42475775193798454,22.868217054263567
SF,2025,0.1828193832599119,3.044933920704846,2.6966461195064317,0.4181244010442484,13.740458015267176
TB,2018,0.22422680412371135,2.7948453608247426,2.5649824961751437,0.43596379993438816,8.108108108108109
TB,2019,0.29141104294478526,2.1598159509202453,1.8489142963685823,0.27464170134073046,18.932038834951456
TB,2020,0.20253164556962025,2.570379746835443,2.260880880397054,0.3170051562664422,18.6046511627907
TB,2021,0.2695417789757412,2.5172506738544476,2.7207538353379457,0.38095238095238093,38.888888888888886
TB,2022,0.20842572062084258,2.828159645232816,2.8895336800126517,0.40824582061695464,35.39518900343643
TB,2023,0.205607476635514,2.708177570093458,2.639788950050428,0.3809427022841657,45.29616724738676
TB,2024,0.23243243243243245,2.5462162162162163,2.458863777420769,0.3695740412158322,38.308457711442784
TB,2025,0.23410404624277456,2.472832369942197,2.6989013300283116,0.37878231734796103,43.47826086956522
TEN,2018,0.16452442159383032,2.987660668380463,2.4064604560838654,0.4017400498798975,27.835051546391753
TEN,2019,0.18981481481481483,2.6974537037037036,2.444503004703698,0.35806216877266717,21.254355400696863
TEN,2020,0.17330210772833723,2.948946135831382,2.578868353960103,0.38687656576485907,21.908127208480565
TEN,2021,0.18911174785100288,2.7885386819484244,2.431919505163104,0.34257975034674065,22.815533980582526
TEN,2022,0.24857142857142858,2.2114285714285713,1.9673705356475364,0.3744588744588745,13.80952380952381
TEN,2023,0.19047619047619047,2.749206349206349,2.499665539027811,0.39088105623563624,10.679611650485437
TEN,2024,0.2234513274336283,2.6756637168141597,2.517254069834674,0.3757255431371644,18.38006230529595
TEN,2025,0.20304568527918782,2.6901015228426397,2.6447108598004054,0.37724609583058144,25.89641434262948
WAS,2018,0.16032608695652173,3.1407608695652174,3.1656453095066714,0.40220531247798214,37.34939759036145
WAS,2019,0.1575492341356674,3.0932166301969364,2.844879243563846,0.3179298834722472,29.66360856269113
WAS,2020,0.20581113801452786,2.8000000000000003,2.3652304051077446,0.36764174792343807,27.230046948356808
WAS,2021,0.18087855297157623,2.8198966408268733,2.5721146060706994,0.3624107142857143,22.916666666666668
WAS,2022,0.18829516539440203,2.7628498727735367,2.8182902497022986,0.3505716505716505,22.31404958677686
WAS,2023,0.174496644295302,2.9185682326621922,3.016569946238531,0.42624248179803736,23.333333333333332
WAS,2024,0.188212927756654,3.0739543726235743,3.103244146443228,0.43218837535014004,19.393939393939394
WAS,2025,0.15824175824175823,3.2360439560439564,2.6849817953360096,0.4059637672269252,14.153846153846153
